2026-09-25 02:36:52,223 [INFO] System korad, mode norag, 152 models, templates ['prompt1.jinja', 'prompt10.jinja', 'prompt11.jinja', 'prompt2.jinja', 'prompt3.jinja', 'prompt4.jinja', 'prompt5.jinja', 'prompt6.jinja', 'prompt7.jinja', 'prompt8.jinja', 'prompt9.jinja', 'security-incremental-1.jinja'], iterations 1-3, 20 trials, output /home/nkhajehn/watcher-mcp-server/llm_pipeline/services/results/korad/norag
2026-09-25 02:36:52,365 [INFO] 152 of 152 models have work left
2026-09-25 02:36:52,365 [INFO] [1/152] cogito:32b (CSV row 1)
2026-09-25 02:36:52,375 [INFO] Loaded cogito:32b (context length 131072)
2026-09-25 02:36:52,376 [INFO] cogito:32b | prompt1.jinja | iteration 1 | trial 1/20
2026-09-25 02:37:39,577 [INFO] cogito:32b | prompt1.jinja | iteration 1 | trial 2/20
2026-09-25 02:38:42,070 [INFO] cogito:32b | prompt1.jinja | iteration 1 | trial 3/20
2026-09-25 02:39:40,631 [INFO] cogito:32b | prompt1.jinja | iteration 1 | trial 4/20
2026-09-25 02:40:48,284 [INFO] cogito:32b | prompt1.jinja | iteration 1 | trial 5/20
2026-09-25 02:41:31,177 [INFO] cogito:32b | prompt1.jinja | iteration 1 | trial 6/20
2026-09-25 02:42:06,982 [INFO] cogito:32b | prompt1.jinja | iteration 1 | trial 7/20
2026-09-25 02:43:42,168 [INFO] cogito:32b | prompt1.jinja | iteration 1 | trial 8/20
2026-09-25 02:45:01,607 [INFO] cogito:32b | prompt1.jinja | iteration 1 | trial 9/20
2026-09-25 02:46:18,848 [INFO] cogito:32b | prompt1.jinja | iteration 1 | trial 10/20
2026-09-25 02:46:58,781 [INFO] cogito:32b | prompt1.jinja | iteration 1 | trial 11/20
2026-09-25 02:47:29,798 [INFO] cogito:32b | prompt1.jinja | iteration 1 | trial 12/20
2026-09-25 02:48:53,520 [INFO] cogito:32b | prompt1.jinja | iteration 1 | trial 13/20
2026-09-25 02:49:41,376 [INFO] cogito:32b | prompt1.jinja | iteration 1 | trial 14/20
2026-09-25 02:50:21,070 [INFO] cogito:32b | prompt1.jinja | iteration 1 | trial 15/20
2026-09-25 02:52:18,921 [INFO] cogito:32b | prompt1.jinja | iteration 1 | trial 16/20
2026-09-25 02:53:05,110 [INFO] cogito:32b | prompt1.jinja | iteration 1 | trial 17/20
2026-09-25 02:54:28,608 [INFO] cogito:32b | prompt1.jinja | iteration 1 | trial 18/20
2026-09-25 02:56:06,619 [INFO] cogito:32b | prompt1.jinja | iteration 1 | trial 19/20
2026-09-25 02:57:11,376 [INFO] cogito:32b | prompt1.jinja | iteration 1 | trial 20/20
2026-09-25 02:58:28,827 [INFO] cogito:32b | prompt10.jinja | iteration 1 | trial 1/20
2026-09-25 02:59:08,196 [INFO] cogito:32b | prompt10.jinja | iteration 1 | trial 2/20
2026-09-25 02:59:34,694 [INFO] cogito:32b | prompt10.jinja | iteration 1 | trial 3/20
2026-09-25 03:00:10,427 [INFO] cogito:32b | prompt10.jinja | iteration 1 | trial 4/20
2026-09-25 03:00:32,845 [INFO] cogito:32b | prompt10.jinja | iteration 1 | trial 5/20
2026-09-25 03:01:09,313 [INFO] cogito:32b | prompt10.jinja | iteration 1 | trial 6/20
2026-09-25 03:02:00,030 [INFO] cogito:32b | prompt10.jinja | iteration 1 | trial 7/20
2026-09-25 03:02:34,960 [INFO] cogito:32b | prompt10.jinja | iteration 1 | trial 8/20
2026-09-25 03:03:00,574 [INFO] cogito:32b | prompt10.jinja | iteration 1 | trial 9/20
2026-09-25 03:03:51,592 [INFO] cogito:32b | prompt10.jinja | iteration 1 | trial 10/20
2026-09-25 03:04:24,933 [INFO] cogito:32b | prompt10.jinja | iteration 1 | trial 11/20
2026-09-25 03:05:35,356 [INFO] cogito:32b | prompt10.jinja | iteration 1 | trial 12/20
2026-09-25 03:06:36,865 [INFO] cogito:32b | prompt10.jinja | iteration 1 | trial 13/20
2026-09-25 03:07:27,769 [INFO] cogito:32b | prompt10.jinja | iteration 1 | trial 14/20
2026-09-25 03:08:20,303 [INFO] cogito:32b | prompt10.jinja | iteration 1 | trial 15/20
2026-09-25 03:09:02,366 [INFO] cogito:32b | prompt10.jinja | iteration 1 | trial 16/20
2026-09-25 03:09:56,738 [INFO] cogito:32b | prompt10.jinja | iteration 1 | trial 17/20
2026-09-25 03:11:01,090 [INFO] cogito:32b | prompt10.jinja | iteration 1 | trial 18/20
2026-09-25 03:11:51,893 [INFO] cogito:32b | prompt10.jinja | iteration 1 | trial 19/20
2026-09-25 03:12:57,673 [INFO] cogito:32b | prompt10.jinja | iteration 1 | trial 20/20
2026-09-25 03:13:30,607 [INFO] cogito:32b | prompt11.jinja | iteration 1 | trial 1/20
2026-09-25 03:14:03,220 [INFO] cogito:32b | prompt11.jinja | iteration 1 | trial 2/20
2026-09-25 03:14:32,885 [INFO] cogito:32b | prompt11.jinja | iteration 1 | trial 3/20
2026-09-25 03:15:17,095 [INFO] cogito:32b | prompt11.jinja | iteration 1 | trial 4/20
2026-09-25 03:15:50,386 [INFO] cogito:32b | prompt11.jinja | iteration 1 | trial 5/20
2026-09-25 03:16:35,692 [INFO] cogito:32b | prompt11.jinja | iteration 1 | trial 6/20
2026-09-25 03:17:45,852 [INFO] cogito:32b | prompt11.jinja | iteration 1 | trial 7/20
2026-09-25 03:18:31,079 [INFO] cogito:32b | prompt11.jinja | iteration 1 | trial 8/20
2026-09-25 03:19:10,485 [INFO] cogito:32b | prompt11.jinja | iteration 1 | trial 9/20
2026-09-25 03:20:11,909 [INFO] cogito:32b | prompt11.jinja | iteration 1 | trial 10/20
2026-09-25 03:21:04,254 [INFO] cogito:32b | prompt11.jinja | iteration 1 | trial 11/20
2026-09-25 03:21:53,312 [INFO] cogito:32b | prompt11.jinja | iteration 1 | trial 12/20
2026-09-25 03:22:25,934 [INFO] cogito:32b | prompt11.jinja | iteration 1 | trial 13/20
2026-09-25 03:23:23,611 [INFO] cogito:32b | prompt11.jinja | iteration 1 | trial 14/20
2026-09-25 03:24:24,549 [INFO] cogito:32b | prompt11.jinja | iteration 1 | trial 15/20
2026-09-25 03:26:04,757 [INFO] cogito:32b | prompt11.jinja | iteration 1 | trial 16/20
2026-09-25 03:26:51,916 [INFO] cogito:32b | prompt11.jinja | iteration 1 | trial 17/20
2026-09-25 03:27:17,483 [INFO] cogito:32b | prompt11.jinja | iteration 1 | trial 18/20
2026-09-25 03:28:41,312 [INFO] cogito:32b | prompt11.jinja | iteration 1 | trial 19/20
2026-09-25 03:29:27,255 [INFO] cogito:32b | prompt11.jinja | iteration 1 | trial 20/20
2026-09-25 03:30:09,320 [INFO] cogito:32b | prompt2.jinja | iteration 1 | trial 1/20
2026-09-25 03:30:52,755 [INFO] cogito:32b | prompt2.jinja | iteration 1 | trial 2/20
2026-09-25 03:31:29,372 [INFO] cogito:32b | prompt2.jinja | iteration 1 | trial 3/20
2026-09-25 03:32:23,506 [INFO] cogito:32b | prompt2.jinja | iteration 1 | trial 4/20
2026-09-25 03:32:49,877 [INFO] cogito:32b | prompt2.jinja | iteration 1 | trial 5/20
2026-09-25 03:33:22,741 [INFO] cogito:32b | prompt2.jinja | iteration 1 | trial 6/20
2026-09-25 03:34:32,505 [INFO] cogito:32b | prompt2.jinja | iteration 1 | trial 7/20
2026-09-25 03:35:37,607 [INFO] cogito:32b | prompt2.jinja | iteration 1 | trial 8/20
2026-09-25 03:36:40,695 [INFO] cogito:32b | prompt2.jinja | iteration 1 | trial 9/20
2026-09-25 03:38:10,651 [INFO] cogito:32b | prompt2.jinja | iteration 1 | trial 10/20
2026-09-25 03:38:52,844 [INFO] cogito:32b | prompt2.jinja | iteration 1 | trial 11/20
2026-09-25 03:39:54,224 [INFO] cogito:32b | prompt2.jinja | iteration 1 | trial 12/20
2026-09-25 03:40:27,378 [INFO] cogito:32b | prompt2.jinja | iteration 1 | trial 13/20
2026-09-25 03:41:33,337 [INFO] cogito:32b | prompt2.jinja | iteration 1 | trial 14/20
2026-09-25 03:42:09,696 [INFO] cogito:32b | prompt2.jinja | iteration 1 | trial 15/20
2026-09-25 03:42:45,636 [INFO] cogito:32b | prompt2.jinja | iteration 1 | trial 16/20
2026-09-25 03:43:17,032 [INFO] cogito:32b | prompt2.jinja | iteration 1 | trial 17/20
2026-09-25 03:43:50,648 [INFO] cogito:32b | prompt2.jinja | iteration 1 | trial 18/20
2026-09-25 03:44:23,093 [INFO] cogito:32b | prompt2.jinja | iteration 1 | trial 19/20
2026-09-25 03:44:57,098 [INFO] cogito:32b | prompt2.jinja | iteration 1 | trial 20/20
2026-09-25 03:46:04,443 [INFO] cogito:32b | prompt3.jinja | iteration 1 | trial 1/20
2026-09-25 03:46:50,080 [INFO] cogito:32b | prompt3.jinja | iteration 1 | trial 2/20
2026-09-25 03:47:23,856 [INFO] cogito:32b | prompt3.jinja | iteration 1 | trial 3/20
2026-09-25 03:48:09,633 [INFO] cogito:32b | prompt3.jinja | iteration 1 | trial 4/20
2026-09-25 03:49:02,792 [INFO] cogito:32b | prompt3.jinja | iteration 1 | trial 5/20
2026-09-25 03:50:35,889 [INFO] cogito:32b | prompt3.jinja | iteration 1 | trial 6/20
2026-09-25 03:51:22,502 [INFO] cogito:32b | prompt3.jinja | iteration 1 | trial 7/20
2026-09-25 03:52:22,872 [INFO] cogito:32b | prompt3.jinja | iteration 1 | trial 8/20
2026-09-25 03:53:28,533 [INFO] cogito:32b | prompt3.jinja | iteration 1 | trial 9/20
2026-09-25 03:54:11,705 [INFO] cogito:32b | prompt3.jinja | iteration 1 | trial 10/20
2026-09-25 03:54:44,102 [INFO] cogito:32b | prompt3.jinja | iteration 1 | trial 11/20
2026-09-25 03:55:24,510 [INFO] cogito:32b | prompt3.jinja | iteration 1 | trial 12/20
2026-09-25 03:56:18,014 [INFO] cogito:32b | prompt3.jinja | iteration 1 | trial 13/20
2026-09-25 03:57:27,214 [INFO] cogito:32b | prompt3.jinja | iteration 1 | trial 14/20
2026-09-25 03:59:02,674 [INFO] cogito:32b | prompt3.jinja | iteration 1 | trial 15/20
2026-09-25 03:59:35,224 [INFO] cogito:32b | prompt3.jinja | iteration 1 | trial 16/20
2026-09-25 04:00:28,766 [INFO] cogito:32b | prompt3.jinja | iteration 1 | trial 17/20
2026-09-25 04:01:10,337 [INFO] cogito:32b | prompt3.jinja | iteration 1 | trial 18/20
2026-09-25 04:02:37,192 [INFO] cogito:32b | prompt3.jinja | iteration 1 | trial 19/20
2026-09-25 04:03:06,460 [INFO] cogito:32b | prompt3.jinja | iteration 1 | trial 20/20
2026-09-25 04:03:49,674 [INFO] cogito:32b | prompt4.jinja | iteration 1 | trial 1/20
2026-09-25 04:04:49,670 [INFO] cogito:32b | prompt4.jinja | iteration 1 | trial 2/20
2026-09-25 04:05:36,959 [INFO] cogito:32b | prompt4.jinja | iteration 1 | trial 3/20
2026-09-25 04:06:27,517 [INFO] cogito:32b | prompt4.jinja | iteration 1 | trial 4/20
2026-09-25 04:07:06,831 [INFO] cogito:32b | prompt4.jinja | iteration 1 | trial 5/20
2026-09-25 04:07:34,388 [INFO] cogito:32b | prompt4.jinja | iteration 1 | trial 6/20
2026-09-25 04:08:34,185 [INFO] cogito:32b | prompt4.jinja | iteration 1 | trial 7/20
2026-09-25 04:09:03,122 [INFO] cogito:32b | prompt4.jinja | iteration 1 | trial 8/20
2026-09-25 04:09:36,542 [INFO] cogito:32b | prompt4.jinja | iteration 1 | trial 9/20
2026-09-25 04:10:35,160 [INFO] cogito:32b | prompt4.jinja | iteration 1 | trial 10/20
2026-09-25 04:11:18,575 [INFO] cogito:32b | prompt4.jinja | iteration 1 | trial 11/20
2026-09-25 04:12:01,568 [INFO] cogito:32b | prompt4.jinja | iteration 1 | trial 12/20
2026-09-25 04:12:31,612 [INFO] cogito:32b | prompt4.jinja | iteration 1 | trial 13/20
2026-09-25 04:13:32,548 [INFO] cogito:32b | prompt4.jinja | iteration 1 | trial 14/20
2026-09-25 04:14:24,944 [INFO] cogito:32b | prompt4.jinja | iteration 1 | trial 15/20
2026-09-25 04:15:12,221 [INFO] cogito:32b | prompt4.jinja | iteration 1 | trial 16/20
2026-09-25 04:15:58,846 [INFO] cogito:32b | prompt4.jinja | iteration 1 | trial 17/20
2026-09-25 04:16:58,125 [INFO] cogito:32b | prompt4.jinja | iteration 1 | trial 18/20
2026-09-25 04:18:42,387 [INFO] cogito:32b | prompt4.jinja | iteration 1 | trial 19/20
2026-09-25 04:19:46,076 [INFO] cogito:32b | prompt4.jinja | iteration 1 | trial 20/20
2026-09-25 04:20:22,472 [INFO] cogito:32b | prompt5.jinja | iteration 1 | trial 1/20
2026-09-25 04:21:23,702 [INFO] cogito:32b | prompt5.jinja | iteration 1 | trial 2/20
2026-09-25 04:22:23,375 [INFO] cogito:32b | prompt5.jinja | iteration 1 | trial 3/20
2026-09-25 04:23:06,182 [INFO] cogito:32b | prompt5.jinja | iteration 1 | trial 4/20
2026-09-25 04:25:10,224 [INFO] cogito:32b | prompt5.jinja | iteration 1 | trial 5/20
2026-09-25 04:26:13,697 [INFO] cogito:32b | prompt5.jinja | iteration 1 | trial 6/20
2026-09-25 04:27:10,807 [INFO] cogito:32b | prompt5.jinja | iteration 1 | trial 7/20
2026-09-25 04:29:56,968 [INFO] cogito:32b | prompt5.jinja | iteration 1 | trial 8/20
2026-09-25 04:31:04,554 [INFO] cogito:32b | prompt5.jinja | iteration 1 | trial 9/20
2026-09-25 04:31:46,620 [INFO] cogito:32b | prompt5.jinja | iteration 1 | trial 10/20
2026-09-25 04:32:24,846 [INFO] cogito:32b | prompt5.jinja | iteration 1 | trial 11/20
2026-09-25 04:33:41,056 [INFO] cogito:32b | prompt5.jinja | iteration 1 | trial 12/20
2026-09-25 04:35:08,918 [INFO] cogito:32b | prompt5.jinja | iteration 1 | trial 13/20
2026-09-25 04:36:09,288 [INFO] cogito:32b | prompt5.jinja | iteration 1 | trial 14/20
2026-09-25 04:36:54,818 [INFO] cogito:32b | prompt5.jinja | iteration 1 | trial 15/20
2026-09-25 04:37:53,176 [INFO] cogito:32b | prompt5.jinja | iteration 1 | trial 16/20
2026-09-25 04:38:51,569 [INFO] cogito:32b | prompt5.jinja | iteration 1 | trial 17/20
2026-09-25 04:40:04,389 [INFO] cogito:32b | prompt5.jinja | iteration 1 | trial 18/20
2026-09-25 04:41:51,652 [INFO] cogito:32b | prompt5.jinja | iteration 1 | trial 19/20
2026-09-25 04:42:26,816 [INFO] cogito:32b | prompt5.jinja | iteration 1 | trial 20/20
2026-09-25 04:42:54,853 [INFO] cogito:32b | prompt6.jinja | iteration 1 | trial 1/20
2026-09-25 04:43:27,039 [INFO] cogito:32b | prompt6.jinja | iteration 1 | trial 2/20
2026-09-25 04:43:52,497 [INFO] cogito:32b | prompt6.jinja | iteration 1 | trial 3/20
2026-09-25 04:44:31,860 [INFO] cogito:32b | prompt6.jinja | iteration 1 | trial 4/20
2026-09-25 04:45:06,186 [INFO] cogito:32b | prompt6.jinja | iteration 1 | trial 5/20
2026-09-25 04:45:41,874 [INFO] cogito:32b | prompt6.jinja | iteration 1 | trial 6/20
2026-09-25 04:47:22,124 [INFO] cogito:32b | prompt6.jinja | iteration 1 | trial 7/20
2026-09-25 04:48:21,609 [INFO] cogito:32b | prompt6.jinja | iteration 1 | trial 8/20
2026-09-25 04:49:31,702 [INFO] cogito:32b | prompt6.jinja | iteration 1 | trial 9/20
2026-09-25 04:50:56,929 [INFO] cogito:32b | prompt6.jinja | iteration 1 | trial 10/20
2026-09-25 04:52:24,776 [INFO] cogito:32b | prompt6.jinja | iteration 1 | trial 11/20
2026-09-25 04:53:15,344 [INFO] cogito:32b | prompt6.jinja | iteration 1 | trial 12/20
2026-09-25 04:53:51,022 [INFO] cogito:32b | prompt6.jinja | iteration 1 | trial 13/20
2026-09-25 04:54:44,753 [INFO] cogito:32b | prompt6.jinja | iteration 1 | trial 14/20
2026-09-25 04:55:11,193 [INFO] cogito:32b | prompt6.jinja | iteration 1 | trial 15/20
2026-09-25 04:55:41,520 [INFO] cogito:32b | prompt6.jinja | iteration 1 | trial 16/20
2026-09-25 04:56:25,185 [INFO] cogito:32b | prompt6.jinja | iteration 1 | trial 17/20
2026-09-25 04:56:46,644 [INFO] cogito:32b | prompt6.jinja | iteration 1 | trial 18/20
2026-09-25 04:57:49,460 [INFO] cogito:32b | prompt6.jinja | iteration 1 | trial 19/20
2026-09-25 04:58:19,312 [INFO] cogito:32b | prompt6.jinja | iteration 1 | trial 20/20
2026-09-25 04:59:20,210 [INFO] cogito:32b | prompt7.jinja | iteration 1 | trial 1/20
2026-09-25 04:59:56,819 [INFO] cogito:32b | prompt7.jinja | iteration 1 | trial 2/20
2026-09-25 05:00:24,818 [INFO] cogito:32b | prompt7.jinja | iteration 1 | trial 3/20
2026-09-25 05:01:23,675 [INFO] cogito:32b | prompt7.jinja | iteration 1 | trial 4/20
2026-09-25 05:01:43,484 [INFO] cogito:32b | prompt7.jinja | iteration 1 | trial 5/20
2026-09-25 05:02:37,211 [INFO] cogito:32b | prompt7.jinja | iteration 1 | trial 6/20
2026-09-25 05:03:34,909 [INFO] cogito:32b | prompt7.jinja | iteration 1 | trial 7/20
2026-09-25 05:04:05,290 [INFO] cogito:32b | prompt7.jinja | iteration 1 | trial 8/20
2026-09-25 05:04:48,950 [INFO] cogito:32b | prompt7.jinja | iteration 1 | trial 9/20
2026-09-25 05:05:43,075 [INFO] cogito:32b | prompt7.jinja | iteration 1 | trial 10/20
2026-09-25 05:06:52,356 [INFO] cogito:32b | prompt7.jinja | iteration 1 | trial 11/20
2026-09-25 05:09:46,963 [INFO] cogito:32b | prompt7.jinja | iteration 1 | trial 12/20
2026-09-25 05:10:32,391 [INFO] cogito:32b | prompt7.jinja | iteration 1 | trial 13/20
2026-09-25 05:11:17,804 [INFO] cogito:32b | prompt7.jinja | iteration 1 | trial 14/20
2026-09-25 05:11:39,676 [INFO] cogito:32b | prompt7.jinja | iteration 1 | trial 15/20
2026-09-25 05:12:13,139 [INFO] cogito:32b | prompt7.jinja | iteration 1 | trial 16/20
2026-09-25 05:13:02,813 [INFO] cogito:32b | prompt7.jinja | iteration 1 | trial 17/20
2026-09-25 05:14:06,690 [INFO] cogito:32b | prompt7.jinja | iteration 1 | trial 18/20
2026-09-25 05:15:13,758 [INFO] cogito:32b | prompt7.jinja | iteration 1 | trial 19/20
2026-09-25 05:15:46,168 [INFO] cogito:32b | prompt7.jinja | iteration 1 | trial 20/20
2026-09-25 05:16:27,922 [INFO] cogito:32b | prompt8.jinja | iteration 1 | trial 1/20
2026-09-25 05:16:58,125 [INFO] cogito:32b | prompt8.jinja | iteration 1 | trial 2/20
2026-09-25 05:17:27,942 [INFO] cogito:32b | prompt8.jinja | iteration 1 | trial 3/20
2026-09-25 05:17:36,476 [INFO] cogito:32b | prompt8.jinja | iteration 1 | trial 4/20
2026-09-25 05:18:37,338 [INFO] cogito:32b | prompt8.jinja | iteration 1 | trial 5/20
2026-09-25 05:19:04,207 [INFO] cogito:32b | prompt8.jinja | iteration 1 | trial 6/20
2026-09-25 05:20:04,786 [INFO] cogito:32b | prompt8.jinja | iteration 1 | trial 7/20
2026-09-25 05:20:42,733 [INFO] cogito:32b | prompt8.jinja | iteration 1 | trial 8/20
2026-09-25 05:21:21,168 [INFO] cogito:32b | prompt8.jinja | iteration 1 | trial 9/20
2026-09-25 05:21:51,966 [INFO] cogito:32b | prompt8.jinja | iteration 1 | trial 10/20
2026-09-25 05:22:17,111 [INFO] cogito:32b | prompt8.jinja | iteration 1 | trial 11/20
2026-09-25 05:22:43,844 [INFO] cogito:32b | prompt8.jinja | iteration 1 | trial 12/20
2026-09-25 05:23:15,507 [INFO] cogito:32b | prompt8.jinja | iteration 1 | trial 13/20
2026-09-25 05:23:37,915 [INFO] cogito:32b | prompt8.jinja | iteration 1 | trial 14/20
2026-09-25 05:24:19,306 [INFO] cogito:32b | prompt8.jinja | iteration 1 | trial 15/20
2026-09-25 05:24:39,419 [INFO] cogito:32b | prompt8.jinja | iteration 1 | trial 16/20
2026-09-25 05:25:15,526 [INFO] cogito:32b | prompt8.jinja | iteration 1 | trial 17/20
2026-09-25 05:25:47,028 [INFO] cogito:32b | prompt8.jinja | iteration 1 | trial 18/20
2026-09-25 05:26:40,383 [INFO] cogito:32b | prompt8.jinja | iteration 1 | trial 19/20
2026-09-25 05:27:36,940 [INFO] cogito:32b | prompt8.jinja | iteration 1 | trial 20/20
2026-09-25 05:28:17,719 [INFO] cogito:32b | prompt9.jinja | iteration 1 | trial 1/20
2026-09-25 05:29:17,105 [INFO] cogito:32b | prompt9.jinja | iteration 1 | trial 2/20
2026-09-25 05:29:46,451 [INFO] cogito:32b | prompt9.jinja | iteration 1 | trial 3/20
2026-09-25 05:30:30,206 [INFO] cogito:32b | prompt9.jinja | iteration 1 | trial 4/20
2026-09-25 05:31:16,912 [INFO] cogito:32b | prompt9.jinja | iteration 1 | trial 5/20
2026-09-25 05:32:03,677 [INFO] cogito:32b | prompt9.jinja | iteration 1 | trial 6/20
2026-09-25 05:32:46,565 [INFO] cogito:32b | prompt9.jinja | iteration 1 | trial 7/20
2026-09-25 05:33:33,331 [INFO] cogito:32b | prompt9.jinja | iteration 1 | trial 8/20
2026-09-25 05:34:26,714 [INFO] cogito:32b | prompt9.jinja | iteration 1 | trial 9/20
2026-09-25 05:35:09,659 [INFO] cogito:32b | prompt9.jinja | iteration 1 | trial 10/20
2026-09-25 05:35:42,404 [INFO] cogito:32b | prompt9.jinja | iteration 1 | trial 11/20
2026-09-25 05:36:18,549 [INFO] cogito:32b | prompt9.jinja | iteration 1 | trial 12/20
2026-09-25 05:37:13,131 [INFO] cogito:32b | prompt9.jinja | iteration 1 | trial 13/20
2026-09-25 05:37:57,161 [INFO] cogito:32b | prompt9.jinja | iteration 1 | trial 14/20
2026-09-25 05:38:32,092 [INFO] cogito:32b | prompt9.jinja | iteration 1 | trial 15/20
2026-09-25 05:39:23,750 [INFO] cogito:32b | prompt9.jinja | iteration 1 | trial 16/20
2026-09-25 05:40:12,098 [INFO] cogito:32b | prompt9.jinja | iteration 1 | trial 17/20
2026-09-25 05:40:50,195 [INFO] cogito:32b | prompt9.jinja | iteration 1 | trial 18/20
2026-09-25 05:41:35,054 [INFO] cogito:32b | prompt9.jinja | iteration 1 | trial 19/20
2026-09-25 05:42:15,104 [INFO] cogito:32b | prompt9.jinja | iteration 1 | trial 20/20
2026-09-25 05:42:58,946 [INFO] cogito:32b | security-incremental-1.jinja | iteration 1 | trial 1/20
2026-09-25 05:44:00,841 [INFO] cogito:32b | security-incremental-1.jinja | iteration 1 | trial 2/20
2026-09-25 05:44:36,457 [INFO] cogito:32b | security-incremental-1.jinja | iteration 1 | trial 3/20
2026-09-25 05:45:29,961 [INFO] cogito:32b | security-incremental-1.jinja | iteration 1 | trial 4/20
2026-09-25 05:48:06,317 [INFO] cogito:32b | security-incremental-1.jinja | iteration 1 | trial 5/20
2026-09-25 05:49:26,390 [INFO] cogito:32b | security-incremental-1.jinja | iteration 1 | trial 6/20
2026-09-25 05:50:53,141 [INFO] cogito:32b | security-incremental-1.jinja | iteration 1 | trial 7/20
2026-09-25 05:51:31,185 [INFO] cogito:32b | security-incremental-1.jinja | iteration 1 | trial 8/20
2026-09-25 05:52:37,981 [INFO] cogito:32b | security-incremental-1.jinja | iteration 1 | trial 9/20
2026-09-25 05:53:23,692 [INFO] cogito:32b | security-incremental-1.jinja | iteration 1 | trial 10/20
2026-09-25 05:54:33,313 [INFO] cogito:32b | security-incremental-1.jinja | iteration 1 | trial 11/20
2026-09-25 05:55:33,976 [INFO] cogito:32b | security-incremental-1.jinja | iteration 1 | trial 12/20
2026-09-25 05:57:17,817 [INFO] cogito:32b | security-incremental-1.jinja | iteration 1 | trial 13/20
2026-09-25 05:57:45,388 [INFO] cogito:32b | security-incremental-1.jinja | iteration 1 | trial 14/20
2026-09-25 05:58:15,187 [INFO] cogito:32b | security-incremental-1.jinja | iteration 1 | trial 15/20
2026-09-25 05:59:02,360 [INFO] cogito:32b | security-incremental-1.jinja | iteration 1 | trial 16/20
2026-09-25 06:01:21,794 [INFO] cogito:32b | security-incremental-1.jinja | iteration 1 | trial 17/20
2026-09-25 06:02:09,297 [INFO] cogito:32b | security-incremental-1.jinja | iteration 1 | trial 18/20
2026-09-25 06:04:03,478 [INFO] cogito:32b | security-incremental-1.jinja | iteration 1 | trial 19/20
2026-09-25 06:04:43,150 [INFO] cogito:32b | security-incremental-1.jinja | iteration 1 | trial 20/20
2026-09-25 06:06:18,916 [INFO] cogito:32b | prompt1.jinja | iteration 2 | trial 1/20
2026-09-25 06:06:57,257 [INFO] cogito:32b | prompt1.jinja | iteration 2 | trial 2/20
2026-09-25 06:07:47,751 [INFO] cogito:32b | prompt1.jinja | iteration 2 | trial 3/20
2026-09-25 06:08:55,811 [INFO] cogito:32b | prompt1.jinja | iteration 2 | trial 4/20
2026-09-25 06:10:03,642 [INFO] cogito:32b | prompt1.jinja | iteration 2 | trial 5/20
2026-09-25 06:20:03,660 [WARNING] cogito:32b | prompt1.jinja | iteration 2 | trial 5 failed: Timed out after 600s (saved failed_cogito:32b_1790316603642512733.json)
2026-09-25 06:20:03,661 [INFO] cogito:32b | prompt1.jinja | iteration 2 | trial 6/20
2026-09-25 06:20:57,956 [INFO] cogito:32b | prompt1.jinja | iteration 2 | trial 7/20
2026-09-25 06:21:31,992 [INFO] cogito:32b | prompt1.jinja | iteration 2 | trial 8/20
2026-09-25 06:23:35,396 [INFO] cogito:32b | prompt1.jinja | iteration 2 | trial 9/20
2026-09-25 06:24:34,639 [INFO] cogito:32b | prompt1.jinja | iteration 2 | trial 10/20
2026-09-25 06:25:15,899 [INFO] cogito:32b | prompt1.jinja | iteration 2 | trial 11/20
2026-09-25 06:26:05,856 [INFO] cogito:32b | prompt1.jinja | iteration 2 | trial 12/20
2026-09-25 06:28:31,476 [INFO] cogito:32b | prompt1.jinja | iteration 2 | trial 13/20
2026-09-25 06:29:30,287 [INFO] cogito:32b | prompt1.jinja | iteration 2 | trial 14/20
2026-09-25 06:30:28,150 [INFO] cogito:32b | prompt1.jinja | iteration 2 | trial 15/20
2026-09-25 06:31:02,660 [INFO] cogito:32b | prompt1.jinja | iteration 2 | trial 16/20
2026-09-25 06:32:20,766 [INFO] cogito:32b | prompt1.jinja | iteration 2 | trial 17/20
2026-09-25 06:32:49,402 [INFO] cogito:32b | prompt1.jinja | iteration 2 | trial 18/20
2026-09-25 06:34:08,324 [INFO] cogito:32b | prompt1.jinja | iteration 2 | trial 19/20
2026-09-25 06:35:36,373 [INFO] cogito:32b | prompt1.jinja | iteration 2 | trial 20/20
2026-09-25 06:36:15,826 [INFO] cogito:32b | prompt10.jinja | iteration 2 | trial 1/20
2026-09-25 06:36:50,815 [INFO] cogito:32b | prompt10.jinja | iteration 2 | trial 2/20
2026-09-25 06:37:28,140 [INFO] cogito:32b | prompt10.jinja | iteration 2 | trial 3/20
2026-09-25 06:38:14,369 [INFO] cogito:32b | prompt10.jinja | iteration 2 | trial 4/20
2026-09-25 06:38:49,669 [INFO] cogito:32b | prompt10.jinja | iteration 2 | trial 5/20
2026-09-25 06:39:24,995 [INFO] cogito:32b | prompt10.jinja | iteration 2 | trial 6/20
2026-09-25 06:40:22,021 [INFO] cogito:32b | prompt10.jinja | iteration 2 | trial 7/20
2026-09-25 06:42:23,697 [INFO] cogito:32b | prompt10.jinja | iteration 2 | trial 8/20
2026-09-25 06:43:10,742 [INFO] cogito:32b | prompt10.jinja | iteration 2 | trial 9/20
2026-09-25 06:43:57,304 [INFO] cogito:32b | prompt10.jinja | iteration 2 | trial 10/20
2026-09-25 06:44:30,123 [INFO] cogito:32b | prompt10.jinja | iteration 2 | trial 11/20
2026-09-25 06:45:32,196 [INFO] cogito:32b | prompt10.jinja | iteration 2 | trial 12/20
2026-09-25 06:46:35,444 [INFO] cogito:32b | prompt10.jinja | iteration 2 | trial 13/20
2026-09-25 06:47:33,906 [INFO] cogito:32b | prompt10.jinja | iteration 2 | trial 14/20
2026-09-25 06:48:07,838 [INFO] cogito:32b | prompt10.jinja | iteration 2 | trial 15/20
2026-09-25 06:48:38,377 [INFO] cogito:32b | prompt10.jinja | iteration 2 | trial 16/20
2026-09-25 06:49:23,195 [INFO] cogito:32b | prompt10.jinja | iteration 2 | trial 17/20
2026-09-25 06:50:26,265 [INFO] cogito:32b | prompt10.jinja | iteration 2 | trial 18/20
2026-09-25 06:50:59,699 [INFO] cogito:32b | prompt10.jinja | iteration 2 | trial 19/20
2026-09-25 06:51:54,892 [INFO] cogito:32b | prompt10.jinja | iteration 2 | trial 20/20
2026-09-25 06:53:11,335 [INFO] cogito:32b | prompt11.jinja | iteration 2 | trial 1/20
2026-09-25 06:53:44,910 [INFO] cogito:32b | prompt11.jinja | iteration 2 | trial 2/20
2026-09-25 06:54:38,441 [INFO] cogito:32b | prompt11.jinja | iteration 2 | trial 3/20
2026-09-25 06:55:44,523 [INFO] cogito:32b | prompt11.jinja | iteration 2 | trial 4/20
2026-09-25 06:56:18,771 [INFO] cogito:32b | prompt11.jinja | iteration 2 | trial 5/20
2026-09-25 06:57:16,839 [INFO] cogito:32b | prompt11.jinja | iteration 2 | trial 6/20
2026-09-25 06:57:57,726 [INFO] cogito:32b | prompt11.jinja | iteration 2 | trial 7/20
2026-09-25 06:58:35,785 [INFO] cogito:32b | prompt11.jinja | iteration 2 | trial 8/20
2026-09-25 06:59:08,851 [INFO] cogito:32b | prompt11.jinja | iteration 2 | trial 9/20
2026-09-25 06:59:39,919 [INFO] cogito:32b | prompt11.jinja | iteration 2 | trial 10/20
2026-09-25 07:00:53,697 [INFO] cogito:32b | prompt11.jinja | iteration 2 | trial 11/20
2026-09-25 07:01:28,173 [INFO] cogito:32b | prompt11.jinja | iteration 2 | trial 12/20
2026-09-25 07:02:19,462 [INFO] cogito:32b | prompt11.jinja | iteration 2 | trial 13/20
2026-09-25 07:03:51,280 [INFO] cogito:32b | prompt11.jinja | iteration 2 | trial 14/20
2026-09-25 07:05:17,169 [INFO] cogito:32b | prompt11.jinja | iteration 2 | trial 15/20
2026-09-25 07:06:19,957 [INFO] cogito:32b | prompt11.jinja | iteration 2 | trial 16/20
2026-09-25 07:06:59,580 [INFO] cogito:32b | prompt11.jinja | iteration 2 | trial 17/20
2026-09-25 07:07:37,694 [INFO] cogito:32b | prompt11.jinja | iteration 2 | trial 18/20
2026-09-25 07:08:05,863 [INFO] cogito:32b | prompt11.jinja | iteration 2 | trial 19/20
2026-09-25 07:09:27,418 [INFO] cogito:32b | prompt11.jinja | iteration 2 | trial 20/20
2026-09-25 07:10:06,469 [INFO] cogito:32b | prompt2.jinja | iteration 2 | trial 1/20
2026-09-25 07:10:38,788 [INFO] cogito:32b | prompt2.jinja | iteration 2 | trial 2/20
2026-09-25 07:11:13,310 [INFO] cogito:32b | prompt2.jinja | iteration 2 | trial 3/20
2026-09-25 07:11:55,022 [INFO] cogito:32b | prompt2.jinja | iteration 2 | trial 4/20
2026-09-25 07:12:25,869 [INFO] cogito:32b | prompt2.jinja | iteration 2 | trial 5/20
2026-09-25 07:13:14,462 [INFO] cogito:32b | prompt2.jinja | iteration 2 | trial 6/20
2026-09-25 07:13:37,007 [INFO] cogito:32b | prompt2.jinja | iteration 2 | trial 7/20
2026-09-25 07:14:35,793 [INFO] cogito:32b | prompt2.jinja | iteration 2 | trial 8/20
2026-09-25 07:15:08,407 [INFO] cogito:32b | prompt2.jinja | iteration 2 | trial 9/20
2026-09-25 07:15:40,658 [INFO] cogito:32b | prompt2.jinja | iteration 2 | trial 10/20
2026-09-25 07:17:22,600 [INFO] cogito:32b | prompt2.jinja | iteration 2 | trial 11/20
2026-09-25 07:18:33,599 [INFO] cogito:32b | prompt2.jinja | iteration 2 | trial 12/20
2026-09-25 07:19:30,722 [INFO] cogito:32b | prompt2.jinja | iteration 2 | trial 13/20
2026-09-25 07:20:07,902 [INFO] cogito:32b | prompt2.jinja | iteration 2 | trial 14/20
2026-09-25 07:21:45,220 [INFO] cogito:32b | prompt2.jinja | iteration 2 | trial 15/20
2026-09-25 07:22:17,925 [INFO] cogito:32b | prompt2.jinja | iteration 2 | trial 16/20
2026-09-25 07:22:49,810 [INFO] cogito:32b | prompt2.jinja | iteration 2 | trial 17/20
2026-09-25 07:24:05,766 [INFO] cogito:32b | prompt2.jinja | iteration 2 | trial 18/20
2026-09-25 07:24:52,823 [INFO] cogito:32b | prompt2.jinja | iteration 2 | trial 19/20
2026-09-25 07:25:25,919 [INFO] cogito:32b | prompt2.jinja | iteration 2 | trial 20/20
2026-09-25 07:26:29,724 [INFO] cogito:32b | prompt3.jinja | iteration 2 | trial 1/20
2026-09-25 07:27:06,611 [INFO] cogito:32b | prompt3.jinja | iteration 2 | trial 2/20
2026-09-25 07:27:28,881 [INFO] cogito:32b | prompt3.jinja | iteration 2 | trial 3/20
2026-09-25 07:28:00,006 [INFO] cogito:32b | prompt3.jinja | iteration 2 | trial 4/20
2026-09-25 07:28:49,444 [INFO] cogito:32b | prompt3.jinja | iteration 2 | trial 5/20
2026-09-25 07:29:50,943 [INFO] cogito:32b | prompt3.jinja | iteration 2 | trial 6/20
2026-09-25 07:30:21,399 [INFO] cogito:32b | prompt3.jinja | iteration 2 | trial 7/20
2026-09-25 07:31:15,328 [INFO] cogito:32b | prompt3.jinja | iteration 2 | trial 8/20
2026-09-25 07:32:12,981 [INFO] cogito:32b | prompt3.jinja | iteration 2 | trial 9/20
2026-09-25 07:32:53,362 [INFO] cogito:32b | prompt3.jinja | iteration 2 | trial 10/20
2026-09-25 07:34:03,586 [INFO] cogito:32b | prompt3.jinja | iteration 2 | trial 11/20
2026-09-25 07:35:19,364 [INFO] cogito:32b | prompt3.jinja | iteration 2 | trial 12/20
2026-09-25 07:35:51,354 [INFO] cogito:32b | prompt3.jinja | iteration 2 | trial 13/20
2026-09-25 07:36:30,478 [INFO] cogito:32b | prompt3.jinja | iteration 2 | trial 14/20
2026-09-25 07:37:05,355 [INFO] cogito:32b | prompt3.jinja | iteration 2 | trial 15/20
2026-09-25 07:38:10,448 [INFO] cogito:32b | prompt3.jinja | iteration 2 | trial 16/20
2026-09-25 07:38:49,656 [INFO] cogito:32b | prompt3.jinja | iteration 2 | trial 17/20
2026-09-25 07:39:58,783 [INFO] cogito:32b | prompt3.jinja | iteration 2 | trial 18/20
2026-09-25 07:40:43,598 [INFO] cogito:32b | prompt3.jinja | iteration 2 | trial 19/20
2026-09-25 07:41:17,549 [INFO] cogito:32b | prompt3.jinja | iteration 2 | trial 20/20
2026-09-25 07:42:07,758 [INFO] cogito:32b | prompt4.jinja | iteration 2 | trial 1/20
2026-09-25 07:42:46,319 [INFO] cogito:32b | prompt4.jinja | iteration 2 | trial 2/20
2026-09-25 07:43:36,661 [INFO] cogito:32b | prompt4.jinja | iteration 2 | trial 3/20
2026-09-25 07:44:08,645 [INFO] cogito:32b | prompt4.jinja | iteration 2 | trial 4/20
2026-09-25 07:44:49,149 [INFO] cogito:32b | prompt4.jinja | iteration 2 | trial 5/20
2026-09-25 07:45:59,104 [INFO] cogito:32b | prompt4.jinja | iteration 2 | trial 6/20
2026-09-25 07:46:37,363 [INFO] cogito:32b | prompt4.jinja | iteration 2 | trial 7/20
2026-09-25 07:47:31,912 [INFO] cogito:32b | prompt4.jinja | iteration 2 | trial 8/20
2026-09-25 07:48:53,810 [INFO] cogito:32b | prompt4.jinja | iteration 2 | trial 9/20
2026-09-25 07:49:20,638 [INFO] cogito:32b | prompt4.jinja | iteration 2 | trial 10/20
2026-09-25 07:49:48,664 [INFO] cogito:32b | prompt4.jinja | iteration 2 | trial 11/20
2026-09-25 07:50:26,048 [INFO] cogito:32b | prompt4.jinja | iteration 2 | trial 12/20
2026-09-25 07:52:11,399 [INFO] cogito:32b | prompt4.jinja | iteration 2 | trial 13/20
2026-09-25 07:53:29,894 [INFO] cogito:32b | prompt4.jinja | iteration 2 | trial 14/20
2026-09-25 07:54:05,548 [INFO] cogito:32b | prompt4.jinja | iteration 2 | trial 15/20
2026-09-25 07:54:40,044 [INFO] cogito:32b | prompt4.jinja | iteration 2 | trial 16/20
2026-09-25 07:56:19,114 [INFO] cogito:32b | prompt4.jinja | iteration 2 | trial 17/20
2026-09-25 07:57:03,394 [INFO] cogito:32b | prompt4.jinja | iteration 2 | trial 18/20
2026-09-25 07:57:59,920 [INFO] cogito:32b | prompt4.jinja | iteration 2 | trial 19/20
2026-09-25 07:58:47,536 [INFO] cogito:32b | prompt4.jinja | iteration 2 | trial 20/20
2026-09-25 08:01:25,831 [INFO] cogito:32b | prompt5.jinja | iteration 2 | trial 1/20
2026-09-25 08:02:08,406 [INFO] cogito:32b | prompt5.jinja | iteration 2 | trial 2/20
2026-09-25 08:02:54,025 [INFO] cogito:32b | prompt5.jinja | iteration 2 | trial 3/20
2026-09-25 08:03:34,346 [INFO] cogito:32b | prompt5.jinja | iteration 2 | trial 4/20
2026-09-25 08:04:47,491 [INFO] cogito:32b | prompt5.jinja | iteration 2 | trial 5/20
2026-09-25 08:05:37,845 [INFO] cogito:32b | prompt5.jinja | iteration 2 | trial 6/20
2026-09-25 08:06:38,243 [INFO] cogito:32b | prompt5.jinja | iteration 2 | trial 7/20
2026-09-25 08:07:19,124 [INFO] cogito:32b | prompt5.jinja | iteration 2 | trial 8/20
2026-09-25 08:08:08,887 [INFO] cogito:32b | prompt5.jinja | iteration 2 | trial 9/20
2026-09-25 08:08:44,643 [INFO] cogito:32b | prompt5.jinja | iteration 2 | trial 10/20
2026-09-25 08:09:37,341 [INFO] cogito:32b | prompt5.jinja | iteration 2 | trial 11/20
2026-09-25 08:11:49,761 [INFO] cogito:32b | prompt5.jinja | iteration 2 | trial 12/20
2026-09-25 08:12:31,346 [INFO] cogito:32b | prompt5.jinja | iteration 2 | trial 13/20
2026-09-25 08:13:24,755 [INFO] cogito:32b | prompt5.jinja | iteration 2 | trial 14/20
2026-09-25 08:14:17,506 [INFO] cogito:32b | prompt5.jinja | iteration 2 | trial 15/20
2026-09-25 08:15:29,770 [INFO] cogito:32b | prompt5.jinja | iteration 2 | trial 16/20
2026-09-25 08:16:22,547 [INFO] cogito:32b | prompt5.jinja | iteration 2 | trial 17/20
2026-09-25 08:17:12,671 [INFO] cogito:32b | prompt5.jinja | iteration 2 | trial 18/20
2026-09-25 08:18:40,758 [INFO] cogito:32b | prompt5.jinja | iteration 2 | trial 19/20
2026-09-25 08:19:44,063 [INFO] cogito:32b | prompt5.jinja | iteration 2 | trial 20/20
2026-09-25 08:20:11,976 [INFO] cogito:32b | prompt6.jinja | iteration 2 | trial 1/20
2026-09-25 08:20:51,982 [INFO] cogito:32b | prompt6.jinja | iteration 2 | trial 2/20
2026-09-25 08:21:41,642 [INFO] cogito:32b | prompt6.jinja | iteration 2 | trial 3/20
2026-09-25 08:22:35,082 [INFO] cogito:32b | prompt6.jinja | iteration 2 | trial 4/20
2026-09-25 08:23:08,236 [INFO] cogito:32b | prompt6.jinja | iteration 2 | trial 5/20
2026-09-25 08:23:37,370 [INFO] cogito:32b | prompt6.jinja | iteration 2 | trial 6/20
2026-09-25 08:24:29,968 [INFO] cogito:32b | prompt6.jinja | iteration 2 | trial 7/20
2026-09-25 08:25:13,162 [INFO] cogito:32b | prompt6.jinja | iteration 2 | trial 8/20
2026-09-25 08:25:56,955 [INFO] cogito:32b | prompt6.jinja | iteration 2 | trial 9/20
2026-09-25 08:26:20,847 [INFO] cogito:32b | prompt6.jinja | iteration 2 | trial 10/20
2026-09-25 08:27:28,435 [INFO] cogito:32b | prompt6.jinja | iteration 2 | trial 11/20
2026-09-25 08:28:11,026 [INFO] cogito:32b | prompt6.jinja | iteration 2 | trial 12/20
2026-09-25 08:28:35,105 [INFO] cogito:32b | prompt6.jinja | iteration 2 | trial 13/20
2026-09-25 08:29:04,690 [INFO] cogito:32b | prompt6.jinja | iteration 2 | trial 14/20
2026-09-25 08:30:02,475 [INFO] cogito:32b | prompt6.jinja | iteration 2 | trial 15/20
2026-09-25 08:30:34,911 [INFO] cogito:32b | prompt6.jinja | iteration 2 | trial 16/20
2026-09-25 08:31:01,477 [INFO] cogito:32b | prompt6.jinja | iteration 2 | trial 17/20
2026-09-25 08:31:33,702 [INFO] cogito:32b | prompt6.jinja | iteration 2 | trial 18/20
2026-09-25 08:32:42,503 [INFO] cogito:32b | prompt6.jinja | iteration 2 | trial 19/20
2026-09-25 08:33:52,358 [INFO] cogito:32b | prompt6.jinja | iteration 2 | trial 20/20
2026-09-25 08:34:31,183 [INFO] cogito:32b | prompt7.jinja | iteration 2 | trial 1/20
2026-09-25 08:35:08,435 [INFO] cogito:32b | prompt7.jinja | iteration 2 | trial 2/20
2026-09-25 08:35:39,615 [INFO] cogito:32b | prompt7.jinja | iteration 2 | trial 3/20
2026-09-25 08:36:18,841 [INFO] cogito:32b | prompt7.jinja | iteration 2 | trial 4/20
2026-09-25 08:36:54,190 [INFO] cogito:32b | prompt7.jinja | iteration 2 | trial 5/20
2026-09-25 08:37:49,275 [INFO] cogito:32b | prompt7.jinja | iteration 2 | trial 6/20
2026-09-25 08:38:58,772 [INFO] cogito:32b | prompt7.jinja | iteration 2 | trial 7/20
2026-09-25 08:39:37,504 [INFO] cogito:32b | prompt7.jinja | iteration 2 | trial 8/20
2026-09-25 08:40:14,629 [INFO] cogito:32b | prompt7.jinja | iteration 2 | trial 9/20
2026-09-25 08:41:07,376 [INFO] cogito:32b | prompt7.jinja | iteration 2 | trial 10/20
2026-09-25 08:41:56,636 [INFO] cogito:32b | prompt7.jinja | iteration 2 | trial 11/20
2026-09-25 08:42:42,859 [INFO] cogito:32b | prompt7.jinja | iteration 2 | trial 12/20
2026-09-25 08:44:03,713 [INFO] cogito:32b | prompt7.jinja | iteration 2 | trial 13/20
2026-09-25 08:44:37,142 [INFO] cogito:32b | prompt7.jinja | iteration 2 | trial 14/20
2026-09-25 08:45:08,725 [INFO] cogito:32b | prompt7.jinja | iteration 2 | trial 15/20
2026-09-25 08:45:41,381 [INFO] cogito:32b | prompt7.jinja | iteration 2 | trial 16/20
2026-09-25 08:46:19,600 [INFO] cogito:32b | prompt7.jinja | iteration 2 | trial 17/20
2026-09-25 08:46:55,586 [INFO] cogito:32b | prompt7.jinja | iteration 2 | trial 18/20
2026-09-25 08:48:03,067 [INFO] cogito:32b | prompt7.jinja | iteration 2 | trial 19/20
2026-09-25 08:48:51,147 [INFO] cogito:32b | prompt7.jinja | iteration 2 | trial 20/20
2026-09-25 08:50:04,964 [INFO] cogito:32b | prompt8.jinja | iteration 2 | trial 1/20
2026-09-25 08:50:37,885 [INFO] cogito:32b | prompt8.jinja | iteration 2 | trial 2/20
2026-09-25 08:51:02,985 [INFO] cogito:32b | prompt8.jinja | iteration 2 | trial 3/20
2026-09-25 08:51:31,956 [INFO] cogito:32b | prompt8.jinja | iteration 2 | trial 4/20
2026-09-25 08:52:03,468 [INFO] cogito:32b | prompt8.jinja | iteration 2 | trial 5/20
2026-09-25 08:52:27,273 [INFO] cogito:32b | prompt8.jinja | iteration 2 | trial 6/20
2026-09-25 08:53:11,071 [INFO] cogito:32b | prompt8.jinja | iteration 2 | trial 7/20
2026-09-25 08:53:41,735 [INFO] cogito:32b | prompt8.jinja | iteration 2 | trial 8/20
2026-09-25 08:54:18,245 [INFO] cogito:32b | prompt8.jinja | iteration 2 | trial 9/20
2026-09-25 08:54:50,502 [INFO] cogito:32b | prompt8.jinja | iteration 2 | trial 10/20
2026-09-25 08:55:04,575 [INFO] cogito:32b | prompt8.jinja | iteration 2 | trial 11/20
2026-09-25 08:55:51,041 [INFO] cogito:32b | prompt8.jinja | iteration 2 | trial 12/20
2026-09-25 08:56:01,789 [INFO] cogito:32b | prompt8.jinja | iteration 2 | trial 13/20
2026-09-25 08:56:35,809 [INFO] cogito:32b | prompt8.jinja | iteration 2 | trial 14/20
2026-09-25 08:57:18,045 [INFO] cogito:32b | prompt8.jinja | iteration 2 | trial 15/20
2026-09-25 08:57:58,897 [WARNING] cogito:32b | prompt8.jinja | iteration 2 | trial 15 failed: Response does not match schema: 1 validation error for SecurityTestResponse
  Invalid JSON: unexpected end of hex escape at line 26 column 29 [type=json_invalid, input_value='{\n  "commands": [\n    . (saved failed_cogito:32b_1790326638045882415.json)
2026-09-25 08:57:58,897 [INFO] cogito:32b | prompt8.jinja | iteration 2 | trial 16/20
2026-09-25 08:58:21,788 [INFO] cogito:32b | prompt8.jinja | iteration 2 | trial 17/20
2026-09-25 08:58:59,837 [INFO] cogito:32b | prompt8.jinja | iteration 2 | trial 18/20
2026-09-25 08:59:21,342 [INFO] cogito:32b | prompt8.jinja | iteration 2 | trial 19/20
2026-09-25 08:59:47,727 [INFO] cogito:32b | prompt8.jinja | iteration 2 | trial 20/20
2026-09-25 09:00:47,388 [INFO] cogito:32b | prompt9.jinja | iteration 2 | trial 1/20
2026-09-25 09:01:39,044 [INFO] cogito:32b | prompt9.jinja | iteration 2 | trial 2/20
2026-09-25 09:02:14,299 [INFO] cogito:32b | prompt9.jinja | iteration 2 | trial 3/20
2026-09-25 09:02:57,272 [INFO] cogito:32b | prompt9.jinja | iteration 2 | trial 4/20
2026-09-25 09:03:27,889 [INFO] cogito:32b | prompt9.jinja | iteration 2 | trial 5/20
2026-09-25 09:04:02,746 [INFO] cogito:32b | prompt9.jinja | iteration 2 | trial 6/20
2026-09-25 09:04:45,380 [INFO] cogito:32b | prompt9.jinja | iteration 2 | trial 7/20
2026-09-25 09:05:15,382 [INFO] cogito:32b | prompt9.jinja | iteration 2 | trial 8/20
2026-09-25 09:05:49,629 [INFO] cogito:32b | prompt9.jinja | iteration 2 | trial 9/20
2026-09-25 09:06:34,364 [INFO] cogito:32b | prompt9.jinja | iteration 2 | trial 10/20
2026-09-25 09:06:43,552 [INFO] cogito:32b | prompt9.jinja | iteration 2 | trial 11/20
2026-09-25 09:07:17,973 [INFO] cogito:32b | prompt9.jinja | iteration 2 | trial 12/20
2026-09-25 09:08:02,794 [INFO] cogito:32b | prompt9.jinja | iteration 2 | trial 13/20
2026-09-25 09:08:34,340 [INFO] cogito:32b | prompt9.jinja | iteration 2 | trial 14/20
2026-09-25 09:09:06,962 [INFO] cogito:32b | prompt9.jinja | iteration 2 | trial 15/20
2026-09-25 09:09:53,837 [INFO] cogito:32b | prompt9.jinja | iteration 2 | trial 16/20
2026-09-25 09:10:36,106 [INFO] cogito:32b | prompt9.jinja | iteration 2 | trial 17/20
2026-09-25 09:11:08,218 [INFO] cogito:32b | prompt9.jinja | iteration 2 | trial 18/20
2026-09-25 09:11:37,339 [INFO] cogito:32b | prompt9.jinja | iteration 2 | trial 19/20
2026-09-25 09:12:17,079 [INFO] cogito:32b | prompt9.jinja | iteration 2 | trial 20/20
2026-09-25 09:12:45,550 [INFO] cogito:32b | security-incremental-1.jinja | iteration 2 | trial 1/20
2026-09-25 09:13:31,431 [INFO] cogito:32b | security-incremental-1.jinja | iteration 2 | trial 2/20
2026-09-25 09:14:28,850 [INFO] cogito:32b | security-incremental-1.jinja | iteration 2 | trial 3/20
2026-09-25 09:15:17,594 [INFO] cogito:32b | security-incremental-1.jinja | iteration 2 | trial 4/20
2026-09-25 09:15:56,142 [INFO] cogito:32b | security-incremental-1.jinja | iteration 2 | trial 5/20
2026-09-25 09:17:13,921 [INFO] cogito:32b | security-incremental-1.jinja | iteration 2 | trial 6/20
2026-09-25 09:18:51,525 [INFO] cogito:32b | security-incremental-1.jinja | iteration 2 | trial 7/20
2026-09-25 09:19:37,702 [INFO] cogito:32b | security-incremental-1.jinja | iteration 2 | trial 8/20
2026-09-25 09:20:41,202 [INFO] cogito:32b | security-incremental-1.jinja | iteration 2 | trial 9/20
2026-09-25 09:21:41,008 [INFO] cogito:32b | security-incremental-1.jinja | iteration 2 | trial 10/20
2026-09-25 09:23:17,404 [INFO] cogito:32b | security-incremental-1.jinja | iteration 2 | trial 11/20
2026-09-25 09:24:23,083 [INFO] cogito:32b | security-incremental-1.jinja | iteration 2 | trial 12/20
2026-09-25 09:27:12,294 [INFO] cogito:32b | security-incremental-1.jinja | iteration 2 | trial 13/20
2026-09-25 09:27:51,943 [INFO] cogito:32b | security-incremental-1.jinja | iteration 2 | trial 14/20
2026-09-25 09:28:27,151 [INFO] cogito:32b | security-incremental-1.jinja | iteration 2 | trial 15/20
2026-09-25 09:29:31,759 [INFO] cogito:32b | security-incremental-1.jinja | iteration 2 | trial 16/20
2026-09-25 09:29:48,159 [INFO] cogito:32b | security-incremental-1.jinja | iteration 2 | trial 17/20
2026-09-25 09:29:52,156 [INFO] cogito:32b | security-incremental-1.jinja | iteration 2 | trial 18/20
2026-09-25 09:31:04,379 [INFO] cogito:32b | security-incremental-1.jinja | iteration 2 | trial 19/20
2026-09-25 09:32:07,048 [INFO] cogito:32b | security-incremental-1.jinja | iteration 2 | trial 20/20
2026-09-25 09:32:39,951 [INFO] cogito:32b | prompt1.jinja | iteration 3 | trial 1/20
2026-09-25 09:33:44,448 [INFO] cogito:32b | prompt1.jinja | iteration 3 | trial 2/20
2026-09-25 09:34:19,093 [INFO] cogito:32b | prompt1.jinja | iteration 3 | trial 3/20
2026-09-25 09:34:48,438 [INFO] cogito:32b | prompt1.jinja | iteration 3 | trial 4/20
2026-09-25 09:35:14,168 [INFO] cogito:32b | prompt1.jinja | iteration 3 | trial 5/20
2026-09-25 09:35:45,780 [INFO] cogito:32b | prompt1.jinja | iteration 3 | trial 6/20
2026-09-25 09:36:14,383 [INFO] cogito:32b | prompt1.jinja | iteration 3 | trial 7/20
2026-09-25 09:36:50,199 [INFO] cogito:32b | prompt1.jinja | iteration 3 | trial 8/20
2026-09-25 09:38:25,639 [INFO] cogito:32b | prompt1.jinja | iteration 3 | trial 9/20
2026-09-25 09:39:33,629 [INFO] cogito:32b | prompt1.jinja | iteration 3 | trial 10/20
2026-09-25 09:40:27,032 [INFO] cogito:32b | prompt1.jinja | iteration 3 | trial 11/20
2026-09-25 09:41:07,334 [INFO] cogito:32b | prompt1.jinja | iteration 3 | trial 12/20
2026-09-25 09:41:27,051 [INFO] cogito:32b | prompt1.jinja | iteration 3 | trial 13/20
2026-09-25 09:42:20,793 [INFO] cogito:32b | prompt1.jinja | iteration 3 | trial 14/20
2026-09-25 09:43:02,279 [INFO] cogito:32b | prompt1.jinja | iteration 3 | trial 15/20
2026-09-25 09:43:45,017 [INFO] cogito:32b | prompt1.jinja | iteration 3 | trial 16/20
2026-09-25 09:44:38,692 [INFO] cogito:32b | prompt1.jinja | iteration 3 | trial 17/20
2026-09-25 09:46:27,992 [INFO] cogito:32b | prompt1.jinja | iteration 3 | trial 18/20
2026-09-25 09:47:32,657 [INFO] cogito:32b | prompt1.jinja | iteration 3 | trial 19/20
2026-09-25 09:49:32,809 [INFO] cogito:32b | prompt1.jinja | iteration 3 | trial 20/20
2026-09-25 09:50:39,819 [INFO] cogito:32b | prompt10.jinja | iteration 3 | trial 1/20
2026-09-25 09:51:24,811 [INFO] cogito:32b | prompt10.jinja | iteration 3 | trial 2/20
2026-09-25 09:52:00,943 [INFO] cogito:32b | prompt10.jinja | iteration 3 | trial 3/20
2026-09-25 09:53:02,315 [INFO] cogito:32b | prompt10.jinja | iteration 3 | trial 4/20
2026-09-25 09:53:47,429 [INFO] cogito:32b | prompt10.jinja | iteration 3 | trial 5/20
2026-09-25 09:55:04,867 [INFO] cogito:32b | prompt10.jinja | iteration 3 | trial 6/20
2026-09-25 09:55:47,589 [INFO] cogito:32b | prompt10.jinja | iteration 3 | trial 7/20
2026-09-25 09:56:52,987 [INFO] cogito:32b | prompt10.jinja | iteration 3 | trial 8/20
2026-09-25 09:57:44,924 [INFO] cogito:32b | prompt10.jinja | iteration 3 | trial 9/20
2026-09-25 09:58:48,543 [INFO] cogito:32b | prompt10.jinja | iteration 3 | trial 10/20
2026-09-25 09:59:33,086 [INFO] cogito:32b | prompt10.jinja | iteration 3 | trial 11/20
2026-09-25 10:00:05,999 [INFO] cogito:32b | prompt10.jinja | iteration 3 | trial 12/20
2026-09-25 10:00:50,243 [INFO] cogito:32b | prompt10.jinja | iteration 3 | trial 13/20
2026-09-25 10:01:34,836 [INFO] cogito:32b | prompt10.jinja | iteration 3 | trial 14/20
2026-09-25 10:02:27,537 [INFO] cogito:32b | prompt10.jinja | iteration 3 | trial 15/20
2026-09-25 10:03:02,907 [INFO] cogito:32b | prompt10.jinja | iteration 3 | trial 16/20
2026-09-25 10:03:38,884 [INFO] cogito:32b | prompt10.jinja | iteration 3 | trial 17/20
2026-09-25 10:04:43,266 [INFO] cogito:32b | prompt10.jinja | iteration 3 | trial 18/20
2026-09-25 10:05:20,807 [INFO] cogito:32b | prompt10.jinja | iteration 3 | trial 19/20
2026-09-25 10:06:13,720 [INFO] cogito:32b | prompt10.jinja | iteration 3 | trial 20/20
2026-09-25 10:07:44,893 [INFO] cogito:32b | prompt11.jinja | iteration 3 | trial 1/20
2026-09-25 10:08:24,250 [INFO] cogito:32b | prompt11.jinja | iteration 3 | trial 2/20
2026-09-25 10:09:10,511 [INFO] cogito:32b | prompt11.jinja | iteration 3 | trial 3/20
2026-09-25 10:09:47,110 [INFO] cogito:32b | prompt11.jinja | iteration 3 | trial 4/20
2026-09-25 10:10:50,165 [INFO] cogito:32b | prompt11.jinja | iteration 3 | trial 5/20
2026-09-25 10:11:51,998 [INFO] cogito:32b | prompt11.jinja | iteration 3 | trial 6/20
2026-09-25 10:12:32,100 [INFO] cogito:32b | prompt11.jinja | iteration 3 | trial 7/20
2026-09-25 10:13:07,994 [INFO] cogito:32b | prompt11.jinja | iteration 3 | trial 8/20
2026-09-25 10:13:49,934 [INFO] cogito:32b | prompt11.jinja | iteration 3 | trial 9/20
2026-09-25 10:14:21,507 [INFO] cogito:32b | prompt11.jinja | iteration 3 | trial 10/20
2026-09-25 10:14:54,343 [INFO] cogito:32b | prompt11.jinja | iteration 3 | trial 11/20
2026-09-25 10:16:40,791 [INFO] cogito:32b | prompt11.jinja | iteration 3 | trial 12/20
2026-09-25 10:18:42,986 [INFO] cogito:32b | prompt11.jinja | iteration 3 | trial 13/20
2026-09-25 10:19:19,431 [INFO] cogito:32b | prompt11.jinja | iteration 3 | trial 14/20
2026-09-25 10:20:04,602 [INFO] cogito:32b | prompt11.jinja | iteration 3 | trial 15/20
2026-09-25 10:20:52,769 [INFO] cogito:32b | prompt11.jinja | iteration 3 | trial 16/20
2026-09-25 10:21:25,270 [INFO] cogito:32b | prompt11.jinja | iteration 3 | trial 17/20
2026-09-25 10:22:03,109 [INFO] cogito:32b | prompt11.jinja | iteration 3 | trial 18/20
2026-09-25 10:23:52,378 [INFO] cogito:32b | prompt11.jinja | iteration 3 | trial 19/20
2026-09-25 10:25:39,118 [INFO] cogito:32b | prompt11.jinja | iteration 3 | trial 20/20
2026-09-25 10:26:10,563 [INFO] cogito:32b | prompt2.jinja | iteration 3 | trial 1/20
2026-09-25 10:26:40,687 [INFO] cogito:32b | prompt2.jinja | iteration 3 | trial 2/20
2026-09-25 10:27:40,290 [INFO] cogito:32b | prompt2.jinja | iteration 3 | trial 3/20
2026-09-25 10:28:12,502 [INFO] cogito:32b | prompt2.jinja | iteration 3 | trial 4/20
2026-09-25 10:28:52,704 [INFO] cogito:32b | prompt2.jinja | iteration 3 | trial 5/20
2026-09-25 10:30:00,916 [INFO] cogito:32b | prompt2.jinja | iteration 3 | trial 6/20
2026-09-25 10:30:31,085 [INFO] cogito:32b | prompt2.jinja | iteration 3 | trial 7/20
2026-09-25 10:31:55,265 [INFO] cogito:32b | prompt2.jinja | iteration 3 | trial 8/20
2026-09-25 10:33:50,984 [INFO] cogito:32b | prompt2.jinja | iteration 3 | trial 9/20
2026-09-25 10:34:54,439 [INFO] cogito:32b | prompt2.jinja | iteration 3 | trial 10/20
2026-09-25 10:36:02,068 [INFO] cogito:32b | prompt2.jinja | iteration 3 | trial 11/20
2026-09-25 10:36:30,594 [INFO] cogito:32b | prompt2.jinja | iteration 3 | trial 12/20
2026-09-25 10:37:37,905 [INFO] cogito:32b | prompt2.jinja | iteration 3 | trial 13/20
2026-09-25 10:38:16,673 [INFO] cogito:32b | prompt2.jinja | iteration 3 | trial 14/20
2026-09-25 10:38:56,191 [INFO] cogito:32b | prompt2.jinja | iteration 3 | trial 15/20
2026-09-25 10:40:38,080 [INFO] cogito:32b | prompt2.jinja | iteration 3 | trial 16/20
2026-09-25 10:41:21,941 [INFO] cogito:32b | prompt2.jinja | iteration 3 | trial 17/20
2026-09-25 10:42:15,336 [INFO] cogito:32b | prompt2.jinja | iteration 3 | trial 18/20
2026-09-25 10:43:09,107 [INFO] cogito:32b | prompt2.jinja | iteration 3 | trial 19/20
2026-09-25 10:43:52,860 [INFO] cogito:32b | prompt2.jinja | iteration 3 | trial 20/20
2026-09-25 10:44:31,690 [INFO] cogito:32b | prompt3.jinja | iteration 3 | trial 1/20
2026-09-25 10:45:19,114 [INFO] cogito:32b | prompt3.jinja | iteration 3 | trial 2/20
2026-09-25 10:45:59,927 [INFO] cogito:32b | prompt3.jinja | iteration 3 | trial 3/20
2026-09-25 10:46:50,956 [INFO] cogito:32b | prompt3.jinja | iteration 3 | trial 4/20
2026-09-25 10:47:47,477 [INFO] cogito:32b | prompt3.jinja | iteration 3 | trial 5/20
2026-09-25 10:49:08,691 [INFO] cogito:32b | prompt3.jinja | iteration 3 | trial 6/20
2026-09-25 10:50:40,668 [INFO] cogito:32b | prompt3.jinja | iteration 3 | trial 7/20
2026-09-25 10:51:12,852 [INFO] cogito:32b | prompt3.jinja | iteration 3 | trial 8/20
2026-09-25 10:51:57,875 [INFO] cogito:32b | prompt3.jinja | iteration 3 | trial 9/20
2026-09-25 10:52:35,482 [INFO] cogito:32b | prompt3.jinja | iteration 3 | trial 10/20
2026-09-25 10:53:34,926 [INFO] cogito:32b | prompt3.jinja | iteration 3 | trial 11/20
2026-09-25 10:54:04,445 [INFO] cogito:32b | prompt3.jinja | iteration 3 | trial 12/20
2026-09-25 10:54:35,237 [INFO] cogito:32b | prompt3.jinja | iteration 3 | trial 13/20
2026-09-25 10:55:22,925 [INFO] cogito:32b | prompt3.jinja | iteration 3 | trial 14/20
2026-09-25 10:56:33,112 [INFO] cogito:32b | prompt3.jinja | iteration 3 | trial 15/20
2026-09-25 10:57:12,880 [INFO] cogito:32b | prompt3.jinja | iteration 3 | trial 16/20
2026-09-25 10:57:52,042 [INFO] cogito:32b | prompt3.jinja | iteration 3 | trial 17/20
2026-09-25 10:59:31,843 [INFO] cogito:32b | prompt3.jinja | iteration 3 | trial 18/20
2026-09-25 11:00:31,392 [INFO] cogito:32b | prompt3.jinja | iteration 3 | trial 19/20
2026-09-25 11:01:08,361 [INFO] cogito:32b | prompt3.jinja | iteration 3 | trial 20/20
2026-09-25 11:01:46,105 [INFO] cogito:32b | prompt4.jinja | iteration 3 | trial 1/20
2026-09-25 11:02:19,320 [INFO] cogito:32b | prompt4.jinja | iteration 3 | trial 2/20
2026-09-25 11:02:39,222 [INFO] cogito:32b | prompt4.jinja | iteration 3 | trial 3/20
2026-09-25 11:03:52,358 [INFO] cogito:32b | prompt4.jinja | iteration 3 | trial 4/20
2026-09-25 11:04:22,616 [INFO] cogito:32b | prompt4.jinja | iteration 3 | trial 5/20
2026-09-25 11:05:17,207 [INFO] cogito:32b | prompt4.jinja | iteration 3 | trial 6/20
2026-09-25 11:05:49,484 [INFO] cogito:32b | prompt4.jinja | iteration 3 | trial 7/20
2026-09-25 11:07:07,597 [INFO] cogito:32b | prompt4.jinja | iteration 3 | trial 8/20
2026-09-25 11:07:36,358 [INFO] cogito:32b | prompt4.jinja | iteration 3 | trial 9/20
2026-09-25 11:08:17,625 [INFO] cogito:32b | prompt4.jinja | iteration 3 | trial 10/20
2026-09-25 11:08:47,248 [INFO] cogito:32b | prompt4.jinja | iteration 3 | trial 11/20
2026-09-25 11:09:40,185 [INFO] cogito:32b | prompt4.jinja | iteration 3 | trial 12/20
2026-09-25 11:10:53,457 [INFO] cogito:32b | prompt4.jinja | iteration 3 | trial 13/20
2026-09-25 11:11:40,568 [INFO] cogito:32b | prompt4.jinja | iteration 3 | trial 14/20
2026-09-25 11:12:20,828 [INFO] cogito:32b | prompt4.jinja | iteration 3 | trial 15/20
2026-09-25 11:13:20,547 [INFO] cogito:32b | prompt4.jinja | iteration 3 | trial 16/20
2026-09-25 11:13:50,233 [INFO] cogito:32b | prompt4.jinja | iteration 3 | trial 17/20
2026-09-25 11:14:53,123 [INFO] cogito:32b | prompt4.jinja | iteration 3 | trial 18/20
2026-09-25 11:15:24,867 [INFO] cogito:32b | prompt4.jinja | iteration 3 | trial 19/20
2026-09-25 11:16:00,464 [INFO] cogito:32b | prompt4.jinja | iteration 3 | trial 20/20
2026-09-25 11:16:30,963 [INFO] cogito:32b | prompt5.jinja | iteration 3 | trial 1/20
2026-09-25 11:16:57,858 [INFO] cogito:32b | prompt5.jinja | iteration 3 | trial 2/20
2026-09-25 11:17:28,807 [INFO] cogito:32b | prompt5.jinja | iteration 3 | trial 3/20
2026-09-25 11:18:01,697 [INFO] cogito:32b | prompt5.jinja | iteration 3 | trial 4/20
2026-09-25 11:18:28,880 [INFO] cogito:32b | prompt5.jinja | iteration 3 | trial 5/20
2026-09-25 11:19:06,783 [INFO] cogito:32b | prompt5.jinja | iteration 3 | trial 6/20
2026-09-25 11:19:48,443 [INFO] cogito:32b | prompt5.jinja | iteration 3 | trial 7/20
2026-09-25 11:20:43,502 [INFO] cogito:32b | prompt5.jinja | iteration 3 | trial 8/20
2026-09-25 11:21:31,944 [INFO] cogito:32b | prompt5.jinja | iteration 3 | trial 9/20
2026-09-25 11:21:51,385 [INFO] cogito:32b | prompt5.jinja | iteration 3 | trial 10/20
2026-09-25 11:22:47,392 [INFO] cogito:32b | prompt5.jinja | iteration 3 | trial 11/20
2026-09-25 11:23:26,847 [INFO] cogito:32b | prompt5.jinja | iteration 3 | trial 12/20
2026-09-25 11:25:43,762 [INFO] cogito:32b | prompt5.jinja | iteration 3 | trial 13/20
2026-09-25 11:27:29,306 [INFO] cogito:32b | prompt5.jinja | iteration 3 | trial 14/20
2026-09-25 11:29:14,705 [INFO] cogito:32b | prompt5.jinja | iteration 3 | trial 15/20
2026-09-25 11:31:06,506 [INFO] cogito:32b | prompt5.jinja | iteration 3 | trial 16/20
2026-09-25 11:32:13,490 [INFO] cogito:32b | prompt5.jinja | iteration 3 | trial 17/20
2026-09-25 11:33:05,006 [INFO] cogito:32b | prompt5.jinja | iteration 3 | trial 18/20
2026-09-25 11:34:21,026 [INFO] cogito:32b | prompt5.jinja | iteration 3 | trial 19/20
2026-09-25 11:35:02,451 [INFO] cogito:32b | prompt5.jinja | iteration 3 | trial 20/20
2026-09-25 11:35:47,412 [INFO] cogito:32b | prompt6.jinja | iteration 3 | trial 1/20
2026-09-25 11:36:23,850 [INFO] cogito:32b | prompt6.jinja | iteration 3 | trial 2/20
2026-09-25 11:36:55,812 [INFO] cogito:32b | prompt6.jinja | iteration 3 | trial 3/20
2026-09-25 11:37:57,221 [INFO] cogito:32b | prompt6.jinja | iteration 3 | trial 4/20
2026-09-25 11:38:29,448 [INFO] cogito:32b | prompt6.jinja | iteration 3 | trial 5/20
2026-09-25 11:39:01,372 [INFO] cogito:32b | prompt6.jinja | iteration 3 | trial 6/20
2026-09-25 11:39:45,923 [INFO] cogito:32b | prompt6.jinja | iteration 3 | trial 7/20
2026-09-25 11:40:21,315 [INFO] cogito:32b | prompt6.jinja | iteration 3 | trial 8/20
2026-09-25 11:40:52,037 [INFO] cogito:32b | prompt6.jinja | iteration 3 | trial 9/20
2026-09-25 11:41:54,396 [INFO] cogito:32b | prompt6.jinja | iteration 3 | trial 10/20
2026-09-25 11:42:33,929 [INFO] cogito:32b | prompt6.jinja | iteration 3 | trial 11/20
2026-09-25 11:43:12,561 [INFO] cogito:32b | prompt6.jinja | iteration 3 | trial 12/20
2026-09-25 11:43:49,167 [INFO] cogito:32b | prompt6.jinja | iteration 3 | trial 13/20
2026-09-25 11:44:33,874 [INFO] cogito:32b | prompt6.jinja | iteration 3 | trial 14/20
2026-09-25 11:45:17,878 [INFO] cogito:32b | prompt6.jinja | iteration 3 | trial 15/20
2026-09-25 11:45:56,361 [INFO] cogito:32b | prompt6.jinja | iteration 3 | trial 16/20
2026-09-25 11:46:52,988 [INFO] cogito:32b | prompt6.jinja | iteration 3 | trial 17/20
2026-09-25 11:47:59,358 [INFO] cogito:32b | prompt6.jinja | iteration 3 | trial 18/20
2026-09-25 11:49:11,189 [INFO] cogito:32b | prompt6.jinja | iteration 3 | trial 19/20
2026-09-25 11:49:45,626 [INFO] cogito:32b | prompt6.jinja | iteration 3 | trial 20/20
2026-09-25 11:50:42,650 [INFO] cogito:32b | prompt7.jinja | iteration 3 | trial 1/20
2026-09-25 11:51:31,984 [INFO] cogito:32b | prompt7.jinja | iteration 3 | trial 2/20
2026-09-25 11:52:25,172 [INFO] cogito:32b | prompt7.jinja | iteration 3 | trial 3/20
2026-09-25 11:53:05,522 [INFO] cogito:32b | prompt7.jinja | iteration 3 | trial 4/20
2026-09-25 11:54:01,000 [INFO] cogito:32b | prompt7.jinja | iteration 3 | trial 5/20
2026-09-25 11:55:14,113 [INFO] cogito:32b | prompt7.jinja | iteration 3 | trial 6/20
2026-09-25 11:55:51,989 [INFO] cogito:32b | prompt7.jinja | iteration 3 | trial 7/20
2026-09-25 11:57:09,250 [INFO] cogito:32b | prompt7.jinja | iteration 3 | trial 8/20
2026-09-25 11:58:42,669 [INFO] cogito:32b | prompt7.jinja | iteration 3 | trial 9/20
2026-09-25 11:59:16,413 [INFO] cogito:32b | prompt7.jinja | iteration 3 | trial 10/20
2026-09-25 12:00:05,569 [INFO] cogito:32b | prompt7.jinja | iteration 3 | trial 11/20
2026-09-25 12:00:54,081 [INFO] cogito:32b | prompt7.jinja | iteration 3 | trial 12/20
2026-09-25 12:01:38,878 [INFO] cogito:32b | prompt7.jinja | iteration 3 | trial 13/20
2026-09-25 12:02:32,132 [INFO] cogito:32b | prompt7.jinja | iteration 3 | trial 14/20
2026-09-25 12:03:12,570 [INFO] cogito:32b | prompt7.jinja | iteration 3 | trial 15/20
2026-09-25 12:04:13,616 [INFO] cogito:32b | prompt7.jinja | iteration 3 | trial 16/20
2026-09-25 12:04:55,191 [INFO] cogito:32b | prompt7.jinja | iteration 3 | trial 17/20
2026-09-25 12:06:08,557 [INFO] cogito:32b | prompt7.jinja | iteration 3 | trial 18/20
2026-09-25 12:07:32,154 [INFO] cogito:32b | prompt7.jinja | iteration 3 | trial 19/20
2026-09-25 12:08:36,697 [INFO] cogito:32b | prompt7.jinja | iteration 3 | trial 20/20
2026-09-25 12:09:19,396 [INFO] cogito:32b | prompt8.jinja | iteration 3 | trial 1/20
2026-09-25 12:09:49,745 [INFO] cogito:32b | prompt8.jinja | iteration 3 | trial 2/20
2026-09-25 12:10:14,783 [INFO] cogito:32b | prompt8.jinja | iteration 3 | trial 3/20
2026-09-25 12:10:46,355 [INFO] cogito:32b | prompt8.jinja | iteration 3 | trial 4/20
2026-09-25 12:11:32,896 [INFO] cogito:32b | prompt8.jinja | iteration 3 | trial 5/20
2026-09-25 12:11:54,482 [INFO] cogito:32b | prompt8.jinja | iteration 3 | trial 6/20
2026-09-25 12:12:32,691 [INFO] cogito:32b | prompt8.jinja | iteration 3 | trial 7/20
2026-09-25 12:13:29,329 [INFO] cogito:32b | prompt8.jinja | iteration 3 | trial 8/20
2026-09-25 12:14:05,587 [INFO] cogito:32b | prompt8.jinja | iteration 3 | trial 9/20
2026-09-25 12:15:00,076 [INFO] cogito:32b | prompt8.jinja | iteration 3 | trial 10/20
2026-09-25 12:15:33,126 [INFO] cogito:32b | prompt8.jinja | iteration 3 | trial 11/20
2026-09-25 12:16:09,434 [INFO] cogito:32b | prompt8.jinja | iteration 3 | trial 12/20
2026-09-25 12:16:32,477 [INFO] cogito:32b | prompt8.jinja | iteration 3 | trial 13/20
2026-09-25 12:17:26,427 [INFO] cogito:32b | prompt8.jinja | iteration 3 | trial 14/20
2026-09-25 12:18:08,337 [INFO] cogito:32b | prompt8.jinja | iteration 3 | trial 15/20
2026-09-25 12:18:32,032 [INFO] cogito:32b | prompt8.jinja | iteration 3 | trial 16/20
2026-09-25 12:19:25,914 [INFO] cogito:32b | prompt8.jinja | iteration 3 | trial 17/20
2026-09-25 12:19:45,641 [INFO] cogito:32b | prompt8.jinja | iteration 3 | trial 18/20
2026-09-25 12:20:38,356 [INFO] cogito:32b | prompt8.jinja | iteration 3 | trial 19/20
2026-09-25 12:21:24,630 [INFO] cogito:32b | prompt8.jinja | iteration 3 | trial 20/20
2026-09-25 12:21:49,304 [INFO] cogito:32b | prompt9.jinja | iteration 3 | trial 1/20
2026-09-25 12:22:36,998 [INFO] cogito:32b | prompt9.jinja | iteration 3 | trial 2/20
2026-09-25 12:23:39,638 [INFO] cogito:32b | prompt9.jinja | iteration 3 | trial 3/20
2026-09-25 12:24:20,052 [INFO] cogito:32b | prompt9.jinja | iteration 3 | trial 4/20
2026-09-25 12:25:06,869 [INFO] cogito:32b | prompt9.jinja | iteration 3 | trial 5/20
2026-09-25 12:25:47,145 [INFO] cogito:32b | prompt9.jinja | iteration 3 | trial 6/20
2026-09-25 12:26:24,368 [INFO] cogito:32b | prompt9.jinja | iteration 3 | trial 7/20
2026-09-25 12:27:17,410 [INFO] cogito:32b | prompt9.jinja | iteration 3 | trial 8/20
2026-09-25 12:27:59,317 [INFO] cogito:32b | prompt9.jinja | iteration 3 | trial 9/20
2026-09-25 12:28:42,951 [INFO] cogito:32b | prompt9.jinja | iteration 3 | trial 10/20
2026-09-25 12:29:15,103 [INFO] cogito:32b | prompt9.jinja | iteration 3 | trial 11/20
2026-09-25 12:29:44,302 [INFO] cogito:32b | prompt9.jinja | iteration 3 | trial 12/20
2026-09-25 12:30:24,611 [INFO] cogito:32b | prompt9.jinja | iteration 3 | trial 13/20
2026-09-25 12:32:25,907 [INFO] cogito:32b | prompt9.jinja | iteration 3 | trial 14/20
2026-09-25 12:33:13,484 [INFO] cogito:32b | prompt9.jinja | iteration 3 | trial 15/20
2026-09-25 12:33:52,847 [INFO] cogito:32b | prompt9.jinja | iteration 3 | trial 16/20
2026-09-25 12:34:24,149 [INFO] cogito:32b | prompt9.jinja | iteration 3 | trial 17/20
2026-09-25 12:34:53,055 [INFO] cogito:32b | prompt9.jinja | iteration 3 | trial 18/20
2026-09-25 12:35:39,285 [INFO] cogito:32b | prompt9.jinja | iteration 3 | trial 19/20
2026-09-25 12:36:20,779 [INFO] cogito:32b | prompt9.jinja | iteration 3 | trial 20/20
2026-09-25 12:36:59,426 [INFO] cogito:32b | security-incremental-1.jinja | iteration 3 | trial 1/20
2026-09-25 12:37:24,350 [INFO] cogito:32b | security-incremental-1.jinja | iteration 3 | trial 2/20
2026-09-25 12:38:11,586 [INFO] cogito:32b | security-incremental-1.jinja | iteration 3 | trial 3/20
2026-09-25 12:39:11,467 [INFO] cogito:32b | security-incremental-1.jinja | iteration 3 | trial 4/20
2026-09-25 12:40:28,635 [INFO] cogito:32b | security-incremental-1.jinja | iteration 3 | trial 5/20
2026-09-25 12:40:59,469 [INFO] cogito:32b | security-incremental-1.jinja | iteration 3 | trial 6/20
2026-09-25 12:42:00,243 [INFO] cogito:32b | security-incremental-1.jinja | iteration 3 | trial 7/20
2026-09-25 12:42:58,547 [INFO] cogito:32b | security-incremental-1.jinja | iteration 3 | trial 8/20
2026-09-25 12:43:50,647 [INFO] cogito:32b | security-incremental-1.jinja | iteration 3 | trial 9/20
2026-09-25 12:44:56,219 [INFO] cogito:32b | security-incremental-1.jinja | iteration 3 | trial 10/20
2026-09-25 12:45:39,322 [INFO] cogito:32b | security-incremental-1.jinja | iteration 3 | trial 11/20
2026-09-25 12:46:45,708 [INFO] cogito:32b | security-incremental-1.jinja | iteration 3 | trial 12/20
2026-09-25 12:47:51,401 [INFO] cogito:32b | security-incremental-1.jinja | iteration 3 | trial 13/20
2026-09-25 12:48:30,340 [INFO] cogito:32b | security-incremental-1.jinja | iteration 3 | trial 14/20
2026-09-25 12:49:20,103 [INFO] cogito:32b | security-incremental-1.jinja | iteration 3 | trial 15/20
2026-09-25 12:49:58,785 [INFO] cogito:32b | security-incremental-1.jinja | iteration 3 | trial 16/20
2026-09-25 12:50:46,621 [INFO] cogito:32b | security-incremental-1.jinja | iteration 3 | trial 17/20
2026-09-25 12:51:17,996 [INFO] cogito:32b | security-incremental-1.jinja | iteration 3 | trial 18/20
2026-09-25 12:51:55,333 [INFO] cogito:32b | security-incremental-1.jinja | iteration 3 | trial 19/20
2026-09-25 12:54:38,519 [INFO] cogito:32b | security-incremental-1.jinja | iteration 3 | trial 20/20
2026-09-25 12:55:15,388 [INFO] [2/152] vicuna:33b (CSV row 2)
2026-09-25 12:55:15,392 [INFO] Pulling codeup:13b (attempt 1/3)
2026-09-25 12:55:16,097 [INFO]   codeup:13b: pulling 780d31d1e3e8 0%
2026-09-25 12:55:22,397 [INFO]   codeup:13b: pulling 780d31d1e3e8 10%
2026-09-25 12:55:23,674 [INFO] Loaded vicuna:33b (context length 2048)
2026-09-25 12:55:23,674 [INFO] vicuna:33b | prompt1.jinja | iteration 1 | trial 1/20
2026-09-25 12:55:28,698 [INFO]   codeup:13b: pulling 780d31d1e3e8 20%
2026-09-25 12:55:34,997 [INFO]   codeup:13b: pulling 780d31d1e3e8 30%
2026-09-25 12:55:41,298 [INFO]   codeup:13b: pulling 780d31d1e3e8 40%
2026-09-25 12:55:47,597 [INFO]   codeup:13b: pulling 780d31d1e3e8 50%
2026-09-25 12:55:53,897 [INFO]   codeup:13b: pulling 780d31d1e3e8 60%
2026-09-25 12:56:00,197 [INFO]   codeup:13b: pulling 780d31d1e3e8 70%
2026-09-25 12:56:02,257 [INFO] vicuna:33b | prompt1.jinja | iteration 1 | trial 2/20
2026-09-25 12:56:06,497 [INFO]   codeup:13b: pulling 780d31d1e3e8 80%
2026-09-25 12:56:12,857 [INFO]   codeup:13b: pulling 780d31d1e3e8 90%
2026-09-25 12:56:27,514 [INFO] Pulled codeup:13b
2026-09-25 12:56:58,007 [INFO] vicuna:33b | prompt1.jinja | iteration 1 | trial 3/20
2026-09-25 12:59:49,153 [INFO] vicuna:33b | prompt1.jinja | iteration 1 | trial 4/20
2026-09-25 13:00:11,996 [INFO] vicuna:33b | prompt1.jinja | iteration 1 | trial 5/20
2026-09-25 13:00:49,747 [INFO] vicuna:33b | prompt1.jinja | iteration 1 | trial 6/20
2026-09-25 13:02:10,318 [INFO] vicuna:33b | prompt1.jinja | iteration 1 | trial 7/20
2026-09-25 13:02:26,050 [INFO] vicuna:33b | prompt1.jinja | iteration 1 | trial 8/20
2026-09-25 13:03:27,692 [INFO] vicuna:33b | prompt1.jinja | iteration 1 | trial 9/20
2026-09-25 13:04:52,944 [INFO] vicuna:33b | prompt1.jinja | iteration 1 | trial 10/20
2026-09-25 13:05:24,535 [INFO] vicuna:33b | prompt1.jinja | iteration 1 | trial 11/20
2026-09-25 13:06:32,073 [INFO] vicuna:33b | prompt1.jinja | iteration 1 | trial 12/20
2026-09-25 13:07:31,544 [INFO] vicuna:33b | prompt1.jinja | iteration 1 | trial 13/20
2026-09-25 13:13:55,118 [INFO] vicuna:33b | prompt1.jinja | iteration 1 | trial 14/20
2026-09-25 13:15:05,056 [INFO] vicuna:33b | prompt1.jinja | iteration 1 | trial 15/20
2026-09-25 13:25:05,138 [WARNING] vicuna:33b | prompt1.jinja | iteration 1 | trial 15 failed: Timed out after 600s (saved failed_vicuna:33b_1790342105056443485.json)
2026-09-25 13:25:05,138 [INFO] vicuna:33b | prompt1.jinja | iteration 1 | trial 16/20
2026-09-25 13:35:05,193 [WARNING] vicuna:33b | prompt1.jinja | iteration 1 | trial 16 failed: Timed out after 600s (saved failed_vicuna:33b_1790342705138906319.json)
2026-09-25 13:35:05,193 [INFO] vicuna:33b | prompt1.jinja | iteration 1 | trial 17/20
2026-09-25 13:36:25,925 [INFO] vicuna:33b | prompt1.jinja | iteration 1 | trial 18/20
2026-09-25 13:42:30,128 [INFO] vicuna:33b | prompt1.jinja | iteration 1 | trial 19/20
2026-09-25 13:45:05,433 [INFO] vicuna:33b | prompt1.jinja | iteration 1 | trial 20/20
2026-09-25 13:54:30,905 [INFO] vicuna:33b | prompt10.jinja | iteration 1 | trial 1/20
2026-09-25 13:54:57,300 [INFO] vicuna:33b | prompt10.jinja | iteration 1 | trial 2/20
2026-09-25 13:55:39,113 [INFO] vicuna:33b | prompt10.jinja | iteration 1 | trial 3/20
2026-09-25 13:56:22,894 [INFO] vicuna:33b | prompt10.jinja | iteration 1 | trial 4/20
2026-09-25 13:56:58,449 [INFO] vicuna:33b | prompt10.jinja | iteration 1 | trial 5/20
2026-09-25 13:57:28,221 [INFO] vicuna:33b | prompt10.jinja | iteration 1 | trial 6/20
2026-09-25 13:58:29,529 [INFO] vicuna:33b | prompt10.jinja | iteration 1 | trial 7/20
2026-09-25 13:59:17,399 [INFO] vicuna:33b | prompt10.jinja | iteration 1 | trial 8/20
2026-09-25 14:01:28,482 [INFO] vicuna:33b | prompt10.jinja | iteration 1 | trial 9/20
2026-09-25 14:11:28,575 [WARNING] vicuna:33b | prompt10.jinja | iteration 1 | trial 9 failed: Timed out after 600s (saved failed_vicuna:33b_1790344888482966684.json)
2026-09-25 14:11:28,575 [INFO] vicuna:33b | prompt10.jinja | iteration 1 | trial 10/20
2026-09-25 14:11:44,425 [INFO] vicuna:33b | prompt10.jinja | iteration 1 | trial 11/20
2026-09-25 14:12:27,243 [INFO] vicuna:33b | prompt10.jinja | iteration 1 | trial 12/20
2026-09-25 14:13:59,624 [INFO] vicuna:33b | prompt10.jinja | iteration 1 | trial 13/20
2026-09-25 14:15:05,257 [INFO] vicuna:33b | prompt10.jinja | iteration 1 | trial 14/20
2026-09-25 14:16:17,783 [INFO] vicuna:33b | prompt10.jinja | iteration 1 | trial 15/20
2026-09-25 14:16:58,326 [INFO] vicuna:33b | prompt10.jinja | iteration 1 | trial 16/20
2026-09-25 14:20:08,738 [WARNING] vicuna:33b | prompt10.jinja | iteration 1 | trial 16: detector flagged repetition but the answer was valid
2026-09-25 14:20:08,739 [INFO] vicuna:33b | prompt10.jinja | iteration 1 | trial 17/20
2026-09-25 14:21:53,513 [INFO] vicuna:33b | prompt10.jinja | iteration 1 | trial 18/20
2026-09-25 14:22:45,198 [INFO] vicuna:33b | prompt10.jinja | iteration 1 | trial 19/20
2026-09-25 14:23:40,488 [INFO] vicuna:33b | prompt10.jinja | iteration 1 | trial 20/20
2026-09-25 14:29:17,982 [INFO] vicuna:33b | prompt11.jinja | iteration 1 | trial 1/20
2026-09-25 14:30:05,270 [INFO] vicuna:33b | prompt11.jinja | iteration 1 | trial 2/20
2026-09-25 14:31:41,948 [INFO] vicuna:33b | prompt11.jinja | iteration 1 | trial 3/20
2026-09-25 14:33:01,157 [INFO] vicuna:33b | prompt11.jinja | iteration 1 | trial 4/20
2026-09-25 14:43:01,211 [WARNING] vicuna:33b | prompt11.jinja | iteration 1 | trial 4 failed: Timed out after 600s (saved failed_vicuna:33b_1790346781158038527.json)
2026-09-25 14:43:01,211 [INFO] vicuna:33b | prompt11.jinja | iteration 1 | trial 5/20
2026-09-25 14:44:39,619 [INFO] vicuna:33b | prompt11.jinja | iteration 1 | trial 6/20
2026-09-25 14:46:55,645 [INFO] vicuna:33b | prompt11.jinja | iteration 1 | trial 7/20
2026-09-25 14:48:10,746 [INFO] vicuna:33b | prompt11.jinja | iteration 1 | trial 8/20
2026-09-25 14:49:28,206 [INFO] vicuna:33b | prompt11.jinja | iteration 1 | trial 9/20
2026-09-25 14:51:21,868 [INFO] vicuna:33b | prompt11.jinja | iteration 1 | trial 10/20
2026-09-25 14:53:15,004 [INFO] vicuna:33b | prompt11.jinja | iteration 1 | trial 11/20
2026-09-25 14:54:04,848 [INFO] vicuna:33b | prompt11.jinja | iteration 1 | trial 12/20
2026-09-25 14:55:30,934 [INFO] vicuna:33b | prompt11.jinja | iteration 1 | trial 13/20
2026-09-25 14:57:27,050 [INFO] vicuna:33b | prompt11.jinja | iteration 1 | trial 14/20
2026-09-25 14:59:41,203 [INFO] vicuna:33b | prompt11.jinja | iteration 1 | trial 15/20
2026-09-25 15:01:53,026 [INFO] vicuna:33b | prompt11.jinja | iteration 1 | trial 16/20
2026-09-25 15:03:27,526 [INFO] vicuna:33b | prompt11.jinja | iteration 1 | trial 17/20
2026-09-25 15:05:21,279 [INFO] vicuna:33b | prompt11.jinja | iteration 1 | trial 18/20
2026-09-25 15:15:21,305 [WARNING] vicuna:33b | prompt11.jinja | iteration 1 | trial 18 failed: Timed out after 600s (saved failed_vicuna:33b_1790348721279549120.json)
2026-09-25 15:15:21,305 [INFO] vicuna:33b | prompt11.jinja | iteration 1 | trial 19/20
2026-09-25 15:15:26,600 [INFO] vicuna:33b | prompt11.jinja | iteration 1 | trial 20/20
2026-09-25 15:16:34,210 [INFO] vicuna:33b | prompt2.jinja | iteration 1 | trial 1/20
2026-09-25 15:17:20,247 [INFO] vicuna:33b | prompt2.jinja | iteration 1 | trial 2/20
2026-09-25 15:20:27,140 [INFO] vicuna:33b | prompt2.jinja | iteration 1 | trial 3/20
2026-09-25 15:21:18,033 [INFO] vicuna:33b | prompt2.jinja | iteration 1 | trial 4/20
2026-09-25 15:21:49,831 [INFO] vicuna:33b | prompt2.jinja | iteration 1 | trial 5/20
2026-09-25 15:22:36,365 [INFO] vicuna:33b | prompt2.jinja | iteration 1 | trial 6/20
2026-09-25 15:23:25,515 [INFO] vicuna:33b | prompt2.jinja | iteration 1 | trial 7/20
2026-09-25 15:24:01,553 [INFO] vicuna:33b | prompt2.jinja | iteration 1 | trial 8/20
2026-09-25 15:24:42,430 [INFO] vicuna:33b | prompt2.jinja | iteration 1 | trial 9/20
2026-09-25 15:25:36,449 [INFO] vicuna:33b | prompt2.jinja | iteration 1 | trial 10/20
2026-09-25 15:26:38,019 [INFO] vicuna:33b | prompt2.jinja | iteration 1 | trial 11/20
2026-09-25 15:27:07,408 [INFO] vicuna:33b | prompt2.jinja | iteration 1 | trial 12/20
2026-09-25 15:28:02,834 [INFO] vicuna:33b | prompt2.jinja | iteration 1 | trial 13/20
2026-09-25 15:28:53,191 [INFO] vicuna:33b | prompt2.jinja | iteration 1 | trial 14/20
2026-09-25 15:30:27,710 [INFO] vicuna:33b | prompt2.jinja | iteration 1 | trial 15/20
2026-09-25 15:33:40,986 [INFO] vicuna:33b | prompt2.jinja | iteration 1 | trial 16/20
2026-09-25 15:35:36,871 [INFO] vicuna:33b | prompt2.jinja | iteration 1 | trial 17/20
2026-09-25 15:45:36,930 [WARNING] vicuna:33b | prompt2.jinja | iteration 1 | trial 17 failed: Timed out after 600s (saved failed_vicuna:33b_1790350536871867889.json)
2026-09-25 15:45:36,931 [INFO] vicuna:33b | prompt2.jinja | iteration 1 | trial 18/20
2026-09-25 15:46:44,930 [INFO] vicuna:33b | prompt2.jinja | iteration 1 | trial 19/20
2026-09-25 15:47:47,197 [INFO] vicuna:33b | prompt2.jinja | iteration 1 | trial 20/20
2026-09-25 15:48:39,857 [INFO] vicuna:33b | prompt3.jinja | iteration 1 | trial 1/20
2026-09-25 15:49:30,960 [INFO] vicuna:33b | prompt3.jinja | iteration 1 | trial 2/20
2026-09-25 15:50:06,779 [INFO] vicuna:33b | prompt3.jinja | iteration 1 | trial 3/20
2026-09-25 15:51:25,064 [INFO] vicuna:33b | prompt3.jinja | iteration 1 | trial 4/20
2026-09-25 15:52:22,827 [INFO] vicuna:33b | prompt3.jinja | iteration 1 | trial 5/20
2026-09-25 15:53:49,528 [INFO] vicuna:33b | prompt3.jinja | iteration 1 | trial 6/20
2026-09-25 15:56:27,002 [INFO] vicuna:33b | prompt3.jinja | iteration 1 | trial 7/20
2026-09-25 15:58:30,082 [INFO] vicuna:33b | prompt3.jinja | iteration 1 | trial 8/20
2026-09-25 16:03:47,343 [INFO] vicuna:33b | prompt3.jinja | iteration 1 | trial 9/20
2026-09-25 16:03:53,097 [INFO] vicuna:33b | prompt3.jinja | iteration 1 | trial 10/20
2026-09-25 16:03:56,935 [INFO] vicuna:33b | prompt3.jinja | iteration 1 | trial 11/20
2026-09-25 16:05:16,250 [INFO] vicuna:33b | prompt3.jinja | iteration 1 | trial 12/20
2026-09-25 16:05:43,288 [INFO] vicuna:33b | prompt3.jinja | iteration 1 | trial 13/20
2026-09-25 16:07:38,894 [INFO] vicuna:33b | prompt3.jinja | iteration 1 | trial 14/20
2026-09-25 16:08:42,421 [INFO] vicuna:33b | prompt3.jinja | iteration 1 | trial 15/20
2026-09-25 16:08:48,040 [INFO] vicuna:33b | prompt3.jinja | iteration 1 | trial 16/20
2026-09-25 16:10:38,981 [WARNING] vicuna:33b | prompt3.jinja | iteration 1 | trial 16: detector flagged repetition but the answer was valid
2026-09-25 16:10:38,982 [INFO] vicuna:33b | prompt3.jinja | iteration 1 | trial 17/20
2026-09-25 16:10:44,809 [INFO] vicuna:33b | prompt3.jinja | iteration 1 | trial 18/20
2026-09-25 16:10:48,652 [INFO] vicuna:33b | prompt3.jinja | iteration 1 | trial 19/20
2026-09-25 16:17:25,827 [INFO] vicuna:33b | prompt3.jinja | iteration 1 | trial 20/20
2026-09-25 16:17:31,668 [INFO] vicuna:33b | prompt4.jinja | iteration 1 | trial 1/20
2026-09-25 16:18:16,365 [INFO] vicuna:33b | prompt4.jinja | iteration 1 | trial 2/20
2026-09-25 16:18:54,473 [INFO] vicuna:33b | prompt4.jinja | iteration 1 | trial 3/20
2026-09-25 16:19:25,452 [INFO] vicuna:33b | prompt4.jinja | iteration 1 | trial 4/20
2026-09-25 16:20:22,458 [INFO] vicuna:33b | prompt4.jinja | iteration 1 | trial 5/20
2026-09-25 16:22:10,889 [INFO] vicuna:33b | prompt4.jinja | iteration 1 | trial 6/20
2026-09-25 16:22:59,597 [INFO] vicuna:33b | prompt4.jinja | iteration 1 | trial 7/20
2026-09-25 16:23:47,479 [INFO] vicuna:33b | prompt4.jinja | iteration 1 | trial 8/20
2026-09-25 16:24:36,655 [INFO] vicuna:33b | prompt4.jinja | iteration 1 | trial 9/20
2026-09-25 16:26:18,724 [INFO] vicuna:33b | prompt4.jinja | iteration 1 | trial 10/20
2026-09-25 16:27:46,823 [INFO] vicuna:33b | prompt4.jinja | iteration 1 | trial 11/20
2026-09-25 16:28:24,322 [INFO] vicuna:33b | prompt4.jinja | iteration 1 | trial 12/20
2026-09-25 16:29:48,277 [INFO] vicuna:33b | prompt4.jinja | iteration 1 | trial 13/20
2026-09-25 16:30:27,562 [INFO] vicuna:33b | prompt4.jinja | iteration 1 | trial 14/20
2026-09-25 16:33:29,376 [INFO] vicuna:33b | prompt4.jinja | iteration 1 | trial 15/20
2026-09-25 16:35:53,417 [INFO] vicuna:33b | prompt4.jinja | iteration 1 | trial 16/20
2026-09-25 16:37:23,953 [INFO] vicuna:33b | prompt4.jinja | iteration 1 | trial 17/20
2026-09-25 16:38:43,815 [INFO] vicuna:33b | prompt4.jinja | iteration 1 | trial 18/20
2026-09-25 16:40:53,466 [INFO] vicuna:33b | prompt4.jinja | iteration 1 | trial 19/20
2026-09-25 16:41:37,762 [INFO] vicuna:33b | prompt4.jinja | iteration 1 | trial 20/20
2026-09-25 16:42:38,293 [INFO] vicuna:33b | prompt5.jinja | iteration 1 | trial 1/20
2026-09-25 16:43:37,412 [INFO] vicuna:33b | prompt5.jinja | iteration 1 | trial 2/20
2026-09-25 16:44:48,698 [INFO] vicuna:33b | prompt5.jinja | iteration 1 | trial 3/20
2026-09-25 16:45:14,446 [INFO] vicuna:33b | prompt5.jinja | iteration 1 | trial 4/20
2026-09-25 16:45:58,459 [INFO] vicuna:33b | prompt5.jinja | iteration 1 | trial 5/20
2026-09-25 16:46:31,934 [INFO] vicuna:33b | prompt5.jinja | iteration 1 | trial 6/20
2026-09-25 16:47:04,755 [INFO] vicuna:33b | prompt5.jinja | iteration 1 | trial 7/20
2026-09-25 16:47:40,668 [INFO] vicuna:33b | prompt5.jinja | iteration 1 | trial 8/20
2026-09-25 16:48:28,176 [INFO] vicuna:33b | prompt5.jinja | iteration 1 | trial 9/20
2026-09-25 16:50:02,900 [INFO] vicuna:33b | prompt5.jinja | iteration 1 | trial 10/20
2026-09-25 16:52:32,420 [INFO] vicuna:33b | prompt5.jinja | iteration 1 | trial 11/20
2026-09-25 16:53:11,298 [INFO] vicuna:33b | prompt5.jinja | iteration 1 | trial 12/20
2026-09-25 16:54:01,200 [INFO] vicuna:33b | prompt5.jinja | iteration 1 | trial 13/20
2026-09-25 16:54:40,756 [INFO] vicuna:33b | prompt5.jinja | iteration 1 | trial 14/20
2026-09-25 16:57:11,443 [INFO] vicuna:33b | prompt5.jinja | iteration 1 | trial 15/20
2026-09-25 16:58:17,317 [INFO] vicuna:33b | prompt5.jinja | iteration 1 | trial 16/20
2026-09-25 16:59:31,687 [INFO] vicuna:33b | prompt5.jinja | iteration 1 | trial 17/20
2026-09-25 17:00:16,657 [INFO] vicuna:33b | prompt5.jinja | iteration 1 | trial 18/20
2026-09-25 17:01:42,726 [INFO] vicuna:33b | prompt5.jinja | iteration 1 | trial 19/20
2026-09-25 17:03:43,749 [INFO] vicuna:33b | prompt5.jinja | iteration 1 | trial 20/20
2026-09-25 17:04:46,394 [INFO] vicuna:33b | prompt6.jinja | iteration 1 | trial 1/20
2026-09-25 17:05:23,513 [INFO] vicuna:33b | prompt6.jinja | iteration 1 | trial 2/20
2026-09-25 17:05:42,499 [INFO] vicuna:33b | prompt6.jinja | iteration 1 | trial 3/20
2026-09-25 17:06:17,180 [INFO] vicuna:33b | prompt6.jinja | iteration 1 | trial 4/20
2026-09-25 17:06:25,737 [INFO] vicuna:33b | prompt6.jinja | iteration 1 | trial 5/20
2026-09-25 17:07:07,075 [INFO] vicuna:33b | prompt6.jinja | iteration 1 | trial 6/20
2026-09-25 17:07:48,648 [INFO] vicuna:33b | prompt6.jinja | iteration 1 | trial 7/20
2026-09-25 17:09:45,021 [INFO] vicuna:33b | prompt6.jinja | iteration 1 | trial 8/20
2026-09-25 17:10:43,529 [INFO] vicuna:33b | prompt6.jinja | iteration 1 | trial 9/20
2026-09-25 17:11:20,942 [INFO] vicuna:33b | prompt6.jinja | iteration 1 | trial 10/20
2026-09-25 17:12:03,297 [INFO] vicuna:33b | prompt6.jinja | iteration 1 | trial 11/20
2026-09-25 17:12:34,082 [INFO] vicuna:33b | prompt6.jinja | iteration 1 | trial 12/20
2026-09-25 17:14:09,071 [INFO] vicuna:33b | prompt6.jinja | iteration 1 | trial 13/20
2026-09-25 17:14:13,855 [INFO] vicuna:33b | prompt6.jinja | iteration 1 | trial 14/20
2026-09-25 17:14:17,793 [INFO] vicuna:33b | prompt6.jinja | iteration 1 | trial 15/20
2026-09-25 17:14:21,728 [INFO] vicuna:33b | prompt6.jinja | iteration 1 | trial 16/20
2026-09-25 17:14:49,476 [INFO] vicuna:33b | prompt6.jinja | iteration 1 | trial 17/20
2026-09-25 17:14:53,601 [INFO] vicuna:33b | prompt6.jinja | iteration 1 | trial 18/20
2026-09-25 17:14:57,295 [INFO] vicuna:33b | prompt6.jinja | iteration 1 | trial 19/20
2026-09-25 17:15:43,931 [INFO] vicuna:33b | prompt6.jinja | iteration 1 | trial 20/20
2026-09-25 17:16:33,570 [INFO] vicuna:33b | prompt7.jinja | iteration 1 | trial 1/20
2026-09-25 17:17:32,827 [INFO] vicuna:33b | prompt7.jinja | iteration 1 | trial 2/20
2026-09-25 17:18:34,316 [INFO] vicuna:33b | prompt7.jinja | iteration 1 | trial 3/20
2026-09-25 17:20:20,330 [INFO] vicuna:33b | prompt7.jinja | iteration 1 | trial 4/20
2026-09-25 17:22:44,893 [INFO] vicuna:33b | prompt7.jinja | iteration 1 | trial 5/20
2026-09-25 17:24:30,785 [WARNING] vicuna:33b | prompt7.jinja | iteration 1 | trial 5: detector flagged repetition but the answer was valid
2026-09-25 17:24:30,785 [INFO] vicuna:33b | prompt7.jinja | iteration 1 | trial 6/20
2026-09-25 17:25:52,758 [INFO] vicuna:33b | prompt7.jinja | iteration 1 | trial 7/20
2026-09-25 17:26:34,086 [INFO] vicuna:33b | prompt7.jinja | iteration 1 | trial 8/20
2026-09-25 17:27:14,746 [INFO] vicuna:33b | prompt7.jinja | iteration 1 | trial 9/20
2026-09-25 17:28:26,462 [INFO] vicuna:33b | prompt7.jinja | iteration 1 | trial 10/20
2026-09-25 17:29:53,722 [INFO] vicuna:33b | prompt7.jinja | iteration 1 | trial 11/20
2026-09-25 17:31:47,060 [INFO] vicuna:33b | prompt7.jinja | iteration 1 | trial 12/20
2026-09-25 17:32:41,515 [INFO] vicuna:33b | prompt7.jinja | iteration 1 | trial 13/20
2026-09-25 17:34:10,939 [INFO] vicuna:33b | prompt7.jinja | iteration 1 | trial 14/20
2026-09-25 17:35:32,807 [INFO] vicuna:33b | prompt7.jinja | iteration 1 | trial 15/20
2026-09-25 17:38:23,199 [INFO] vicuna:33b | prompt7.jinja | iteration 1 | trial 16/20
2026-09-25 17:38:57,480 [INFO] vicuna:33b | prompt7.jinja | iteration 1 | trial 17/20
2026-09-25 17:39:46,011 [INFO] vicuna:33b | prompt7.jinja | iteration 1 | trial 18/20
2026-09-25 17:41:02,287 [INFO] vicuna:33b | prompt7.jinja | iteration 1 | trial 19/20
2026-09-25 17:43:02,346 [INFO] vicuna:33b | prompt7.jinja | iteration 1 | trial 20/20
2026-09-25 17:45:03,154 [INFO] vicuna:33b | prompt8.jinja | iteration 1 | trial 1/20
2026-09-25 17:45:27,515 [INFO] vicuna:33b | prompt8.jinja | iteration 1 | trial 2/20
2026-09-25 17:45:49,873 [INFO] vicuna:33b | prompt8.jinja | iteration 1 | trial 3/20
2026-09-25 17:46:29,388 [INFO] vicuna:33b | prompt8.jinja | iteration 1 | trial 4/20
2026-09-25 17:47:00,554 [INFO] vicuna:33b | prompt8.jinja | iteration 1 | trial 5/20
2026-09-25 17:47:40,287 [INFO] vicuna:33b | prompt8.jinja | iteration 1 | trial 6/20
2026-09-25 17:48:09,390 [INFO] vicuna:33b | prompt8.jinja | iteration 1 | trial 7/20
2026-09-25 17:48:43,234 [INFO] vicuna:33b | prompt8.jinja | iteration 1 | trial 8/20
2026-09-25 17:49:10,785 [INFO] vicuna:33b | prompt8.jinja | iteration 1 | trial 9/20
2026-09-25 17:51:24,854 [INFO] vicuna:33b | prompt8.jinja | iteration 1 | trial 10/20
2026-09-25 17:51:47,399 [INFO] vicuna:33b | prompt8.jinja | iteration 1 | trial 11/20
2026-09-25 17:52:17,929 [INFO] vicuna:33b | prompt8.jinja | iteration 1 | trial 12/20
2026-09-25 17:52:42,099 [INFO] vicuna:33b | prompt8.jinja | iteration 1 | trial 13/20
2026-09-25 17:53:04,018 [INFO] vicuna:33b | prompt8.jinja | iteration 1 | trial 14/20
2026-09-25 17:54:03,257 [INFO] vicuna:33b | prompt8.jinja | iteration 1 | trial 15/20
2026-09-25 17:55:13,904 [INFO] vicuna:33b | prompt8.jinja | iteration 1 | trial 16/20
2026-09-25 17:55:50,737 [INFO] vicuna:33b | prompt8.jinja | iteration 1 | trial 17/20
2026-09-25 17:56:22,035 [INFO] vicuna:33b | prompt8.jinja | iteration 1 | trial 18/20
2026-09-25 17:56:59,503 [INFO] vicuna:33b | prompt8.jinja | iteration 1 | trial 19/20
2026-09-25 17:57:31,828 [INFO] vicuna:33b | prompt8.jinja | iteration 1 | trial 20/20
2026-09-25 17:57:57,899 [INFO] vicuna:33b | prompt9.jinja | iteration 1 | trial 1/20
2026-09-25 17:58:57,623 [INFO] vicuna:33b | prompt9.jinja | iteration 1 | trial 2/20
2026-09-25 17:59:28,644 [INFO] vicuna:33b | prompt9.jinja | iteration 1 | trial 3/20
2026-09-25 17:59:57,618 [INFO] vicuna:33b | prompt9.jinja | iteration 1 | trial 4/20
2026-09-25 18:00:43,176 [INFO] vicuna:33b | prompt9.jinja | iteration 1 | trial 5/20
2026-09-25 18:01:19,186 [INFO] vicuna:33b | prompt9.jinja | iteration 1 | trial 6/20
2026-09-25 18:01:51,987 [INFO] vicuna:33b | prompt9.jinja | iteration 1 | trial 7/20
2026-09-25 18:02:22,935 [INFO] vicuna:33b | prompt9.jinja | iteration 1 | trial 8/20
2026-09-25 18:03:21,010 [INFO] vicuna:33b | prompt9.jinja | iteration 1 | trial 9/20
2026-09-25 18:04:23,156 [INFO] vicuna:33b | prompt9.jinja | iteration 1 | trial 10/20
2026-09-25 18:05:17,162 [INFO] vicuna:33b | prompt9.jinja | iteration 1 | trial 11/20
2026-09-25 18:05:50,581 [INFO] vicuna:33b | prompt9.jinja | iteration 1 | trial 12/20
2026-09-25 18:06:46,001 [INFO] vicuna:33b | prompt9.jinja | iteration 1 | trial 13/20
2026-09-25 18:07:15,987 [INFO] vicuna:33b | prompt9.jinja | iteration 1 | trial 14/20
2026-09-25 18:08:05,336 [INFO] vicuna:33b | prompt9.jinja | iteration 1 | trial 15/20
2026-09-25 18:09:25,394 [INFO] vicuna:33b | prompt9.jinja | iteration 1 | trial 16/20
2026-09-25 18:11:53,329 [INFO] vicuna:33b | prompt9.jinja | iteration 1 | trial 17/20
2026-09-25 18:12:33,525 [INFO] vicuna:33b | prompt9.jinja | iteration 1 | trial 18/20
2026-09-25 18:13:21,881 [INFO] vicuna:33b | prompt9.jinja | iteration 1 | trial 19/20
2026-09-25 18:13:53,473 [INFO] vicuna:33b | prompt9.jinja | iteration 1 | trial 20/20
2026-09-25 18:14:47,129 [INFO] vicuna:33b | security-incremental-1.jinja | iteration 1 | trial 1/20
2026-09-25 18:15:58,166 [INFO] vicuna:33b | security-incremental-1.jinja | iteration 1 | trial 2/20
2026-09-25 18:17:21,455 [INFO] vicuna:33b | security-incremental-1.jinja | iteration 1 | trial 3/20
2026-09-25 18:20:07,143 [INFO] vicuna:33b | security-incremental-1.jinja | iteration 1 | trial 4/20
2026-09-25 18:22:27,307 [INFO] vicuna:33b | security-incremental-1.jinja | iteration 1 | trial 5/20
2026-09-25 18:23:29,960 [INFO] vicuna:33b | security-incremental-1.jinja | iteration 1 | trial 6/20
2026-09-25 18:24:53,891 [INFO] vicuna:33b | security-incremental-1.jinja | iteration 1 | trial 7/20
2026-09-25 18:26:39,683 [INFO] vicuna:33b | security-incremental-1.jinja | iteration 1 | trial 8/20
2026-09-25 18:28:54,775 [INFO] vicuna:33b | security-incremental-1.jinja | iteration 1 | trial 9/20
2026-09-25 18:30:17,281 [INFO] vicuna:33b | security-incremental-1.jinja | iteration 1 | trial 10/20
2026-09-25 18:32:20,068 [INFO] vicuna:33b | security-incremental-1.jinja | iteration 1 | trial 11/20
2026-09-25 18:34:30,154 [INFO] vicuna:33b | security-incremental-1.jinja | iteration 1 | trial 12/20
2026-09-25 18:44:30,181 [WARNING] vicuna:33b | security-incremental-1.jinja | iteration 1 | trial 12 failed: Timed out after 600s (saved failed_vicuna:33b_1790361270154941783.json)
2026-09-25 18:44:30,181 [INFO] vicuna:33b | security-incremental-1.jinja | iteration 1 | trial 13/20
2026-09-25 18:46:28,319 [INFO] vicuna:33b | security-incremental-1.jinja | iteration 1 | trial 14/20
2026-09-25 18:49:24,476 [INFO] vicuna:33b | security-incremental-1.jinja | iteration 1 | trial 15/20
2026-09-25 18:50:43,078 [INFO] vicuna:33b | security-incremental-1.jinja | iteration 1 | trial 16/20
2026-09-25 19:00:43,152 [WARNING] vicuna:33b | security-incremental-1.jinja | iteration 1 | trial 16 failed: Timed out after 600s (saved failed_vicuna:33b_1790362243079035074.json)
2026-09-25 19:00:43,153 [INFO] vicuna:33b | security-incremental-1.jinja | iteration 1 | trial 17/20
2026-09-25 19:02:39,047 [INFO] vicuna:33b | security-incremental-1.jinja | iteration 1 | trial 18/20
2026-09-25 19:05:46,094 [INFO] vicuna:33b | security-incremental-1.jinja | iteration 1 | trial 19/20
2026-09-25 19:06:53,459 [INFO] vicuna:33b | security-incremental-1.jinja | iteration 1 | trial 20/20
2026-09-25 19:09:57,723 [INFO] vicuna:33b | prompt1.jinja | iteration 2 | trial 1/20
2026-09-25 19:13:10,814 [INFO] vicuna:33b | prompt1.jinja | iteration 2 | trial 2/20
2026-09-25 19:14:28,685 [INFO] vicuna:33b | prompt1.jinja | iteration 2 | trial 3/20
2026-09-25 19:16:27,847 [INFO] vicuna:33b | prompt1.jinja | iteration 2 | trial 4/20
2026-09-25 19:22:10,153 [INFO] vicuna:33b | prompt1.jinja | iteration 2 | trial 5/20
2026-09-25 19:25:08,164 [INFO] vicuna:33b | prompt1.jinja | iteration 2 | trial 6/20
2026-09-25 19:29:00,612 [INFO] vicuna:33b | prompt1.jinja | iteration 2 | trial 7/20
2026-09-25 19:39:00,707 [WARNING] vicuna:33b | prompt1.jinja | iteration 2 | trial 7 failed: Timed out after 600s (saved failed_vicuna:33b_1790364540613113325.json)
2026-09-25 19:39:00,707 [INFO] vicuna:33b | prompt1.jinja | iteration 2 | trial 8/20
2026-09-25 19:41:02,383 [INFO] vicuna:33b | prompt1.jinja | iteration 2 | trial 9/20
2026-09-25 19:47:31,863 [INFO] vicuna:33b | prompt1.jinja | iteration 2 | trial 10/20
2026-09-25 19:48:36,567 [INFO] vicuna:33b | prompt1.jinja | iteration 2 | trial 11/20
2026-09-25 19:48:43,081 [INFO] vicuna:33b | prompt1.jinja | iteration 2 | trial 12/20
2026-09-25 19:53:09,491 [INFO] vicuna:33b | prompt1.jinja | iteration 2 | trial 13/20
2026-09-25 20:03:09,556 [WARNING] vicuna:33b | prompt1.jinja | iteration 2 | trial 13 failed: Timed out after 600s (saved failed_vicuna:33b_1790365989491218826.json)
2026-09-25 20:03:09,556 [INFO] vicuna:33b | prompt1.jinja | iteration 2 | trial 14/20
2026-09-25 20:03:55,192 [INFO] vicuna:33b | prompt1.jinja | iteration 2 | trial 15/20
2026-09-25 20:04:58,643 [INFO] vicuna:33b | prompt1.jinja | iteration 2 | trial 16/20
2026-09-25 20:07:55,864 [INFO] vicuna:33b | prompt1.jinja | iteration 2 | trial 17/20
2026-09-25 20:09:14,267 [INFO] vicuna:33b | prompt1.jinja | iteration 2 | trial 18/20
2026-09-25 20:10:24,588 [INFO] vicuna:33b | prompt1.jinja | iteration 2 | trial 19/20
2026-09-25 20:13:16,979 [INFO] vicuna:33b | prompt1.jinja | iteration 2 | trial 20/20
2026-09-25 20:19:05,771 [INFO] vicuna:33b | prompt10.jinja | iteration 2 | trial 1/20
2026-09-25 20:19:51,807 [INFO] vicuna:33b | prompt10.jinja | iteration 2 | trial 2/20
2026-09-25 20:21:09,694 [INFO] vicuna:33b | prompt10.jinja | iteration 2 | trial 3/20
2026-09-25 20:21:31,666 [INFO] vicuna:33b | prompt10.jinja | iteration 2 | trial 4/20
2026-09-25 20:22:01,061 [INFO] vicuna:33b | prompt10.jinja | iteration 2 | trial 5/20
2026-09-25 20:22:32,382 [INFO] vicuna:33b | prompt10.jinja | iteration 2 | trial 6/20
2026-09-25 20:22:57,553 [INFO] vicuna:33b | prompt10.jinja | iteration 2 | trial 7/20
2026-09-25 20:25:40,280 [INFO] vicuna:33b | prompt10.jinja | iteration 2 | trial 8/20
2026-09-25 20:26:09,214 [INFO] vicuna:33b | prompt10.jinja | iteration 2 | trial 9/20
2026-09-25 20:27:24,815 [INFO] vicuna:33b | prompt10.jinja | iteration 2 | trial 10/20
2026-09-25 20:28:18,415 [INFO] vicuna:33b | prompt10.jinja | iteration 2 | trial 11/20
2026-09-25 20:28:50,094 [INFO] vicuna:33b | prompt10.jinja | iteration 2 | trial 12/20
2026-09-25 20:31:18,051 [INFO] vicuna:33b | prompt10.jinja | iteration 2 | trial 13/20
2026-09-25 20:31:59,222 [INFO] vicuna:33b | prompt10.jinja | iteration 2 | trial 14/20
2026-09-25 20:32:18,150 [INFO] vicuna:33b | prompt10.jinja | iteration 2 | trial 15/20
2026-09-25 20:32:51,040 [INFO] vicuna:33b | prompt10.jinja | iteration 2 | trial 16/20
2026-09-25 20:34:20,150 [INFO] vicuna:33b | prompt10.jinja | iteration 2 | trial 17/20
2026-09-25 20:34:58,995 [INFO] vicuna:33b | prompt10.jinja | iteration 2 | trial 18/20
2026-09-25 20:36:44,869 [INFO] vicuna:33b | prompt10.jinja | iteration 2 | trial 19/20
2026-09-25 20:37:39,887 [INFO] vicuna:33b | prompt10.jinja | iteration 2 | trial 20/20
2026-09-25 20:38:12,008 [INFO] vicuna:33b | prompt11.jinja | iteration 2 | trial 1/20
2026-09-25 20:38:42,341 [INFO] vicuna:33b | prompt11.jinja | iteration 2 | trial 2/20
2026-09-25 20:38:46,851 [INFO] vicuna:33b | prompt11.jinja | iteration 2 | trial 3/20
2026-09-25 20:39:30,710 [INFO] vicuna:33b | prompt11.jinja | iteration 2 | trial 4/20
2026-09-25 20:41:08,848 [INFO] vicuna:33b | prompt11.jinja | iteration 2 | trial 5/20
2026-09-25 20:43:36,519 [INFO] vicuna:33b | prompt11.jinja | iteration 2 | trial 6/20
2026-09-25 20:46:10,921 [INFO] vicuna:33b | prompt11.jinja | iteration 2 | trial 7/20
2026-09-25 20:47:54,200 [INFO] vicuna:33b | prompt11.jinja | iteration 2 | trial 8/20
2026-09-25 20:47:58,921 [INFO] vicuna:33b | prompt11.jinja | iteration 2 | trial 9/20
2026-09-25 20:49:15,557 [INFO] vicuna:33b | prompt11.jinja | iteration 2 | trial 10/20
2026-09-25 20:51:32,725 [INFO] vicuna:33b | prompt11.jinja | iteration 2 | trial 11/20
2026-09-25 20:53:13,774 [INFO] vicuna:33b | prompt11.jinja | iteration 2 | trial 12/20
2026-09-25 20:55:23,223 [INFO] vicuna:33b | prompt11.jinja | iteration 2 | trial 13/20
2026-09-25 20:56:56,152 [INFO] vicuna:33b | prompt11.jinja | iteration 2 | trial 14/20
2026-09-25 20:57:02,076 [INFO] vicuna:33b | prompt11.jinja | iteration 2 | trial 15/20
2026-09-25 20:57:06,122 [INFO] vicuna:33b | prompt11.jinja | iteration 2 | trial 16/20
2026-09-25 20:58:29,126 [INFO] vicuna:33b | prompt11.jinja | iteration 2 | trial 17/20
2026-09-25 20:58:34,523 [INFO] vicuna:33b | prompt11.jinja | iteration 2 | trial 18/20
2026-09-25 20:59:17,864 [INFO] vicuna:33b | prompt11.jinja | iteration 2 | trial 19/20
2026-09-25 21:01:44,533 [INFO] vicuna:33b | prompt11.jinja | iteration 2 | trial 20/20
2026-09-25 21:03:19,682 [INFO] vicuna:33b | prompt2.jinja | iteration 2 | trial 1/20
2026-09-25 21:04:22,701 [INFO] vicuna:33b | prompt2.jinja | iteration 2 | trial 2/20
2026-09-25 21:04:43,553 [INFO] vicuna:33b | prompt2.jinja | iteration 2 | trial 3/20
2026-09-25 21:08:35,591 [INFO] vicuna:33b | prompt2.jinja | iteration 2 | trial 4/20
2026-09-25 21:09:18,328 [INFO] vicuna:33b | prompt2.jinja | iteration 2 | trial 5/20
2026-09-25 21:09:47,705 [INFO] vicuna:33b | prompt2.jinja | iteration 2 | trial 6/20
2026-09-25 21:10:35,768 [INFO] vicuna:33b | prompt2.jinja | iteration 2 | trial 7/20
2026-09-25 21:12:17,346 [INFO] vicuna:33b | prompt2.jinja | iteration 2 | trial 8/20
2026-09-25 21:13:51,017 [INFO] vicuna:33b | prompt2.jinja | iteration 2 | trial 9/20
2026-09-25 21:14:51,931 [INFO] vicuna:33b | prompt2.jinja | iteration 2 | trial 10/20
2026-09-25 21:16:50,432 [INFO] vicuna:33b | prompt2.jinja | iteration 2 | trial 11/20
2026-09-25 21:19:19,294 [INFO] vicuna:33b | prompt2.jinja | iteration 2 | trial 12/20
2026-09-25 21:21:23,002 [INFO] vicuna:33b | prompt2.jinja | iteration 2 | trial 13/20
2026-09-25 21:22:35,457 [INFO] vicuna:33b | prompt2.jinja | iteration 2 | trial 14/20
2026-09-25 21:32:35,546 [WARNING] vicuna:33b | prompt2.jinja | iteration 2 | trial 14 failed: Timed out after 600s (saved failed_vicuna:33b_1790371355457181176.json)
2026-09-25 21:32:35,546 [INFO] vicuna:33b | prompt2.jinja | iteration 2 | trial 15/20
2026-09-25 21:33:06,854 [INFO] vicuna:33b | prompt2.jinja | iteration 2 | trial 16/20
2026-09-25 21:33:24,434 [INFO] vicuna:33b | prompt2.jinja | iteration 2 | trial 17/20
2026-09-25 21:36:00,086 [INFO] vicuna:33b | prompt2.jinja | iteration 2 | trial 18/20
2026-09-25 21:36:36,158 [INFO] vicuna:33b | prompt2.jinja | iteration 2 | trial 19/20
2026-09-25 21:38:08,826 [INFO] vicuna:33b | prompt2.jinja | iteration 2 | trial 20/20
2026-09-25 21:38:44,739 [INFO] vicuna:33b | prompt3.jinja | iteration 2 | trial 1/20
2026-09-25 21:41:26,873 [INFO] vicuna:33b | prompt3.jinja | iteration 2 | trial 2/20
2026-09-25 21:42:35,105 [INFO] vicuna:33b | prompt3.jinja | iteration 2 | trial 3/20
2026-09-25 21:43:44,950 [INFO] vicuna:33b | prompt3.jinja | iteration 2 | trial 4/20
2026-09-25 21:44:39,588 [INFO] vicuna:33b | prompt3.jinja | iteration 2 | trial 5/20
2026-09-25 21:46:31,171 [INFO] vicuna:33b | prompt3.jinja | iteration 2 | trial 6/20
2026-09-25 21:47:45,665 [INFO] vicuna:33b | prompt3.jinja | iteration 2 | trial 7/20
2026-09-25 21:49:07,716 [INFO] vicuna:33b | prompt3.jinja | iteration 2 | trial 8/20
2026-09-25 21:50:51,414 [INFO] vicuna:33b | prompt3.jinja | iteration 2 | trial 9/20
2026-09-25 21:53:10,865 [INFO] vicuna:33b | prompt3.jinja | iteration 2 | trial 10/20
2026-09-25 21:55:57,403 [INFO] vicuna:33b | prompt3.jinja | iteration 2 | trial 11/20
2026-09-25 21:58:10,243 [INFO] vicuna:33b | prompt3.jinja | iteration 2 | trial 12/20
2026-09-25 21:59:08,113 [INFO] vicuna:33b | prompt3.jinja | iteration 2 | trial 13/20
2026-09-25 22:00:13,859 [INFO] vicuna:33b | prompt3.jinja | iteration 2 | trial 14/20
2026-09-25 22:02:09,920 [INFO] vicuna:33b | prompt3.jinja | iteration 2 | trial 15/20
2026-09-25 22:04:06,480 [INFO] vicuna:33b | prompt3.jinja | iteration 2 | trial 16/20
2026-09-25 22:04:11,640 [INFO] vicuna:33b | prompt3.jinja | iteration 2 | trial 17/20
2026-09-25 22:08:59,032 [INFO] vicuna:33b | prompt3.jinja | iteration 2 | trial 18/20
2026-09-25 22:10:50,649 [INFO] vicuna:33b | prompt3.jinja | iteration 2 | trial 19/20
2026-09-25 22:12:24,751 [INFO] vicuna:33b | prompt3.jinja | iteration 2 | trial 20/20
2026-09-25 22:12:30,263 [INFO] vicuna:33b | prompt4.jinja | iteration 2 | trial 1/20
2026-09-25 22:13:21,133 [INFO] vicuna:33b | prompt4.jinja | iteration 2 | trial 2/20
2026-09-25 22:13:48,401 [INFO] vicuna:33b | prompt4.jinja | iteration 2 | trial 3/20
2026-09-25 22:14:46,299 [INFO] vicuna:33b | prompt4.jinja | iteration 2 | trial 4/20
2026-09-25 22:15:26,896 [INFO] vicuna:33b | prompt4.jinja | iteration 2 | trial 5/20
2026-09-25 22:16:23,641 [INFO] vicuna:33b | prompt4.jinja | iteration 2 | trial 6/20
2026-09-25 22:17:50,884 [INFO] vicuna:33b | prompt4.jinja | iteration 2 | trial 7/20
2026-09-25 22:19:49,140 [INFO] vicuna:33b | prompt4.jinja | iteration 2 | trial 8/20
2026-09-25 22:21:02,439 [INFO] vicuna:33b | prompt4.jinja | iteration 2 | trial 9/20
2026-09-25 22:22:02,092 [INFO] vicuna:33b | prompt4.jinja | iteration 2 | trial 10/20
2026-09-25 22:23:14,142 [INFO] vicuna:33b | prompt4.jinja | iteration 2 | trial 11/20
2026-09-25 22:24:46,563 [INFO] vicuna:33b | prompt4.jinja | iteration 2 | trial 12/20
2026-09-25 22:25:44,422 [INFO] vicuna:33b | prompt4.jinja | iteration 2 | trial 13/20
2026-09-25 22:26:24,453 [INFO] vicuna:33b | prompt4.jinja | iteration 2 | trial 14/20
2026-09-25 22:27:55,743 [INFO] vicuna:33b | prompt4.jinja | iteration 2 | trial 15/20
2026-09-25 22:29:30,866 [INFO] vicuna:33b | prompt4.jinja | iteration 2 | trial 16/20
2026-09-25 22:30:28,009 [INFO] vicuna:33b | prompt4.jinja | iteration 2 | trial 17/20
2026-09-25 22:31:10,967 [INFO] vicuna:33b | prompt4.jinja | iteration 2 | trial 18/20
2026-09-25 22:32:45,662 [INFO] vicuna:33b | prompt4.jinja | iteration 2 | trial 19/20
2026-09-25 22:32:50,389 [INFO] vicuna:33b | prompt4.jinja | iteration 2 | trial 20/20
2026-09-25 22:35:28,470 [INFO] vicuna:33b | prompt5.jinja | iteration 2 | trial 1/20
2026-09-25 22:38:01,614 [INFO] vicuna:33b | prompt5.jinja | iteration 2 | trial 2/20
2026-09-25 22:38:48,286 [INFO] vicuna:33b | prompt5.jinja | iteration 2 | trial 3/20
2026-09-25 22:39:54,806 [INFO] vicuna:33b | prompt5.jinja | iteration 2 | trial 4/20
2026-09-25 22:41:16,920 [INFO] vicuna:33b | prompt5.jinja | iteration 2 | trial 5/20
2026-09-25 22:42:04,409 [INFO] vicuna:33b | prompt5.jinja | iteration 2 | trial 6/20
2026-09-25 22:44:12,844 [INFO] vicuna:33b | prompt5.jinja | iteration 2 | trial 7/20
2026-09-25 22:46:13,943 [INFO] vicuna:33b | prompt5.jinja | iteration 2 | trial 8/20
2026-09-25 22:48:06,858 [INFO] vicuna:33b | prompt5.jinja | iteration 2 | trial 9/20
2026-09-25 22:52:02,282 [INFO] vicuna:33b | prompt5.jinja | iteration 2 | trial 10/20
2026-09-25 22:58:41,820 [INFO] vicuna:33b | prompt5.jinja | iteration 2 | trial 11/20
2026-09-25 22:59:40,310 [INFO] vicuna:33b | prompt5.jinja | iteration 2 | trial 12/20
2026-09-25 23:00:33,617 [INFO] vicuna:33b | prompt5.jinja | iteration 2 | trial 13/20
2026-09-25 23:02:03,748 [INFO] vicuna:33b | prompt5.jinja | iteration 2 | trial 14/20
2026-09-25 23:03:23,125 [INFO] vicuna:33b | prompt5.jinja | iteration 2 | trial 15/20
2026-09-25 23:04:37,535 [INFO] vicuna:33b | prompt5.jinja | iteration 2 | trial 16/20
2026-09-25 23:10:54,250 [INFO] vicuna:33b | prompt5.jinja | iteration 2 | trial 17/20
2026-09-25 23:20:54,300 [WARNING] vicuna:33b | prompt5.jinja | iteration 2 | trial 17 failed: Timed out after 600s (saved failed_vicuna:33b_1790377854250546885.json)
2026-09-25 23:20:54,301 [INFO] vicuna:33b | prompt5.jinja | iteration 2 | trial 18/20
2026-09-25 23:30:54,312 [WARNING] vicuna:33b | prompt5.jinja | iteration 2 | trial 18 failed: Timed out after 600s (saved failed_vicuna:33b_1790378454301393392.json)
2026-09-25 23:30:54,312 [INFO] vicuna:33b | prompt5.jinja | iteration 2 | trial 19/20
2026-09-25 23:33:46,719 [INFO] vicuna:33b | prompt5.jinja | iteration 2 | trial 20/20
2026-09-25 23:35:26,873 [INFO] vicuna:33b | prompt6.jinja | iteration 2 | trial 1/20
2026-09-25 23:36:02,487 [INFO] vicuna:33b | prompt6.jinja | iteration 2 | trial 2/20
2026-09-25 23:37:06,639 [INFO] vicuna:33b | prompt6.jinja | iteration 2 | trial 3/20
2026-09-25 23:47:06,672 [WARNING] vicuna:33b | prompt6.jinja | iteration 2 | trial 3 failed: Timed out after 600s (saved failed_vicuna:33b_1790379426639337613.json)
2026-09-25 23:47:06,672 [INFO] vicuna:33b | prompt6.jinja | iteration 2 | trial 4/20
2026-09-25 23:48:15,443 [INFO] vicuna:33b | prompt6.jinja | iteration 2 | trial 5/20
2026-09-25 23:49:03,427 [INFO] vicuna:33b | prompt6.jinja | iteration 2 | trial 6/20
2026-09-25 23:50:50,673 [INFO] vicuna:33b | prompt6.jinja | iteration 2 | trial 7/20
2026-09-25 23:51:33,869 [INFO] vicuna:33b | prompt6.jinja | iteration 2 | trial 8/20
2026-09-25 23:52:49,396 [INFO] vicuna:33b | prompt6.jinja | iteration 2 | trial 9/20
2026-09-25 23:53:42,431 [INFO] vicuna:33b | prompt6.jinja | iteration 2 | trial 10/20
2026-09-25 23:54:36,902 [INFO] vicuna:33b | prompt6.jinja | iteration 2 | trial 11/20
2026-09-26 00:04:36,966 [WARNING] vicuna:33b | prompt6.jinja | iteration 2 | trial 11 failed: Timed out after 600s (saved failed_vicuna:33b_1790380476902284124.json)
2026-09-26 00:04:36,966 [INFO] vicuna:33b | prompt6.jinja | iteration 2 | trial 12/20
2026-09-26 00:06:54,612 [INFO] vicuna:33b | prompt6.jinja | iteration 2 | trial 13/20
2026-09-26 00:16:54,655 [WARNING] vicuna:33b | prompt6.jinja | iteration 2 | trial 13 failed: Timed out after 600s (saved failed_vicuna:33b_1790381214612511701.json)
2026-09-26 00:16:54,655 [INFO] vicuna:33b | prompt6.jinja | iteration 2 | trial 14/20
2026-09-26 00:17:55,571 [INFO] vicuna:33b | prompt6.jinja | iteration 2 | trial 15/20
2026-09-26 00:27:55,656 [WARNING] vicuna:33b | prompt6.jinja | iteration 2 | trial 15 failed: Timed out after 600s (saved failed_vicuna:33b_1790381875571132959.json)
2026-09-26 00:27:55,656 [INFO] vicuna:33b | prompt6.jinja | iteration 2 | trial 16/20
2026-09-26 00:28:34,636 [INFO] vicuna:33b | prompt6.jinja | iteration 2 | trial 17/20
2026-09-26 00:29:07,677 [INFO] vicuna:33b | prompt6.jinja | iteration 2 | trial 18/20
2026-09-26 00:30:27,975 [INFO] vicuna:33b | prompt6.jinja | iteration 2 | trial 19/20
2026-09-26 00:33:13,236 [INFO] vicuna:33b | prompt6.jinja | iteration 2 | trial 20/20
2026-09-26 00:34:36,650 [INFO] vicuna:33b | prompt7.jinja | iteration 2 | trial 1/20
2026-09-26 00:35:42,047 [INFO] vicuna:33b | prompt7.jinja | iteration 2 | trial 2/20
2026-09-26 00:45:42,137 [WARNING] vicuna:33b | prompt7.jinja | iteration 2 | trial 2 failed: Timed out after 600s (saved failed_vicuna:33b_1790382942047773159.json)
2026-09-26 00:45:42,137 [INFO] vicuna:33b | prompt7.jinja | iteration 2 | trial 3/20
2026-09-26 00:46:49,734 [INFO] vicuna:33b | prompt7.jinja | iteration 2 | trial 4/20
2026-09-26 00:48:00,527 [INFO] vicuna:33b | prompt7.jinja | iteration 2 | trial 5/20
2026-09-26 00:49:25,032 [INFO] vicuna:33b | prompt7.jinja | iteration 2 | trial 6/20
2026-09-26 00:56:14,816 [INFO] vicuna:33b | prompt7.jinja | iteration 2 | trial 7/20
2026-09-26 00:59:06,754 [INFO] vicuna:33b | prompt7.jinja | iteration 2 | trial 8/20
2026-09-26 01:02:00,605 [INFO] vicuna:33b | prompt7.jinja | iteration 2 | trial 9/20
2026-09-26 01:04:02,941 [INFO] vicuna:33b | prompt7.jinja | iteration 2 | trial 10/20
2026-09-26 01:09:20,049 [INFO] vicuna:33b | prompt7.jinja | iteration 2 | trial 11/20
2026-09-26 01:19:20,122 [WARNING] vicuna:33b | prompt7.jinja | iteration 2 | trial 11 failed: Timed out after 600s (saved failed_vicuna:33b_1790384960050100294.json)
2026-09-26 01:19:20,122 [INFO] vicuna:33b | prompt7.jinja | iteration 2 | trial 12/20
2026-09-26 01:29:20,203 [WARNING] vicuna:33b | prompt7.jinja | iteration 2 | trial 12 failed: Timed out after 600s (saved failed_vicuna:33b_1790385560122819261.json)
2026-09-26 01:29:20,203 [INFO] vicuna:33b | prompt7.jinja | iteration 2 | trial 13/20
2026-09-26 01:31:33,706 [INFO] vicuna:33b | prompt7.jinja | iteration 2 | trial 14/20
2026-09-26 01:34:24,087 [INFO] vicuna:33b | prompt7.jinja | iteration 2 | trial 15/20
2026-09-26 01:35:12,109 [INFO] vicuna:33b | prompt7.jinja | iteration 2 | trial 16/20
2026-09-26 01:37:39,036 [INFO] vicuna:33b | prompt7.jinja | iteration 2 | trial 17/20
2026-09-26 01:40:55,276 [INFO] vicuna:33b | prompt7.jinja | iteration 2 | trial 18/20
2026-09-26 01:50:55,352 [WARNING] vicuna:33b | prompt7.jinja | iteration 2 | trial 18 failed: Timed out after 600s (saved failed_vicuna:33b_1790386855276610904.json)
2026-09-26 01:50:55,352 [INFO] vicuna:33b | prompt7.jinja | iteration 2 | trial 19/20
2026-09-26 01:56:43,643 [INFO] vicuna:33b | prompt7.jinja | iteration 2 | trial 20/20
2026-09-26 02:06:43,684 [WARNING] vicuna:33b | prompt7.jinja | iteration 2 | trial 20 failed: Timed out after 600s (saved failed_vicuna:33b_1790387803643425646.json)
2026-09-26 02:06:43,685 [INFO] vicuna:33b | prompt8.jinja | iteration 2 | trial 1/20
2026-09-26 02:07:22,236 [INFO] vicuna:33b | prompt8.jinja | iteration 2 | trial 2/20
2026-09-26 02:07:59,706 [INFO] vicuna:33b | prompt8.jinja | iteration 2 | trial 3/20
2026-09-26 02:08:26,995 [INFO] vicuna:33b | prompt8.jinja | iteration 2 | trial 4/20
2026-09-26 02:09:07,914 [INFO] vicuna:33b | prompt8.jinja | iteration 2 | trial 5/20
2026-09-26 02:09:32,587 [INFO] vicuna:33b | prompt8.jinja | iteration 2 | trial 6/20
2026-09-26 02:09:56,907 [INFO] vicuna:33b | prompt8.jinja | iteration 2 | trial 7/20
2026-09-26 02:10:23,344 [INFO] vicuna:33b | prompt8.jinja | iteration 2 | trial 8/20
2026-09-26 02:10:44,181 [INFO] vicuna:33b | prompt8.jinja | iteration 2 | trial 9/20
2026-09-26 02:11:12,639 [INFO] vicuna:33b | prompt8.jinja | iteration 2 | trial 10/20
2026-09-26 02:11:48,324 [INFO] vicuna:33b | prompt8.jinja | iteration 2 | trial 11/20
2026-09-26 02:12:20,009 [INFO] vicuna:33b | prompt8.jinja | iteration 2 | trial 12/20
2026-09-26 02:13:01,783 [INFO] vicuna:33b | prompt8.jinja | iteration 2 | trial 13/20
2026-09-26 02:13:32,733 [INFO] vicuna:33b | prompt8.jinja | iteration 2 | trial 14/20
2026-09-26 02:14:09,082 [INFO] vicuna:33b | prompt8.jinja | iteration 2 | trial 15/20
2026-09-26 02:14:22,508 [INFO] vicuna:33b | prompt8.jinja | iteration 2 | trial 16/20
2026-09-26 02:14:54,592 [INFO] vicuna:33b | prompt8.jinja | iteration 2 | trial 17/20
2026-09-26 02:15:18,280 [INFO] vicuna:33b | prompt8.jinja | iteration 2 | trial 18/20
2026-09-26 02:15:35,231 [INFO] vicuna:33b | prompt8.jinja | iteration 2 | trial 19/20
2026-09-26 02:16:25,475 [INFO] vicuna:33b | prompt8.jinja | iteration 2 | trial 20/20
2026-09-26 02:16:59,106 [INFO] vicuna:33b | prompt9.jinja | iteration 2 | trial 1/20
2026-09-26 02:17:40,464 [INFO] vicuna:33b | prompt9.jinja | iteration 2 | trial 2/20
2026-09-26 02:18:15,312 [INFO] vicuna:33b | prompt9.jinja | iteration 2 | trial 3/20
2026-09-26 02:19:13,893 [INFO] vicuna:33b | prompt9.jinja | iteration 2 | trial 4/20
2026-09-26 02:19:46,738 [INFO] vicuna:33b | prompt9.jinja | iteration 2 | trial 5/20
2026-09-26 02:21:32,574 [INFO] vicuna:33b | prompt9.jinja | iteration 2 | trial 6/20
2026-09-26 02:22:22,520 [INFO] vicuna:33b | prompt9.jinja | iteration 2 | trial 7/20
2026-09-26 02:23:03,431 [INFO] vicuna:33b | prompt9.jinja | iteration 2 | trial 8/20
2026-09-26 02:23:38,643 [INFO] vicuna:33b | prompt9.jinja | iteration 2 | trial 9/20
2026-09-26 02:24:25,098 [INFO] vicuna:33b | prompt9.jinja | iteration 2 | trial 10/20
2026-09-26 02:25:06,888 [INFO] vicuna:33b | prompt9.jinja | iteration 2 | trial 11/20
2026-09-26 02:26:15,093 [INFO] vicuna:33b | prompt9.jinja | iteration 2 | trial 12/20
2026-09-26 02:27:09,959 [INFO] vicuna:33b | prompt9.jinja | iteration 2 | trial 13/20
2026-09-26 02:27:47,394 [INFO] vicuna:33b | prompt9.jinja | iteration 2 | trial 14/20
2026-09-26 02:28:46,357 [INFO] vicuna:33b | prompt9.jinja | iteration 2 | trial 15/20
2026-09-26 02:29:57,533 [INFO] vicuna:33b | prompt9.jinja | iteration 2 | trial 16/20
2026-09-26 02:30:19,405 [INFO] vicuna:33b | prompt9.jinja | iteration 2 | trial 17/20
2026-09-26 02:31:55,309 [INFO] vicuna:33b | prompt9.jinja | iteration 2 | trial 18/20
2026-09-26 02:33:19,613 [INFO] vicuna:33b | prompt9.jinja | iteration 2 | trial 19/20
2026-09-26 02:34:24,096 [INFO] vicuna:33b | prompt9.jinja | iteration 2 | trial 20/20
2026-09-26 02:35:44,731 [INFO] vicuna:33b | security-incremental-1.jinja | iteration 2 | trial 1/20
2026-09-26 02:45:44,783 [WARNING] vicuna:33b | security-incremental-1.jinja | iteration 2 | trial 1 failed: Timed out after 600s (saved failed_vicuna:33b_1790390144731100376.json)
2026-09-26 02:45:44,783 [INFO] vicuna:33b | security-incremental-1.jinja | iteration 2 | trial 2/20
2026-09-26 02:46:12,046 [INFO] vicuna:33b | security-incremental-1.jinja | iteration 2 | trial 3/20
2026-09-26 02:47:11,755 [INFO] vicuna:33b | security-incremental-1.jinja | iteration 2 | trial 4/20
2026-09-26 02:48:00,370 [INFO] vicuna:33b | security-incremental-1.jinja | iteration 2 | trial 5/20
2026-09-26 02:49:02,300 [INFO] vicuna:33b | security-incremental-1.jinja | iteration 2 | trial 6/20
2026-09-26 02:50:17,235 [INFO] vicuna:33b | security-incremental-1.jinja | iteration 2 | trial 7/20
2026-09-26 02:51:28,272 [INFO] vicuna:33b | security-incremental-1.jinja | iteration 2 | trial 8/20
2026-09-26 02:53:22,360 [INFO] vicuna:33b | security-incremental-1.jinja | iteration 2 | trial 9/20
2026-09-26 02:54:24,586 [INFO] vicuna:33b | security-incremental-1.jinja | iteration 2 | trial 10/20
2026-09-26 02:55:21,183 [INFO] vicuna:33b | security-incremental-1.jinja | iteration 2 | trial 11/20
2026-09-26 02:55:59,281 [INFO] vicuna:33b | security-incremental-1.jinja | iteration 2 | trial 12/20
2026-09-26 02:59:51,590 [INFO] vicuna:33b | security-incremental-1.jinja | iteration 2 | trial 13/20
2026-09-26 03:02:15,169 [INFO] vicuna:33b | security-incremental-1.jinja | iteration 2 | trial 14/20
2026-09-26 03:03:50,170 [INFO] vicuna:33b | security-incremental-1.jinja | iteration 2 | trial 15/20
2026-09-26 03:05:40,279 [INFO] vicuna:33b | security-incremental-1.jinja | iteration 2 | trial 16/20
2026-09-26 03:06:58,890 [INFO] vicuna:33b | security-incremental-1.jinja | iteration 2 | trial 17/20
2026-09-26 03:08:41,239 [INFO] vicuna:33b | security-incremental-1.jinja | iteration 2 | trial 18/20
2026-09-26 03:09:42,863 [INFO] vicuna:33b | security-incremental-1.jinja | iteration 2 | trial 19/20
2026-09-26 03:11:10,310 [INFO] vicuna:33b | security-incremental-1.jinja | iteration 2 | trial 20/20
2026-09-26 03:12:31,542 [INFO] vicuna:33b | prompt1.jinja | iteration 3 | trial 1/20
2026-09-26 03:13:47,845 [INFO] vicuna:33b | prompt1.jinja | iteration 3 | trial 2/20
2026-09-26 03:14:45,244 [INFO] vicuna:33b | prompt1.jinja | iteration 3 | trial 3/20
2026-09-26 03:15:45,712 [INFO] vicuna:33b | prompt1.jinja | iteration 3 | trial 4/20
2026-09-26 03:18:04,856 [INFO] vicuna:33b | prompt1.jinja | iteration 3 | trial 5/20
2026-09-26 03:19:59,653 [INFO] vicuna:33b | prompt1.jinja | iteration 3 | trial 6/20
2026-09-26 03:21:41,318 [INFO] vicuna:33b | prompt1.jinja | iteration 3 | trial 7/20
2026-09-26 03:23:03,806 [INFO] vicuna:33b | prompt1.jinja | iteration 3 | trial 8/20
2026-09-26 03:23:51,187 [INFO] vicuna:33b | prompt1.jinja | iteration 3 | trial 9/20
2026-09-26 03:27:53,215 [INFO] vicuna:33b | prompt1.jinja | iteration 3 | trial 10/20
2026-09-26 03:28:32,167 [INFO] vicuna:33b | prompt1.jinja | iteration 3 | trial 11/20
2026-09-26 03:32:19,724 [INFO] vicuna:33b | prompt1.jinja | iteration 3 | trial 12/20
2026-09-26 03:33:56,673 [INFO] vicuna:33b | prompt1.jinja | iteration 3 | trial 13/20
2026-09-26 03:39:40,723 [INFO] vicuna:33b | prompt1.jinja | iteration 3 | trial 14/20
2026-09-26 03:42:55,356 [INFO] vicuna:33b | prompt1.jinja | iteration 3 | trial 15/20
2026-09-26 03:45:11,792 [INFO] vicuna:33b | prompt1.jinja | iteration 3 | trial 16/20
2026-09-26 03:55:11,840 [WARNING] vicuna:33b | prompt1.jinja | iteration 3 | trial 16 failed: Timed out after 600s (saved failed_vicuna:33b_1790394311792142420.json)
2026-09-26 03:55:11,840 [INFO] vicuna:33b | prompt1.jinja | iteration 3 | trial 17/20
2026-09-26 03:58:05,599 [INFO] vicuna:33b | prompt1.jinja | iteration 3 | trial 18/20
2026-09-26 03:59:41,302 [INFO] vicuna:33b | prompt1.jinja | iteration 3 | trial 19/20
2026-09-26 04:01:30,206 [INFO] vicuna:33b | prompt1.jinja | iteration 3 | trial 20/20
2026-09-26 04:05:18,129 [INFO] vicuna:33b | prompt10.jinja | iteration 3 | trial 1/20
2026-09-26 04:05:47,442 [INFO] vicuna:33b | prompt10.jinja | iteration 3 | trial 2/20
2026-09-26 04:06:06,433 [INFO] vicuna:33b | prompt10.jinja | iteration 3 | trial 3/20
2026-09-26 04:06:58,552 [INFO] vicuna:33b | prompt10.jinja | iteration 3 | trial 4/20
2026-09-26 04:07:32,576 [INFO] vicuna:33b | prompt10.jinja | iteration 3 | trial 5/20
2026-09-26 04:08:12,818 [INFO] vicuna:33b | prompt10.jinja | iteration 3 | trial 6/20
2026-09-26 04:08:42,464 [INFO] vicuna:33b | prompt10.jinja | iteration 3 | trial 7/20
2026-09-26 04:10:16,263 [INFO] vicuna:33b | prompt10.jinja | iteration 3 | trial 8/20
2026-09-26 04:10:33,130 [INFO] vicuna:33b | prompt10.jinja | iteration 3 | trial 9/20
2026-09-26 04:11:27,948 [INFO] vicuna:33b | prompt10.jinja | iteration 3 | trial 10/20
2026-09-26 04:11:58,183 [INFO] vicuna:33b | prompt10.jinja | iteration 3 | trial 11/20
2026-09-26 04:13:52,782 [INFO] vicuna:33b | prompt10.jinja | iteration 3 | trial 12/20
2026-09-26 04:14:37,149 [INFO] vicuna:33b | prompt10.jinja | iteration 3 | trial 13/20
2026-09-26 04:15:01,486 [INFO] vicuna:33b | prompt10.jinja | iteration 3 | trial 14/20
2026-09-26 04:15:17,456 [INFO] vicuna:33b | prompt10.jinja | iteration 3 | trial 15/20
2026-09-26 04:16:02,458 [INFO] vicuna:33b | prompt10.jinja | iteration 3 | trial 16/20
2026-09-26 04:26:02,507 [WARNING] vicuna:33b | prompt10.jinja | iteration 3 | trial 16 failed: Timed out after 600s (saved failed_vicuna:33b_1790396162458807635.json)
2026-09-26 04:26:02,507 [INFO] vicuna:33b | prompt10.jinja | iteration 3 | trial 17/20
2026-09-26 04:26:30,398 [INFO] vicuna:33b | prompt10.jinja | iteration 3 | trial 18/20
2026-09-26 04:28:37,342 [INFO] vicuna:33b | prompt10.jinja | iteration 3 | trial 19/20
2026-09-26 04:28:47,994 [INFO] vicuna:33b | prompt10.jinja | iteration 3 | trial 20/20
2026-09-26 04:29:36,428 [INFO] vicuna:33b | prompt11.jinja | iteration 3 | trial 1/20
2026-09-26 04:30:25,802 [INFO] vicuna:33b | prompt11.jinja | iteration 3 | trial 2/20
2026-09-26 04:31:10,617 [INFO] vicuna:33b | prompt11.jinja | iteration 3 | trial 3/20
2026-09-26 04:33:40,655 [INFO] vicuna:33b | prompt11.jinja | iteration 3 | trial 4/20
2026-09-26 04:40:04,347 [INFO] vicuna:33b | prompt11.jinja | iteration 3 | trial 5/20
2026-09-26 04:41:45,450 [INFO] vicuna:33b | prompt11.jinja | iteration 3 | trial 6/20
2026-09-26 04:43:43,599 [INFO] vicuna:33b | prompt11.jinja | iteration 3 | trial 7/20
2026-09-26 04:45:38,275 [INFO] vicuna:33b | prompt11.jinja | iteration 3 | trial 8/20
2026-09-26 04:46:43,787 [INFO] vicuna:33b | prompt11.jinja | iteration 3 | trial 9/20
2026-09-26 04:46:47,886 [INFO] vicuna:33b | prompt11.jinja | iteration 3 | trial 10/20
2026-09-26 04:47:55,947 [INFO] vicuna:33b | prompt11.jinja | iteration 3 | trial 11/20
2026-09-26 04:49:10,616 [INFO] vicuna:33b | prompt11.jinja | iteration 3 | trial 12/20
2026-09-26 04:50:55,732 [INFO] vicuna:33b | prompt11.jinja | iteration 3 | trial 13/20
2026-09-26 05:00:55,815 [WARNING] vicuna:33b | prompt11.jinja | iteration 3 | trial 13 failed: Timed out after 600s (saved failed_vicuna:33b_1790398255732438645.json)
2026-09-26 05:00:55,815 [INFO] vicuna:33b | prompt11.jinja | iteration 3 | trial 14/20
2026-09-26 05:01:27,598 [INFO] vicuna:33b | prompt11.jinja | iteration 3 | trial 15/20
2026-09-26 05:07:09,563 [INFO] vicuna:33b | prompt11.jinja | iteration 3 | trial 16/20
2026-09-26 05:17:09,630 [WARNING] vicuna:33b | prompt11.jinja | iteration 3 | trial 16 failed: Timed out after 600s (saved failed_vicuna:33b_1790399229563991690.json)
2026-09-26 05:17:09,631 [INFO] vicuna:33b | prompt11.jinja | iteration 3 | trial 17/20
2026-09-26 05:18:36,505 [INFO] vicuna:33b | prompt11.jinja | iteration 3 | trial 18/20
2026-09-26 05:20:07,760 [INFO] vicuna:33b | prompt11.jinja | iteration 3 | trial 19/20
2026-09-26 05:23:57,581 [INFO] vicuna:33b | prompt11.jinja | iteration 3 | trial 20/20
2026-09-26 05:33:57,624 [WARNING] vicuna:33b | prompt11.jinja | iteration 3 | trial 20 failed: Timed out after 600s (saved failed_vicuna:33b_1790400237581738779.json)
2026-09-26 05:33:57,624 [INFO] vicuna:33b | prompt2.jinja | iteration 3 | trial 1/20
2026-09-26 05:34:40,654 [INFO] vicuna:33b | prompt2.jinja | iteration 3 | trial 2/20
2026-09-26 05:35:19,237 [INFO] vicuna:33b | prompt2.jinja | iteration 3 | trial 3/20
2026-09-26 05:36:12,845 [INFO] vicuna:33b | prompt2.jinja | iteration 3 | trial 4/20
2026-09-26 05:37:12,575 [INFO] vicuna:33b | prompt2.jinja | iteration 3 | trial 5/20
2026-09-26 05:38:47,295 [INFO] vicuna:33b | prompt2.jinja | iteration 3 | trial 6/20
2026-09-26 05:41:26,041 [INFO] vicuna:33b | prompt2.jinja | iteration 3 | trial 7/20
2026-09-26 05:42:00,330 [INFO] vicuna:33b | prompt2.jinja | iteration 3 | trial 8/20
2026-09-26 05:42:16,311 [INFO] vicuna:33b | prompt2.jinja | iteration 3 | trial 9/20
2026-09-26 05:43:52,725 [INFO] vicuna:33b | prompt2.jinja | iteration 3 | trial 10/20
2026-09-26 05:45:19,632 [INFO] vicuna:33b | prompt2.jinja | iteration 3 | trial 11/20
2026-09-26 05:45:51,126 [INFO] vicuna:33b | prompt2.jinja | iteration 3 | trial 12/20
2026-09-26 05:47:14,977 [INFO] vicuna:33b | prompt2.jinja | iteration 3 | trial 13/20
2026-09-26 05:56:05,256 [INFO] vicuna:33b | prompt2.jinja | iteration 3 | trial 14/20
2026-09-26 05:56:11,383 [INFO] vicuna:33b | prompt2.jinja | iteration 3 | trial 15/20
2026-09-26 05:57:13,960 [INFO] vicuna:33b | prompt2.jinja | iteration 3 | trial 16/20
2026-09-26 05:57:20,601 [INFO] vicuna:33b | prompt2.jinja | iteration 3 | trial 17/20
2026-09-26 05:58:41,765 [INFO] vicuna:33b | prompt2.jinja | iteration 3 | trial 18/20
2026-09-26 06:06:10,173 [INFO] vicuna:33b | prompt2.jinja | iteration 3 | trial 19/20
2026-09-26 06:06:10,175 [WARNING] vicuna:33b | prompt2.jinja | iteration 3 | trial 19 failed: ResponseError: model 'vicuna:33b' not found (status code: 404) (saved failed_vicuna:33b_1790402770173994035.json)
2026-09-26 06:06:10,175 [INFO] vicuna:33b | prompt2.jinja | iteration 3 | trial 20/20
2026-09-26 06:06:10,176 [WARNING] vicuna:33b | prompt2.jinja | iteration 3 | trial 20 failed: ResponseError: model 'vicuna:33b' not found (status code: 404) (saved failed_vicuna:33b_1790402770175344325.json)
2026-09-26 06:06:10,176 [INFO] vicuna:33b | prompt3.jinja | iteration 3 | trial 1/20
2026-09-26 06:06:10,176 [WARNING] vicuna:33b | prompt3.jinja | iteration 3 | trial 1 failed: ResponseError: model 'vicuna:33b' not found (status code: 404) (saved failed_vicuna:33b_1790402770176261542.json)
2026-09-26 06:06:10,176 [INFO] vicuna:33b | prompt3.jinja | iteration 3 | trial 2/20
2026-09-26 06:06:10,177 [WARNING] vicuna:33b | prompt3.jinja | iteration 3 | trial 2 failed: ResponseError: model 'vicuna:33b' not found (status code: 404) (saved failed_vicuna:33b_1790402770176872711.json)
2026-09-26 06:06:10,177 [INFO] vicuna:33b | prompt3.jinja | iteration 3 | trial 3/20
2026-09-26 06:06:10,178 [WARNING] vicuna:33b | prompt3.jinja | iteration 3 | trial 3 failed: ResponseError: model 'vicuna:33b' not found (status code: 404) (saved failed_vicuna:33b_1790402770177617160.json)
2026-09-26 06:06:10,178 [INFO] vicuna:33b | prompt3.jinja | iteration 3 | trial 4/20
2026-09-26 06:06:10,178 [WARNING] vicuna:33b | prompt3.jinja | iteration 3 | trial 4 failed: ResponseError: model 'vicuna:33b' not found (status code: 404) (saved failed_vicuna:33b_1790402770178105049.json)
2026-09-26 06:06:10,178 [INFO] vicuna:33b | prompt3.jinja | iteration 3 | trial 5/20
2026-09-26 06:06:10,179 [WARNING] vicuna:33b | prompt3.jinja | iteration 3 | trial 5 failed: ResponseError: model 'vicuna:33b' not found (status code: 404) (saved failed_vicuna:33b_1790402770178785370.json)
2026-09-26 06:06:10,179 [INFO] vicuna:33b | prompt3.jinja | iteration 3 | trial 6/20
2026-09-26 06:06:10,179 [WARNING] vicuna:33b | prompt3.jinja | iteration 3 | trial 6 failed: ResponseError: model 'vicuna:33b' not found (status code: 404) (saved failed_vicuna:33b_1790402770179245483.json)
2026-09-26 06:06:10,179 [INFO] vicuna:33b | prompt3.jinja | iteration 3 | trial 7/20
2026-09-26 06:06:10,180 [WARNING] vicuna:33b | prompt3.jinja | iteration 3 | trial 7 failed: ResponseError: model 'vicuna:33b' not found (status code: 404) (saved failed_vicuna:33b_1790402770179911708.json)
2026-09-26 06:06:10,180 [INFO] vicuna:33b | prompt3.jinja | iteration 3 | trial 8/20
2026-09-26 06:06:10,181 [WARNING] vicuna:33b | prompt3.jinja | iteration 3 | trial 8 failed: ResponseError: model 'vicuna:33b' not found (status code: 404) (saved failed_vicuna:33b_1790402770180363868.json)
2026-09-26 06:06:10,181 [INFO] vicuna:33b | prompt3.jinja | iteration 3 | trial 9/20
2026-09-26 06:06:10,181 [WARNING] vicuna:33b | prompt3.jinja | iteration 3 | trial 9 failed: ResponseError: model 'vicuna:33b' not found (status code: 404) (saved failed_vicuna:33b_1790402770181114174.json)
2026-09-26 06:06:10,181 [INFO] vicuna:33b | prompt3.jinja | iteration 3 | trial 10/20
2026-09-26 06:06:10,182 [WARNING] vicuna:33b | prompt3.jinja | iteration 3 | trial 10 failed: ResponseError: model 'vicuna:33b' not found (status code: 404) (saved failed_vicuna:33b_1790402770181565294.json)
2026-09-26 06:06:10,182 [INFO] vicuna:33b | prompt3.jinja | iteration 3 | trial 11/20
2026-09-26 06:06:10,182 [WARNING] vicuna:33b | prompt3.jinja | iteration 3 | trial 11 failed: ResponseError: model 'vicuna:33b' not found (status code: 404) (saved failed_vicuna:33b_1790402770182234735.json)
2026-09-26 06:06:10,182 [INFO] vicuna:33b | prompt3.jinja | iteration 3 | trial 12/20
2026-09-26 06:06:10,183 [WARNING] vicuna:33b | prompt3.jinja | iteration 3 | trial 12 failed: ResponseError: model 'vicuna:33b' not found (status code: 404) (saved failed_vicuna:33b_1790402770182789776.json)
2026-09-26 06:06:10,183 [INFO] vicuna:33b | prompt3.jinja | iteration 3 | trial 13/20
2026-09-26 06:06:10,183 [WARNING] vicuna:33b | prompt3.jinja | iteration 3 | trial 13 failed: ResponseError: model 'vicuna:33b' not found (status code: 404) (saved failed_vicuna:33b_1790402770183445921.json)
2026-09-26 06:06:10,183 [INFO] vicuna:33b | prompt3.jinja | iteration 3 | trial 14/20
2026-09-26 06:06:10,184 [WARNING] vicuna:33b | prompt3.jinja | iteration 3 | trial 14 failed: ResponseError: model 'vicuna:33b' not found (status code: 404) (saved failed_vicuna:33b_1790402770183881890.json)
2026-09-26 06:06:10,184 [INFO] vicuna:33b | prompt3.jinja | iteration 3 | trial 15/20
2026-09-26 06:06:10,184 [WARNING] vicuna:33b | prompt3.jinja | iteration 3 | trial 15 failed: ResponseError: model 'vicuna:33b' not found (status code: 404) (saved failed_vicuna:33b_1790402770184534163.json)
2026-09-26 06:06:10,184 [INFO] vicuna:33b | prompt3.jinja | iteration 3 | trial 16/20
2026-09-26 06:06:10,185 [WARNING] vicuna:33b | prompt3.jinja | iteration 3 | trial 16 failed: ResponseError: model 'vicuna:33b' not found (status code: 404) (saved failed_vicuna:33b_1790402770184970451.json)
2026-09-26 06:06:10,185 [INFO] vicuna:33b | prompt3.jinja | iteration 3 | trial 17/20
2026-09-26 06:06:10,186 [WARNING] vicuna:33b | prompt3.jinja | iteration 3 | trial 17 failed: ResponseError: model 'vicuna:33b' not found (status code: 404) (saved failed_vicuna:33b_1790402770185655252.json)
2026-09-26 06:06:10,186 [INFO] vicuna:33b | prompt3.jinja | iteration 3 | trial 18/20
2026-09-26 06:06:10,186 [WARNING] vicuna:33b | prompt3.jinja | iteration 3 | trial 18 failed: ResponseError: model 'vicuna:33b' not found (status code: 404) (saved failed_vicuna:33b_1790402770186071989.json)
2026-09-26 06:06:10,186 [INFO] vicuna:33b | prompt3.jinja | iteration 3 | trial 19/20
2026-09-26 06:06:10,187 [WARNING] vicuna:33b | prompt3.jinja | iteration 3 | trial 19 failed: ResponseError: model 'vicuna:33b' not found (status code: 404) (saved failed_vicuna:33b_1790402770186727734.json)
2026-09-26 06:06:10,187 [INFO] vicuna:33b | prompt3.jinja | iteration 3 | trial 20/20
2026-09-26 06:06:10,187 [WARNING] vicuna:33b | prompt3.jinja | iteration 3 | trial 20 failed: ResponseError: model 'vicuna:33b' not found (status code: 404) (saved failed_vicuna:33b_1790402770187145814.json)
2026-09-26 06:06:10,187 [INFO] vicuna:33b | prompt4.jinja | iteration 3 | trial 1/20
2026-09-26 06:06:10,188 [WARNING] vicuna:33b | prompt4.jinja | iteration 3 | trial 1 failed: ResponseError: model 'vicuna:33b' not found (status code: 404) (saved failed_vicuna:33b_1790402770187808823.json)
2026-09-26 06:06:10,188 [INFO] vicuna:33b | prompt4.jinja | iteration 3 | trial 2/20
2026-09-26 06:06:10,188 [WARNING] vicuna:33b | prompt4.jinja | iteration 3 | trial 2 failed: ResponseError: model 'vicuna:33b' not found (status code: 404) (saved failed_vicuna:33b_1790402770188266408.json)
2026-09-26 06:06:10,188 [INFO] vicuna:33b | prompt4.jinja | iteration 3 | trial 3/20
2026-09-26 06:06:10,189 [WARNING] vicuna:33b | prompt4.jinja | iteration 3 | trial 3 failed: ResponseError: model 'vicuna:33b' not found (status code: 404) (saved failed_vicuna:33b_1790402770188986169.json)
2026-09-26 06:06:10,189 [INFO] vicuna:33b | prompt4.jinja | iteration 3 | trial 4/20
2026-09-26 06:06:10,190 [WARNING] vicuna:33b | prompt4.jinja | iteration 3 | trial 4 failed: ResponseError: model 'vicuna:33b' not found (status code: 404) (saved failed_vicuna:33b_1790402770189508346.json)
2026-09-26 06:06:10,190 [INFO] vicuna:33b | prompt4.jinja | iteration 3 | trial 5/20
2026-09-26 06:06:10,190 [WARNING] vicuna:33b | prompt4.jinja | iteration 3 | trial 5 failed: ResponseError: model 'vicuna:33b' not found (status code: 404) (saved failed_vicuna:33b_1790402770190147131.json)
2026-09-26 06:06:10,190 [INFO] vicuna:33b | prompt4.jinja | iteration 3 | trial 6/20
2026-09-26 06:06:10,191 [WARNING] vicuna:33b | prompt4.jinja | iteration 3 | trial 6 failed: ResponseError: model 'vicuna:33b' not found (status code: 404) (saved failed_vicuna:33b_1790402770190559035.json)
2026-09-26 06:06:10,191 [INFO] vicuna:33b | prompt4.jinja | iteration 3 | trial 7/20
2026-09-26 06:06:10,191 [WARNING] vicuna:33b | prompt4.jinja | iteration 3 | trial 7 failed: ResponseError: model 'vicuna:33b' not found (status code: 404) (saved failed_vicuna:33b_1790402770191207180.json)
2026-09-26 06:06:10,191 [INFO] vicuna:33b | prompt4.jinja | iteration 3 | trial 8/20
2026-09-26 06:06:10,192 [WARNING] vicuna:33b | prompt4.jinja | iteration 3 | trial 8 failed: ResponseError: model 'vicuna:33b' not found (status code: 404) (saved failed_vicuna:33b_1790402770191631101.json)
2026-09-26 06:06:10,192 [INFO] vicuna:33b | prompt4.jinja | iteration 3 | trial 9/20
2026-09-26 06:06:10,192 [WARNING] vicuna:33b | prompt4.jinja | iteration 3 | trial 9 failed: ResponseError: model 'vicuna:33b' not found (status code: 404) (saved failed_vicuna:33b_1790402770192328190.json)
2026-09-26 06:06:10,192 [INFO] vicuna:33b | prompt4.jinja | iteration 3 | trial 10/20
2026-09-26 06:06:10,193 [WARNING] vicuna:33b | prompt4.jinja | iteration 3 | trial 10 failed: ResponseError: model 'vicuna:33b' not found (status code: 404) (saved failed_vicuna:33b_1790402770192745087.json)
2026-09-26 06:06:10,193 [INFO] vicuna:33b | prompt4.jinja | iteration 3 | trial 11/20
2026-09-26 06:06:10,193 [WARNING] vicuna:33b | prompt4.jinja | iteration 3 | trial 11 failed: ResponseError: model 'vicuna:33b' not found (status code: 404) (saved failed_vicuna:33b_1790402770193380319.json)
2026-09-26 06:06:10,193 [INFO] vicuna:33b | prompt4.jinja | iteration 3 | trial 12/20
2026-09-26 06:06:10,194 [WARNING] vicuna:33b | prompt4.jinja | iteration 3 | trial 12 failed: ResponseError: model 'vicuna:33b' not found (status code: 404) (saved failed_vicuna:33b_1790402770193795872.json)
2026-09-26 06:06:10,194 [INFO] vicuna:33b | prompt4.jinja | iteration 3 | trial 13/20
2026-09-26 06:06:10,194 [WARNING] vicuna:33b | prompt4.jinja | iteration 3 | trial 13 failed: ResponseError: model 'vicuna:33b' not found (status code: 404) (saved failed_vicuna:33b_1790402770194492801.json)
2026-09-26 06:06:10,194 [INFO] vicuna:33b | prompt4.jinja | iteration 3 | trial 14/20
2026-09-26 06:06:10,195 [WARNING] vicuna:33b | prompt4.jinja | iteration 3 | trial 14 failed: ResponseError: model 'vicuna:33b' not found (status code: 404) (saved failed_vicuna:33b_1790402770194903618.json)
2026-09-26 06:06:10,195 [INFO] vicuna:33b | prompt4.jinja | iteration 3 | trial 15/20
2026-09-26 06:06:10,195 [WARNING] vicuna:33b | prompt4.jinja | iteration 3 | trial 15 failed: ResponseError: model 'vicuna:33b' not found (status code: 404) (saved failed_vicuna:33b_1790402770195408882.json)
2026-09-26 06:06:10,195 [INFO] vicuna:33b | prompt4.jinja | iteration 3 | trial 16/20
2026-09-26 06:06:10,196 [WARNING] vicuna:33b | prompt4.jinja | iteration 3 | trial 16 failed: ResponseError: model 'vicuna:33b' not found (status code: 404) (saved failed_vicuna:33b_1790402770195823139.json)
2026-09-26 06:06:10,196 [INFO] vicuna:33b | prompt4.jinja | iteration 3 | trial 17/20
2026-09-26 06:06:10,196 [WARNING] vicuna:33b | prompt4.jinja | iteration 3 | trial 17 failed: ResponseError: model 'vicuna:33b' not found (status code: 404) (saved failed_vicuna:33b_1790402770196225764.json)
2026-09-26 06:06:10,196 [INFO] vicuna:33b | prompt4.jinja | iteration 3 | trial 18/20
2026-09-26 06:06:10,197 [WARNING] vicuna:33b | prompt4.jinja | iteration 3 | trial 18 failed: ResponseError: model 'vicuna:33b' not found (status code: 404) (saved failed_vicuna:33b_1790402770196938533.json)
2026-09-26 06:06:10,197 [INFO] vicuna:33b | prompt4.jinja | iteration 3 | trial 19/20
2026-09-26 06:06:10,198 [WARNING] vicuna:33b | prompt4.jinja | iteration 3 | trial 19 failed: ResponseError: model 'vicuna:33b' not found (status code: 404) (saved failed_vicuna:33b_1790402770197613078.json)
2026-09-26 06:06:10,198 [INFO] vicuna:33b | prompt4.jinja | iteration 3 | trial 20/20
2026-09-26 06:06:10,198 [WARNING] vicuna:33b | prompt4.jinja | iteration 3 | trial 20 failed: ResponseError: model 'vicuna:33b' not found (status code: 404) (saved failed_vicuna:33b_1790402770198264167.json)
2026-09-26 06:06:10,198 [INFO] vicuna:33b | prompt5.jinja | iteration 3 | trial 1/20
2026-09-26 06:06:10,199 [WARNING] vicuna:33b | prompt5.jinja | iteration 3 | trial 1 failed: ResponseError: model 'vicuna:33b' not found (status code: 404) (saved failed_vicuna:33b_1790402770198822871.json)
2026-09-26 06:06:10,199 [INFO] vicuna:33b | prompt5.jinja | iteration 3 | trial 2/20
2026-09-26 06:06:10,199 [WARNING] vicuna:33b | prompt5.jinja | iteration 3 | trial 2 failed: ResponseError: model 'vicuna:33b' not found (status code: 404) (saved failed_vicuna:33b_1790402770199326216.json)
2026-09-26 06:06:10,199 [INFO] vicuna:33b | prompt5.jinja | iteration 3 | trial 3/20
2026-09-26 06:06:10,200 [WARNING] vicuna:33b | prompt5.jinja | iteration 3 | trial 3 failed: ResponseError: model 'vicuna:33b' not found (status code: 404) (saved failed_vicuna:33b_1790402770199796185.json)
2026-09-26 06:06:10,200 [INFO] vicuna:33b | prompt5.jinja | iteration 3 | trial 4/20
2026-09-26 06:06:10,200 [WARNING] vicuna:33b | prompt5.jinja | iteration 3 | trial 4 failed: ResponseError: model 'vicuna:33b' not found (status code: 404) (saved failed_vicuna:33b_1790402770200247338.json)
2026-09-26 06:06:10,200 [INFO] vicuna:33b | prompt5.jinja | iteration 3 | trial 5/20
2026-09-26 06:06:10,201 [WARNING] vicuna:33b | prompt5.jinja | iteration 3 | trial 5 failed: ResponseError: model 'vicuna:33b' not found (status code: 404) (saved failed_vicuna:33b_1790402770200687498.json)
2026-09-26 06:06:10,201 [INFO] vicuna:33b | prompt5.jinja | iteration 3 | trial 6/20
2026-09-26 06:06:10,201 [WARNING] vicuna:33b | prompt5.jinja | iteration 3 | trial 6 failed: ResponseError: model 'vicuna:33b' not found (status code: 404) (saved failed_vicuna:33b_1790402770201136699.json)
2026-09-26 06:06:10,201 [INFO] vicuna:33b | prompt5.jinja | iteration 3 | trial 7/20
2026-09-26 06:06:10,202 [WARNING] vicuna:33b | prompt5.jinja | iteration 3 | trial 7 failed: ResponseError: model 'vicuna:33b' not found (status code: 404) (saved failed_vicuna:33b_1790402770201700796.json)
2026-09-26 06:06:10,202 [INFO] vicuna:33b | prompt5.jinja | iteration 3 | trial 8/20
2026-09-26 06:06:10,202 [WARNING] vicuna:33b | prompt5.jinja | iteration 3 | trial 8 failed: ResponseError: model 'vicuna:33b' not found (status code: 404) (saved failed_vicuna:33b_1790402770202144492.json)
2026-09-26 06:06:10,202 [INFO] vicuna:33b | prompt5.jinja | iteration 3 | trial 9/20
2026-09-26 06:06:10,203 [WARNING] vicuna:33b | prompt5.jinja | iteration 3 | trial 9 failed: ResponseError: model 'vicuna:33b' not found (status code: 404) (saved failed_vicuna:33b_1790402770202579933.json)
2026-09-26 06:06:10,203 [INFO] vicuna:33b | prompt5.jinja | iteration 3 | trial 10/20
2026-09-26 06:06:10,203 [WARNING] vicuna:33b | prompt5.jinja | iteration 3 | trial 10 failed: ResponseError: model 'vicuna:33b' not found (status code: 404) (saved failed_vicuna:33b_1790402770203315134.json)
2026-09-26 06:06:10,204 [INFO] vicuna:33b | prompt5.jinja | iteration 3 | trial 11/20
2026-09-26 06:06:10,204 [WARNING] vicuna:33b | prompt5.jinja | iteration 3 | trial 11 failed: ResponseError: model 'vicuna:33b' not found (status code: 404) (saved failed_vicuna:33b_1790402770204017855.json)
2026-09-26 06:06:10,204 [INFO] vicuna:33b | prompt5.jinja | iteration 3 | trial 12/20
2026-09-26 06:06:10,205 [WARNING] vicuna:33b | prompt5.jinja | iteration 3 | trial 12 failed: ResponseError: model 'vicuna:33b' not found (status code: 404) (saved failed_vicuna:33b_1790402770204703856.json)
2026-09-26 06:06:10,205 [INFO] vicuna:33b | prompt5.jinja | iteration 3 | trial 13/20
2026-09-26 06:06:10,206 [WARNING] vicuna:33b | prompt5.jinja | iteration 3 | trial 13 failed: ResponseError: model 'vicuna:33b' not found (status code: 404) (saved failed_vicuna:33b_1790402770205393537.json)
2026-09-26 06:06:10,206 [INFO] vicuna:33b | prompt5.jinja | iteration 3 | trial 14/20
2026-09-26 06:06:10,206 [WARNING] vicuna:33b | prompt5.jinja | iteration 3 | trial 14 failed: ResponseError: model 'vicuna:33b' not found (status code: 404) (saved failed_vicuna:33b_1790402770206075506.json)
2026-09-26 06:06:10,206 [INFO] vicuna:33b | prompt5.jinja | iteration 3 | trial 15/20
2026-09-26 06:06:10,207 [WARNING] vicuna:33b | prompt5.jinja | iteration 3 | trial 15 failed: ResponseError: model 'vicuna:33b' not found (status code: 404) (saved failed_vicuna:33b_1790402770206763395.json)
2026-09-26 06:06:10,207 [INFO] vicuna:33b | prompt5.jinja | iteration 3 | trial 16/20
2026-09-26 06:06:10,207 [WARNING] vicuna:33b | prompt5.jinja | iteration 3 | trial 16 failed: ResponseError: model 'vicuna:33b' not found (status code: 404) (saved failed_vicuna:33b_1790402770207208308.json)
2026-09-26 06:06:10,207 [INFO] vicuna:33b | prompt5.jinja | iteration 3 | trial 17/20
2026-09-26 06:06:10,208 [WARNING] vicuna:33b | prompt5.jinja | iteration 3 | trial 17 failed: ResponseError: model 'vicuna:33b' not found (status code: 404) (saved failed_vicuna:33b_1790402770207654868.json)
2026-09-26 06:06:10,208 [INFO] vicuna:33b | prompt5.jinja | iteration 3 | trial 18/20
2026-09-26 06:06:10,209 [WARNING] vicuna:33b | prompt5.jinja | iteration 3 | trial 18 failed: ResponseError: model 'vicuna:33b' not found (status code: 404) (saved failed_vicuna:33b_1790402770208437190.json)
2026-09-26 06:06:10,209 [INFO] vicuna:33b | prompt5.jinja | iteration 3 | trial 19/20
2026-09-26 06:06:10,209 [WARNING] vicuna:33b | prompt5.jinja | iteration 3 | trial 19 failed: ResponseError: model 'vicuna:33b' not found (status code: 404) (saved failed_vicuna:33b_1790402770209228247.json)
2026-09-26 06:06:10,209 [INFO] vicuna:33b | prompt5.jinja | iteration 3 | trial 20/20
2026-09-26 06:06:10,210 [WARNING] vicuna:33b | prompt5.jinja | iteration 3 | trial 20 failed: ResponseError: model 'vicuna:33b' not found (status code: 404) (saved failed_vicuna:33b_1790402770209866296.json)
2026-09-26 06:06:10,210 [INFO] vicuna:33b | prompt6.jinja | iteration 3 | trial 1/20
2026-09-26 06:06:10,211 [WARNING] vicuna:33b | prompt6.jinja | iteration 3 | trial 1 failed: ResponseError: model 'vicuna:33b' not found (status code: 404) (saved failed_vicuna:33b_1790402770210516361.json)
2026-09-26 06:06:10,211 [INFO] vicuna:33b | prompt6.jinja | iteration 3 | trial 2/20
2026-09-26 06:06:10,211 [WARNING] vicuna:33b | prompt6.jinja | iteration 3 | trial 2 failed: ResponseError: model 'vicuna:33b' not found (status code: 404) (saved failed_vicuna:33b_1790402770211339370.json)
2026-09-26 06:06:10,211 [INFO] vicuna:33b | prompt6.jinja | iteration 3 | trial 3/20
2026-09-26 06:06:10,212 [WARNING] vicuna:33b | prompt6.jinja | iteration 3 | trial 3 failed: ResponseError: model 'vicuna:33b' not found (status code: 404) (saved failed_vicuna:33b_1790402770211966171.json)
2026-09-26 06:06:10,212 [INFO] vicuna:33b | prompt6.jinja | iteration 3 | trial 4/20
2026-09-26 06:06:10,213 [WARNING] vicuna:33b | prompt6.jinja | iteration 3 | trial 4 failed: ResponseError: model 'vicuna:33b' not found (status code: 404) (saved failed_vicuna:33b_1790402770212589580.json)
2026-09-26 06:06:10,213 [INFO] vicuna:33b | prompt6.jinja | iteration 3 | trial 5/20
2026-09-26 06:06:10,213 [WARNING] vicuna:33b | prompt6.jinja | iteration 3 | trial 5 failed: ResponseError: model 'vicuna:33b' not found (status code: 404) (saved failed_vicuna:33b_1790402770213266253.json)
2026-09-26 06:06:10,213 [INFO] vicuna:33b | prompt6.jinja | iteration 3 | trial 6/20
2026-09-26 06:06:10,214 [WARNING] vicuna:33b | prompt6.jinja | iteration 3 | trial 6 failed: ResponseError: model 'vicuna:33b' not found (status code: 404) (saved failed_vicuna:33b_1790402770213864670.json)
2026-09-26 06:06:10,214 [INFO] vicuna:33b | prompt6.jinja | iteration 3 | trial 7/20
2026-09-26 06:06:10,215 [WARNING] vicuna:33b | prompt6.jinja | iteration 3 | trial 7 failed: ResponseError: model 'vicuna:33b' not found (status code: 404) (saved failed_vicuna:33b_1790402770214466350.json)
2026-09-26 06:06:10,215 [INFO] vicuna:33b | prompt6.jinja | iteration 3 | trial 8/20
2026-09-26 06:06:10,215 [WARNING] vicuna:33b | prompt6.jinja | iteration 3 | trial 8 failed: ResponseError: model 'vicuna:33b' not found (status code: 404) (saved failed_vicuna:33b_1790402770215083695.json)
2026-09-26 06:06:10,215 [INFO] vicuna:33b | prompt6.jinja | iteration 3 | trial 9/20
2026-09-26 06:06:10,216 [WARNING] vicuna:33b | prompt6.jinja | iteration 3 | trial 9 failed: ResponseError: model 'vicuna:33b' not found (status code: 404) (saved failed_vicuna:33b_1790402770215874176.json)
2026-09-26 06:06:10,216 [INFO] vicuna:33b | prompt6.jinja | iteration 3 | trial 10/20
2026-09-26 06:06:10,217 [WARNING] vicuna:33b | prompt6.jinja | iteration 3 | trial 10 failed: ResponseError: model 'vicuna:33b' not found (status code: 404) (saved failed_vicuna:33b_1790402770216511393.json)
2026-09-26 06:06:10,217 [INFO] vicuna:33b | prompt6.jinja | iteration 3 | trial 11/20
2026-09-26 06:06:10,217 [WARNING] vicuna:33b | prompt6.jinja | iteration 3 | trial 11 failed: ResponseError: model 'vicuna:33b' not found (status code: 404) (saved failed_vicuna:33b_1790402770217152770.json)
2026-09-26 06:06:10,217 [INFO] vicuna:33b | prompt6.jinja | iteration 3 | trial 12/20
2026-09-26 06:06:10,218 [WARNING] vicuna:33b | prompt6.jinja | iteration 3 | trial 12 failed: ResponseError: model 'vicuna:33b' not found (status code: 404) (saved failed_vicuna:33b_1790402770217801331.json)
2026-09-26 06:06:10,218 [INFO] vicuna:33b | prompt6.jinja | iteration 3 | trial 13/20
2026-09-26 06:06:10,219 [WARNING] vicuna:33b | prompt6.jinja | iteration 3 | trial 13 failed: ResponseError: model 'vicuna:33b' not found (status code: 404) (saved failed_vicuna:33b_1790402770218440660.json)
2026-09-26 06:06:10,219 [INFO] vicuna:33b | prompt6.jinja | iteration 3 | trial 14/20
2026-09-26 06:06:10,219 [WARNING] vicuna:33b | prompt6.jinja | iteration 3 | trial 14 failed: ResponseError: model 'vicuna:33b' not found (status code: 404) (saved failed_vicuna:33b_1790402770219069285.json)
2026-09-26 06:06:10,219 [INFO] vicuna:33b | prompt6.jinja | iteration 3 | trial 15/20
2026-09-26 06:06:10,220 [WARNING] vicuna:33b | prompt6.jinja | iteration 3 | trial 15 failed: ResponseError: model 'vicuna:33b' not found (status code: 404) (saved failed_vicuna:33b_1790402770219716422.json)
2026-09-26 06:06:10,220 [INFO] vicuna:33b | prompt6.jinja | iteration 3 | trial 16/20
2026-09-26 06:06:10,220 [WARNING] vicuna:33b | prompt6.jinja | iteration 3 | trial 16 failed: ResponseError: model 'vicuna:33b' not found (status code: 404) (saved failed_vicuna:33b_1790402770220365527.json)
2026-09-26 06:06:10,220 [INFO] vicuna:33b | prompt6.jinja | iteration 3 | trial 17/20
2026-09-26 06:06:10,221 [WARNING] vicuna:33b | prompt6.jinja | iteration 3 | trial 17 failed: ResponseError: model 'vicuna:33b' not found (status code: 404) (saved failed_vicuna:33b_1790402770220990600.json)
2026-09-26 06:06:10,221 [INFO] vicuna:33b | prompt6.jinja | iteration 3 | trial 18/20
2026-09-26 06:06:10,222 [WARNING] vicuna:33b | prompt6.jinja | iteration 3 | trial 18 failed: ResponseError: model 'vicuna:33b' not found (status code: 404) (saved failed_vicuna:33b_1790402770221610793.json)
2026-09-26 06:06:10,222 [INFO] vicuna:33b | prompt6.jinja | iteration 3 | trial 19/20
2026-09-26 06:06:10,222 [WARNING] vicuna:33b | prompt6.jinja | iteration 3 | trial 19 failed: ResponseError: model 'vicuna:33b' not found (status code: 404) (saved failed_vicuna:33b_1790402770222243482.json)
2026-09-26 06:06:10,222 [INFO] vicuna:33b | prompt6.jinja | iteration 3 | trial 20/20
2026-09-26 06:06:10,223 [WARNING] vicuna:33b | prompt6.jinja | iteration 3 | trial 20 failed: ResponseError: model 'vicuna:33b' not found (status code: 404) (saved failed_vicuna:33b_1790402770222978459.json)
2026-09-26 06:06:10,223 [INFO] vicuna:33b | prompt7.jinja | iteration 3 | trial 1/20
2026-09-26 06:06:10,224 [WARNING] vicuna:33b | prompt7.jinja | iteration 3 | trial 1 failed: ResponseError: model 'vicuna:33b' not found (status code: 404) (saved failed_vicuna:33b_1790402770223638876.json)
2026-09-26 06:06:10,224 [INFO] vicuna:33b | prompt7.jinja | iteration 3 | trial 2/20
2026-09-26 06:06:10,224 [WARNING] vicuna:33b | prompt7.jinja | iteration 3 | trial 2 failed: ResponseError: model 'vicuna:33b' not found (status code: 404) (saved failed_vicuna:33b_1790402770224344349.json)
2026-09-26 06:06:10,224 [INFO] vicuna:33b | prompt7.jinja | iteration 3 | trial 3/20
2026-09-26 06:06:10,225 [WARNING] vicuna:33b | prompt7.jinja | iteration 3 | trial 3 failed: ResponseError: model 'vicuna:33b' not found (status code: 404) (saved failed_vicuna:33b_1790402770225000814.json)
2026-09-26 06:06:10,225 [INFO] vicuna:33b | prompt7.jinja | iteration 3 | trial 4/20
2026-09-26 06:06:10,225 [WARNING] vicuna:33b | prompt7.jinja | iteration 3 | trial 4 failed: ResponseError: model 'vicuna:33b' not found (status code: 404) (saved failed_vicuna:33b_1790402770225424030.json)
2026-09-26 06:06:10,225 [INFO] vicuna:33b | prompt7.jinja | iteration 3 | trial 5/20
2026-09-26 06:06:10,226 [WARNING] vicuna:33b | prompt7.jinja | iteration 3 | trial 5 failed: ResponseError: model 'vicuna:33b' not found (status code: 404) (saved failed_vicuna:33b_1790402770225823119.json)
2026-09-26 06:06:10,226 [INFO] vicuna:33b | prompt7.jinja | iteration 3 | trial 6/20
2026-09-26 06:06:10,226 [WARNING] vicuna:33b | prompt7.jinja | iteration 3 | trial 6 failed: ResponseError: model 'vicuna:33b' not found (status code: 404) (saved failed_vicuna:33b_1790402770226225664.json)
2026-09-26 06:06:10,226 [INFO] vicuna:33b | prompt7.jinja | iteration 3 | trial 7/20
2026-09-26 06:06:10,227 [WARNING] vicuna:33b | prompt7.jinja | iteration 3 | trial 7 failed: ResponseError: model 'vicuna:33b' not found (status code: 404) (saved failed_vicuna:33b_1790402770226736144.json)
2026-09-26 06:06:10,227 [INFO] vicuna:33b | prompt7.jinja | iteration 3 | trial 8/20
2026-09-26 06:06:10,228 [WARNING] vicuna:33b | prompt7.jinja | iteration 3 | trial 8 failed: ResponseError: model 'vicuna:33b' not found (status code: 404) (saved failed_vicuna:33b_1790402770227394689.json)
2026-09-26 06:06:10,228 [INFO] vicuna:33b | prompt7.jinja | iteration 3 | trial 9/20
2026-09-26 06:06:10,228 [WARNING] vicuna:33b | prompt7.jinja | iteration 3 | trial 9 failed: ResponseError: model 'vicuna:33b' not found (status code: 404) (saved failed_vicuna:33b_1790402770228028482.json)
2026-09-26 06:06:10,228 [INFO] vicuna:33b | prompt7.jinja | iteration 3 | trial 10/20
2026-09-26 06:06:10,229 [WARNING] vicuna:33b | prompt7.jinja | iteration 3 | trial 10 failed: ResponseError: model 'vicuna:33b' not found (status code: 404) (saved failed_vicuna:33b_1790402770228677907.json)
2026-09-26 06:06:10,229 [INFO] vicuna:33b | prompt7.jinja | iteration 3 | trial 11/20
2026-09-26 06:06:10,230 [WARNING] vicuna:33b | prompt7.jinja | iteration 3 | trial 11 failed: ResponseError: model 'vicuna:33b' not found (status code: 404) (saved failed_vicuna:33b_1790402770229338788.json)
2026-09-26 06:06:10,230 [INFO] vicuna:33b | prompt7.jinja | iteration 3 | trial 12/20
2026-09-26 06:06:10,230 [WARNING] vicuna:33b | prompt7.jinja | iteration 3 | trial 12 failed: ResponseError: model 'vicuna:33b' not found (status code: 404) (saved failed_vicuna:33b_1790402770230079365.json)
2026-09-26 06:06:10,230 [INFO] vicuna:33b | prompt7.jinja | iteration 3 | trial 13/20
2026-09-26 06:06:10,231 [WARNING] vicuna:33b | prompt7.jinja | iteration 3 | trial 13 failed: ResponseError: model 'vicuna:33b' not found (status code: 404) (saved failed_vicuna:33b_1790402770230742054.json)
2026-09-26 06:06:10,231 [INFO] vicuna:33b | prompt7.jinja | iteration 3 | trial 14/20
2026-09-26 06:06:10,231 [WARNING] vicuna:33b | prompt7.jinja | iteration 3 | trial 14 failed: ResponseError: model 'vicuna:33b' not found (status code: 404) (saved failed_vicuna:33b_1790402770231378087.json)
2026-09-26 06:06:10,232 [INFO] vicuna:33b | prompt7.jinja | iteration 3 | trial 15/20
2026-09-26 06:06:10,232 [WARNING] vicuna:33b | prompt7.jinja | iteration 3 | trial 15 failed: ResponseError: model 'vicuna:33b' not found (status code: 404) (saved failed_vicuna:33b_1790402770232009576.json)
2026-09-26 06:06:10,232 [INFO] vicuna:33b | prompt7.jinja | iteration 3 | trial 16/20
2026-09-26 06:06:10,233 [WARNING] vicuna:33b | prompt7.jinja | iteration 3 | trial 16 failed: ResponseError: model 'vicuna:33b' not found (status code: 404) (saved failed_vicuna:33b_1790402770232624969.json)
2026-09-26 06:06:10,233 [INFO] vicuna:33b | prompt7.jinja | iteration 3 | trial 17/20
2026-09-26 06:06:10,233 [WARNING] vicuna:33b | prompt7.jinja | iteration 3 | trial 17 failed: ResponseError: model 'vicuna:33b' not found (status code: 404) (saved failed_vicuna:33b_1790402770233262058.json)
2026-09-26 06:06:10,233 [INFO] vicuna:33b | prompt7.jinja | iteration 3 | trial 18/20
2026-09-26 06:06:10,234 [WARNING] vicuna:33b | prompt7.jinja | iteration 3 | trial 18 failed: ResponseError: model 'vicuna:33b' not found (status code: 404) (saved failed_vicuna:33b_1790402770233893627.json)
2026-09-26 06:06:10,234 [INFO] vicuna:33b | prompt7.jinja | iteration 3 | trial 19/20
2026-09-26 06:06:10,235 [WARNING] vicuna:33b | prompt7.jinja | iteration 3 | trial 19 failed: ResponseError: model 'vicuna:33b' not found (status code: 404) (saved failed_vicuna:33b_1790402770234521820.json)
2026-09-26 06:06:10,235 [INFO] vicuna:33b | prompt7.jinja | iteration 3 | trial 20/20
2026-09-26 06:06:10,235 [WARNING] vicuna:33b | prompt7.jinja | iteration 3 | trial 20 failed: ResponseError: model 'vicuna:33b' not found (status code: 404) (saved failed_vicuna:33b_1790402770235154957.json)
2026-09-26 06:06:10,235 [INFO] vicuna:33b | prompt8.jinja | iteration 3 | trial 1/20
2026-09-26 06:06:10,236 [WARNING] vicuna:33b | prompt8.jinja | iteration 3 | trial 1 failed: ResponseError: model 'vicuna:33b' not found (status code: 404) (saved failed_vicuna:33b_1790402770235810254.json)
2026-09-26 06:06:10,236 [INFO] vicuna:33b | prompt8.jinja | iteration 3 | trial 2/20
2026-09-26 06:06:10,237 [WARNING] vicuna:33b | prompt8.jinja | iteration 3 | trial 2 failed: ResponseError: model 'vicuna:33b' not found (status code: 404) (saved failed_vicuna:33b_1790402770236496879.json)
2026-09-26 06:06:10,237 [INFO] vicuna:33b | prompt8.jinja | iteration 3 | trial 3/20
2026-09-26 06:06:10,237 [WARNING] vicuna:33b | prompt8.jinja | iteration 3 | trial 3 failed: ResponseError: model 'vicuna:33b' not found (status code: 404) (saved failed_vicuna:33b_1790402770237175600.json)
2026-09-26 06:06:10,237 [INFO] vicuna:33b | prompt8.jinja | iteration 3 | trial 4/20
2026-09-26 06:06:10,238 [WARNING] vicuna:33b | prompt8.jinja | iteration 3 | trial 4 failed: ResponseError: model 'vicuna:33b' not found (status code: 404) (saved failed_vicuna:33b_1790402770237932497.json)
2026-09-26 06:06:10,238 [INFO] vicuna:33b | prompt8.jinja | iteration 3 | trial 5/20
2026-09-26 06:06:10,239 [WARNING] vicuna:33b | prompt8.jinja | iteration 3 | trial 5 failed: ResponseError: model 'vicuna:33b' not found (status code: 404) (saved failed_vicuna:33b_1790402770238485586.json)
2026-09-26 06:06:10,239 [INFO] vicuna:33b | prompt8.jinja | iteration 3 | trial 6/20
2026-09-26 06:06:10,241 [WARNING] vicuna:33b | prompt8.jinja | iteration 3 | trial 6 failed: ResponseError: model 'vicuna:33b' not found (status code: 404) (saved failed_vicuna:33b_1790402770239035554.json)
2026-09-26 06:06:10,241 [INFO] vicuna:33b | prompt8.jinja | iteration 3 | trial 7/20
2026-09-26 06:06:10,242 [WARNING] vicuna:33b | prompt8.jinja | iteration 3 | trial 7 failed: ResponseError: model 'vicuna:33b' not found (status code: 404) (saved failed_vicuna:33b_1790402770241124693.json)
2026-09-26 06:06:10,242 [INFO] vicuna:33b | prompt8.jinja | iteration 3 | trial 8/20
2026-09-26 06:06:10,244 [WARNING] vicuna:33b | prompt8.jinja | iteration 3 | trial 8 failed: ResponseError: model 'vicuna:33b' not found (status code: 404) (saved failed_vicuna:33b_1790402770242782440.json)
2026-09-26 06:06:10,244 [INFO] vicuna:33b | prompt8.jinja | iteration 3 | trial 9/20
2026-09-26 06:06:10,245 [WARNING] vicuna:33b | prompt8.jinja | iteration 3 | trial 9 failed: ResponseError: model 'vicuna:33b' not found (status code: 404) (saved failed_vicuna:33b_1790402770244307194.json)
2026-09-26 06:06:10,245 [INFO] vicuna:33b | prompt8.jinja | iteration 3 | trial 10/20
2026-09-26 06:06:10,246 [WARNING] vicuna:33b | prompt8.jinja | iteration 3 | trial 10 failed: ResponseError: model 'vicuna:33b' not found (status code: 404) (saved failed_vicuna:33b_1790402770245458252.json)
2026-09-26 06:06:10,246 [INFO] vicuna:33b | prompt8.jinja | iteration 3 | trial 11/20
2026-09-26 06:06:10,248 [WARNING] vicuna:33b | prompt8.jinja | iteration 3 | trial 11 failed: ResponseError: model 'vicuna:33b' not found (status code: 404) (saved failed_vicuna:33b_1790402770246874046.json)
2026-09-26 06:06:10,248 [INFO] vicuna:33b | prompt8.jinja | iteration 3 | trial 12/20
2026-09-26 06:06:10,249 [WARNING] vicuna:33b | prompt8.jinja | iteration 3 | trial 12 failed: ResponseError: model 'vicuna:33b' not found (status code: 404) (saved failed_vicuna:33b_1790402770248211904.json)
2026-09-26 06:06:10,249 [INFO] vicuna:33b | prompt8.jinja | iteration 3 | trial 13/20
2026-09-26 06:06:10,250 [WARNING] vicuna:33b | prompt8.jinja | iteration 3 | trial 13 failed: ResponseError: model 'vicuna:33b' not found (status code: 404) (saved failed_vicuna:33b_1790402770249316514.json)
2026-09-26 06:06:10,250 [INFO] vicuna:33b | prompt8.jinja | iteration 3 | trial 14/20
2026-09-26 06:06:10,252 [WARNING] vicuna:33b | prompt8.jinja | iteration 3 | trial 14 failed: ResponseError: model 'vicuna:33b' not found (status code: 404) (saved failed_vicuna:33b_1790402770250692899.json)
2026-09-26 06:06:10,252 [INFO] vicuna:33b | prompt8.jinja | iteration 3 | trial 15/20
2026-09-26 06:06:10,253 [WARNING] vicuna:33b | prompt8.jinja | iteration 3 | trial 15 failed: ResponseError: model 'vicuna:33b' not found (status code: 404) (saved failed_vicuna:33b_1790402770252237558.json)
2026-09-26 06:06:10,253 [INFO] vicuna:33b | prompt8.jinja | iteration 3 | trial 16/20
2026-09-26 06:06:10,254 [WARNING] vicuna:33b | prompt8.jinja | iteration 3 | trial 16 failed: ResponseError: model 'vicuna:33b' not found (status code: 404) (saved failed_vicuna:33b_1790402770253441032.json)
2026-09-26 06:06:10,254 [INFO] vicuna:33b | prompt8.jinja | iteration 3 | trial 17/20
2026-09-26 06:06:10,256 [WARNING] vicuna:33b | prompt8.jinja | iteration 3 | trial 17 failed: ResponseError: model 'vicuna:33b' not found (status code: 404) (saved failed_vicuna:33b_1790402770254828954.json)
2026-09-26 06:06:10,256 [INFO] vicuna:33b | prompt8.jinja | iteration 3 | trial 18/20
2026-09-26 06:06:10,257 [WARNING] vicuna:33b | prompt8.jinja | iteration 3 | trial 18 failed: ResponseError: model 'vicuna:33b' not found (status code: 404) (saved failed_vicuna:33b_1790402770256158940.json)
2026-09-26 06:06:10,257 [INFO] vicuna:33b | prompt8.jinja | iteration 3 | trial 19/20
2026-09-26 06:06:10,258 [WARNING] vicuna:33b | prompt8.jinja | iteration 3 | trial 19 failed: ResponseError: model 'vicuna:33b' not found (status code: 404) (saved failed_vicuna:33b_1790402770257317213.json)
2026-09-26 06:06:10,258 [INFO] vicuna:33b | prompt8.jinja | iteration 3 | trial 20/20
2026-09-26 06:06:10,259 [WARNING] vicuna:33b | prompt8.jinja | iteration 3 | trial 20 failed: ResponseError: model 'vicuna:33b' not found (status code: 404) (saved failed_vicuna:33b_1790402770258668799.json)
2026-09-26 06:06:10,260 [INFO] vicuna:33b | prompt9.jinja | iteration 3 | trial 1/20
2026-09-26 06:06:10,261 [WARNING] vicuna:33b | prompt9.jinja | iteration 3 | trial 1 failed: ResponseError: model 'vicuna:33b' not found (status code: 404) (saved failed_vicuna:33b_1790402770260044769.json)
2026-09-26 06:06:10,261 [INFO] vicuna:33b | prompt9.jinja | iteration 3 | trial 2/20
2026-09-26 06:06:10,262 [WARNING] vicuna:33b | prompt9.jinja | iteration 3 | trial 2 failed: ResponseError: model 'vicuna:33b' not found (status code: 404) (saved failed_vicuna:33b_1790402770261205875.json)
2026-09-26 06:06:10,262 [INFO] vicuna:33b | prompt9.jinja | iteration 3 | trial 3/20
2026-09-26 06:06:10,263 [WARNING] vicuna:33b | prompt9.jinja | iteration 3 | trial 3 failed: ResponseError: model 'vicuna:33b' not found (status code: 404) (saved failed_vicuna:33b_1790402770262564725.json)
2026-09-26 06:06:10,263 [INFO] vicuna:33b | prompt9.jinja | iteration 3 | trial 4/20
2026-09-26 06:06:10,265 [WARNING] vicuna:33b | prompt9.jinja | iteration 3 | trial 4 failed: ResponseError: model 'vicuna:33b' not found (status code: 404) (saved failed_vicuna:33b_1790402770263899367.json)
2026-09-26 06:06:10,265 [INFO] vicuna:33b | prompt9.jinja | iteration 3 | trial 5/20
2026-09-26 06:06:10,266 [WARNING] vicuna:33b | prompt9.jinja | iteration 3 | trial 5 failed: ResponseError: model 'vicuna:33b' not found (status code: 404) (saved failed_vicuna:33b_1790402770265084265.json)
2026-09-26 06:06:10,266 [INFO] vicuna:33b | prompt9.jinja | iteration 3 | trial 6/20
2026-09-26 06:06:10,267 [WARNING] vicuna:33b | prompt9.jinja | iteration 3 | trial 6 failed: ResponseError: model 'vicuna:33b' not found (status code: 404) (saved failed_vicuna:33b_1790402770266446811.json)
2026-09-26 06:06:10,267 [INFO] vicuna:33b | prompt9.jinja | iteration 3 | trial 7/20
2026-09-26 06:06:10,269 [WARNING] vicuna:33b | prompt9.jinja | iteration 3 | trial 7 failed: ResponseError: model 'vicuna:33b' not found (status code: 404) (saved failed_vicuna:33b_1790402770267982253.json)
2026-09-26 06:06:10,269 [INFO] vicuna:33b | prompt9.jinja | iteration 3 | trial 8/20
2026-09-26 06:06:10,270 [WARNING] vicuna:33b | prompt9.jinja | iteration 3 | trial 8 failed: ResponseError: model 'vicuna:33b' not found (status code: 404) (saved failed_vicuna:33b_1790402770269173439.json)
2026-09-26 06:06:10,270 [INFO] vicuna:33b | prompt9.jinja | iteration 3 | trial 9/20
2026-09-26 06:06:10,271 [WARNING] vicuna:33b | prompt9.jinja | iteration 3 | trial 9 failed: ResponseError: model 'vicuna:33b' not found (status code: 404) (saved failed_vicuna:33b_1790402770270577201.json)
2026-09-26 06:06:10,271 [INFO] vicuna:33b | prompt9.jinja | iteration 3 | trial 10/20
2026-09-26 06:06:10,273 [WARNING] vicuna:33b | prompt9.jinja | iteration 3 | trial 10 failed: ResponseError: model 'vicuna:33b' not found (status code: 404) (saved failed_vicuna:33b_1790402770271948035.json)
2026-09-26 06:06:10,273 [INFO] vicuna:33b | prompt9.jinja | iteration 3 | trial 11/20
2026-09-26 06:06:10,274 [WARNING] vicuna:33b | prompt9.jinja | iteration 3 | trial 11 failed: ResponseError: model 'vicuna:33b' not found (status code: 404) (saved failed_vicuna:33b_1790402770273116996.json)
2026-09-26 06:06:10,274 [INFO] vicuna:33b | prompt9.jinja | iteration 3 | trial 12/20
2026-09-26 06:06:10,275 [WARNING] vicuna:33b | prompt9.jinja | iteration 3 | trial 12 failed: ResponseError: model 'vicuna:33b' not found (status code: 404) (saved failed_vicuna:33b_1790402770274469718.json)
2026-09-26 06:06:10,275 [INFO] vicuna:33b | prompt9.jinja | iteration 3 | trial 13/20
2026-09-26 06:06:10,277 [WARNING] vicuna:33b | prompt9.jinja | iteration 3 | trial 13 failed: ResponseError: model 'vicuna:33b' not found (status code: 404) (saved failed_vicuna:33b_1790402770275799784.json)
2026-09-26 06:06:10,277 [INFO] vicuna:33b | prompt9.jinja | iteration 3 | trial 14/20
2026-09-26 06:06:10,278 [WARNING] vicuna:33b | prompt9.jinja | iteration 3 | trial 14 failed: ResponseError: model 'vicuna:33b' not found (status code: 404) (saved failed_vicuna:33b_1790402770277098714.json)
2026-09-26 06:06:10,278 [INFO] vicuna:33b | prompt9.jinja | iteration 3 | trial 15/20
2026-09-26 06:06:10,279 [WARNING] vicuna:33b | prompt9.jinja | iteration 3 | trial 15 failed: ResponseError: model 'vicuna:33b' not found (status code: 404) (saved failed_vicuna:33b_1790402770278302668.json)
2026-09-26 06:06:10,279 [INFO] vicuna:33b | prompt9.jinja | iteration 3 | trial 16/20
2026-09-26 06:06:10,280 [WARNING] vicuna:33b | prompt9.jinja | iteration 3 | trial 16 failed: ResponseError: model 'vicuna:33b' not found (status code: 404) (saved failed_vicuna:33b_1790402770279582366.json)
2026-09-26 06:06:10,280 [INFO] vicuna:33b | prompt9.jinja | iteration 3 | trial 17/20
2026-09-26 06:06:10,282 [WARNING] vicuna:33b | prompt9.jinja | iteration 3 | trial 17 failed: ResponseError: model 'vicuna:33b' not found (status code: 404) (saved failed_vicuna:33b_1790402770280952112.json)
2026-09-26 06:06:10,282 [INFO] vicuna:33b | prompt9.jinja | iteration 3 | trial 18/20
2026-09-26 06:06:10,283 [WARNING] vicuna:33b | prompt9.jinja | iteration 3 | trial 18 failed: ResponseError: model 'vicuna:33b' not found (status code: 404) (saved failed_vicuna:33b_1790402770282320546.json)
2026-09-26 06:06:10,283 [INFO] vicuna:33b | prompt9.jinja | iteration 3 | trial 19/20
2026-09-26 06:06:10,285 [WARNING] vicuna:33b | prompt9.jinja | iteration 3 | trial 19 failed: ResponseError: model 'vicuna:33b' not found (status code: 404) (saved failed_vicuna:33b_1790402770283737796.json)
2026-09-26 06:06:10,285 [INFO] vicuna:33b | prompt9.jinja | iteration 3 | trial 20/20
2026-09-26 06:06:10,286 [WARNING] vicuna:33b | prompt9.jinja | iteration 3 | trial 20 failed: ResponseError: model 'vicuna:33b' not found (status code: 404) (saved failed_vicuna:33b_1790402770285081734.json)
2026-09-26 06:06:10,286 [INFO] vicuna:33b | security-incremental-1.jinja | iteration 3 | trial 1/20
2026-09-26 06:06:10,287 [WARNING] vicuna:33b | security-incremental-1.jinja | iteration 3 | trial 1 failed: ResponseError: model 'vicuna:33b' not found (status code: 404) (saved failed_vicuna:33b_1790402770286279144.json)
2026-09-26 06:06:10,287 [INFO] vicuna:33b | security-incremental-1.jinja | iteration 3 | trial 2/20
2026-09-26 06:06:10,288 [WARNING] vicuna:33b | security-incremental-1.jinja | iteration 3 | trial 2 failed: ResponseError: model 'vicuna:33b' not found (status code: 404) (saved failed_vicuna:33b_1790402770287674858.json)
2026-09-26 06:06:10,288 [INFO] vicuna:33b | security-incremental-1.jinja | iteration 3 | trial 3/20
2026-09-26 06:06:10,290 [WARNING] vicuna:33b | security-incremental-1.jinja | iteration 3 | trial 3 failed: ResponseError: model 'vicuna:33b' not found (status code: 404) (saved failed_vicuna:33b_1790402770288992076.json)
2026-09-26 06:06:10,290 [INFO] vicuna:33b | security-incremental-1.jinja | iteration 3 | trial 4/20
2026-09-26 06:06:10,291 [WARNING] vicuna:33b | security-incremental-1.jinja | iteration 3 | trial 4 failed: ResponseError: model 'vicuna:33b' not found (status code: 404) (saved failed_vicuna:33b_1790402770290122621.json)
2026-09-26 06:06:10,291 [INFO] vicuna:33b | security-incremental-1.jinja | iteration 3 | trial 5/20
2026-09-26 06:06:10,292 [WARNING] vicuna:33b | security-incremental-1.jinja | iteration 3 | trial 5 failed: ResponseError: model 'vicuna:33b' not found (status code: 404) (saved failed_vicuna:33b_1790402770291606176.json)
2026-09-26 06:06:10,292 [INFO] vicuna:33b | security-incremental-1.jinja | iteration 3 | trial 6/20
2026-09-26 06:06:10,293 [WARNING] vicuna:33b | security-incremental-1.jinja | iteration 3 | trial 6 failed: ResponseError: model 'vicuna:33b' not found (status code: 404) (saved failed_vicuna:33b_1790402770292962289.json)
2026-09-26 06:06:10,293 [INFO] vicuna:33b | security-incremental-1.jinja | iteration 3 | trial 7/20
2026-09-26 06:06:10,295 [WARNING] vicuna:33b | security-incremental-1.jinja | iteration 3 | trial 7 failed: ResponseError: model 'vicuna:33b' not found (status code: 404) (saved failed_vicuna:33b_1790402770294006563.json)
2026-09-26 06:06:10,295 [INFO] vicuna:33b | security-incremental-1.jinja | iteration 3 | trial 8/20
2026-09-26 06:06:10,296 [WARNING] vicuna:33b | security-incremental-1.jinja | iteration 3 | trial 8 failed: ResponseError: model 'vicuna:33b' not found (status code: 404) (saved failed_vicuna:33b_1790402770295320853.json)
2026-09-26 06:06:10,296 [INFO] vicuna:33b | security-incremental-1.jinja | iteration 3 | trial 9/20
2026-09-26 06:06:10,297 [WARNING] vicuna:33b | security-incremental-1.jinja | iteration 3 | trial 9 failed: ResponseError: model 'vicuna:33b' not found (status code: 404) (saved failed_vicuna:33b_1790402770296305334.json)
2026-09-26 06:06:10,297 [INFO] vicuna:33b | security-incremental-1.jinja | iteration 3 | trial 10/20
2026-09-26 06:06:10,299 [WARNING] vicuna:33b | security-incremental-1.jinja | iteration 3 | trial 10 failed: ResponseError: model 'vicuna:33b' not found (status code: 404) (saved failed_vicuna:33b_1790402770297757496.json)
2026-09-26 06:06:10,299 [INFO] vicuna:33b | security-incremental-1.jinja | iteration 3 | trial 11/20
2026-09-26 06:06:10,300 [WARNING] vicuna:33b | security-incremental-1.jinja | iteration 3 | trial 11 failed: ResponseError: model 'vicuna:33b' not found (status code: 404) (saved failed_vicuna:33b_1790402770299151643.json)
2026-09-26 06:06:10,300 [INFO] vicuna:33b | security-incremental-1.jinja | iteration 3 | trial 12/20
2026-09-26 06:06:10,301 [WARNING] vicuna:33b | security-incremental-1.jinja | iteration 3 | trial 12 failed: ResponseError: model 'vicuna:33b' not found (status code: 404) (saved failed_vicuna:33b_1790402770300150124.json)
2026-09-26 06:06:10,301 [INFO] vicuna:33b | security-incremental-1.jinja | iteration 3 | trial 13/20
2026-09-26 06:06:10,302 [WARNING] vicuna:33b | security-incremental-1.jinja | iteration 3 | trial 13 failed: ResponseError: model 'vicuna:33b' not found (status code: 404) (saved failed_vicuna:33b_1790402770301383982.json)
2026-09-26 06:06:10,302 [INFO] vicuna:33b | security-incremental-1.jinja | iteration 3 | trial 14/20
2026-09-26 06:06:10,304 [WARNING] vicuna:33b | security-incremental-1.jinja | iteration 3 | trial 14 failed: ResponseError: model 'vicuna:33b' not found (status code: 404) (saved failed_vicuna:33b_1790402770302783792.json)
2026-09-26 06:06:10,304 [INFO] vicuna:33b | security-incremental-1.jinja | iteration 3 | trial 15/20
2026-09-26 06:06:10,305 [WARNING] vicuna:33b | security-incremental-1.jinja | iteration 3 | trial 15 failed: ResponseError: model 'vicuna:33b' not found (status code: 404) (saved failed_vicuna:33b_1790402770304106722.json)
2026-09-26 06:06:10,305 [INFO] vicuna:33b | security-incremental-1.jinja | iteration 3 | trial 16/20
2026-09-26 06:06:10,306 [WARNING] vicuna:33b | security-incremental-1.jinja | iteration 3 | trial 16 failed: ResponseError: model 'vicuna:33b' not found (status code: 404) (saved failed_vicuna:33b_1790402770305239139.json)
2026-09-26 06:06:10,306 [INFO] vicuna:33b | security-incremental-1.jinja | iteration 3 | trial 17/20
2026-09-26 06:06:10,307 [WARNING] vicuna:33b | security-incremental-1.jinja | iteration 3 | trial 17 failed: ResponseError: model 'vicuna:33b' not found (status code: 404) (saved failed_vicuna:33b_1790402770306555813.json)
2026-09-26 06:06:10,307 [INFO] vicuna:33b | security-incremental-1.jinja | iteration 3 | trial 18/20
2026-09-26 06:06:10,308 [WARNING] vicuna:33b | security-incremental-1.jinja | iteration 3 | trial 18 failed: ResponseError: model 'vicuna:33b' not found (status code: 404) (saved failed_vicuna:33b_1790402770307855319.json)
2026-09-26 06:06:10,308 [INFO] vicuna:33b | security-incremental-1.jinja | iteration 3 | trial 19/20
2026-09-26 06:06:10,310 [WARNING] vicuna:33b | security-incremental-1.jinja | iteration 3 | trial 19 failed: ResponseError: model 'vicuna:33b' not found (status code: 404) (saved failed_vicuna:33b_1790402770309003625.json)
2026-09-26 06:06:10,310 [INFO] vicuna:33b | security-incremental-1.jinja | iteration 3 | trial 20/20
2026-09-26 06:06:10,311 [WARNING] vicuna:33b | security-incremental-1.jinja | iteration 3 | trial 20 failed: ResponseError: model 'vicuna:33b' not found (status code: 404) (saved failed_vicuna:33b_1790402770310342603.json)
2026-09-26 06:06:10,311 [INFO] [3/152] codeup:13b (CSV row 3)
2026-09-26 06:06:10,313 [ERROR] Could not load codeup:13b: model 'codeup:13b' not found (status code: 404)
2026-09-26 06:06:10,313 [INFO] [4/152] tulu3:8b (CSV row 4)
2026-09-26 06:06:10,314 [INFO] Pulling tulu3:8b (attempt 1/3)
2026-09-26 06:06:10,918 [INFO]   tulu3:8b: pulling fc9f6f010f22 0%
2026-09-26 06:06:15,118 [INFO]   tulu3:8b: pulling fc9f6f010f22 10%
2026-09-26 06:06:19,318 [INFO]   tulu3:8b: pulling fc9f6f010f22 20%
2026-09-26 06:06:23,518 [INFO]   tulu3:8b: pulling fc9f6f010f22 30%
2026-09-26 06:06:27,718 [INFO]   tulu3:8b: pulling fc9f6f010f22 40%
2026-09-26 06:06:31,918 [INFO]   tulu3:8b: pulling fc9f6f010f22 50%
2026-09-26 06:06:36,118 [INFO]   tulu3:8b: pulling fc9f6f010f22 60%
2026-09-26 06:06:40,318 [INFO]   tulu3:8b: pulling fc9f6f010f22 70%
2026-09-26 06:06:44,518 [INFO]   tulu3:8b: pulling fc9f6f010f22 80%
2026-09-26 06:06:48,718 [INFO]   tulu3:8b: pulling fc9f6f010f22 90%
2026-09-26 06:06:56,832 [INFO] Pulled tulu3:8b
2026-09-26 06:06:56,836 [INFO] Pulling glm4:9b (attempt 1/3)
2026-09-26 06:06:57,404 [INFO]   glm4:9b: pulling b506a070d115 0%
2026-09-26 06:07:02,084 [INFO]   glm4:9b: pulling b506a070d115 10%
2026-09-26 06:07:02,345 [INFO] Loaded tulu3:8b (context length 131072)
2026-09-26 06:07:02,346 [INFO] tulu3:8b | prompt1.jinja | iteration 1 | trial 1/20
2026-09-26 06:07:06,764 [INFO]   glm4:9b: pulling b506a070d115 20%
2026-09-26 06:07:07,960 [INFO] tulu3:8b | prompt1.jinja | iteration 1 | trial 2/20
2026-09-26 06:07:11,446 [INFO]   glm4:9b: pulling b506a070d115 30%
2026-09-26 06:07:15,765 [INFO] tulu3:8b | prompt1.jinja | iteration 1 | trial 3/20
2026-09-26 06:07:16,064 [INFO]   glm4:9b: pulling b506a070d115 40%
2026-09-26 06:07:19,978 [INFO] tulu3:8b | prompt1.jinja | iteration 1 | trial 4/20
2026-09-26 06:07:20,804 [INFO]   glm4:9b: pulling b506a070d115 50%
2026-09-26 06:07:24,080 [INFO] tulu3:8b | prompt1.jinja | iteration 1 | trial 5/20
2026-09-26 06:07:25,424 [INFO]   glm4:9b: pulling b506a070d115 60%
2026-09-26 06:07:30,226 [INFO]   glm4:9b: pulling b506a070d115 70%
2026-09-26 06:07:31,017 [INFO] tulu3:8b | prompt1.jinja | iteration 1 | trial 6/20
2026-09-26 06:07:34,904 [INFO]   glm4:9b: pulling b506a070d115 80%
2026-09-26 06:07:38,305 [INFO] tulu3:8b | prompt1.jinja | iteration 1 | trial 7/20
2026-09-26 06:07:39,704 [INFO]   glm4:9b: pulling b506a070d115 90%
2026-09-26 06:07:42,302 [INFO] tulu3:8b | prompt1.jinja | iteration 1 | trial 8/20
2026-09-26 06:07:45,483 [INFO]   glm4:9b: pulling ca0dd08dd282 100%
2026-09-26 06:07:46,836 [INFO] tulu3:8b | prompt1.jinja | iteration 1 | trial 9/20
2026-09-26 06:07:51,244 [INFO] Pulled glm4:9b
2026-09-26 06:07:51,296 [INFO] tulu3:8b | prompt1.jinja | iteration 1 | trial 10/20
2026-09-26 06:07:56,274 [INFO] tulu3:8b | prompt1.jinja | iteration 1 | trial 11/20
2026-09-26 06:08:00,967 [INFO] tulu3:8b | prompt1.jinja | iteration 1 | trial 12/20
2026-09-26 06:08:08,427 [INFO] tulu3:8b | prompt1.jinja | iteration 1 | trial 13/20
2026-09-26 06:08:16,778 [INFO] tulu3:8b | prompt1.jinja | iteration 1 | trial 14/20
2026-09-26 06:08:23,565 [INFO] tulu3:8b | prompt1.jinja | iteration 1 | trial 15/20
2026-09-26 06:08:27,523 [INFO] tulu3:8b | prompt1.jinja | iteration 1 | trial 16/20
2026-09-26 06:08:32,311 [INFO] tulu3:8b | prompt1.jinja | iteration 1 | trial 17/20
2026-09-26 06:08:38,998 [INFO] tulu3:8b | prompt1.jinja | iteration 1 | trial 18/20
2026-09-26 06:08:44,718 [INFO] tulu3:8b | prompt1.jinja | iteration 1 | trial 19/20
2026-09-26 06:08:51,394 [INFO] tulu3:8b | prompt1.jinja | iteration 1 | trial 20/20
2026-09-26 06:08:56,347 [INFO] tulu3:8b | prompt10.jinja | iteration 1 | trial 1/20
2026-09-26 06:09:00,604 [INFO] tulu3:8b | prompt10.jinja | iteration 1 | trial 2/20
2026-09-26 06:09:04,452 [INFO] tulu3:8b | prompt10.jinja | iteration 1 | trial 3/20
2026-09-26 06:09:07,887 [INFO] tulu3:8b | prompt10.jinja | iteration 1 | trial 4/20
2026-09-26 06:09:10,318 [INFO] tulu3:8b | prompt10.jinja | iteration 1 | trial 5/20
2026-09-26 06:09:13,335 [INFO] tulu3:8b | prompt10.jinja | iteration 1 | trial 6/20
2026-09-26 06:09:17,346 [INFO] tulu3:8b | prompt10.jinja | iteration 1 | trial 7/20
2026-09-26 06:09:21,284 [INFO] tulu3:8b | prompt10.jinja | iteration 1 | trial 8/20
2026-09-26 06:09:26,729 [INFO] tulu3:8b | prompt10.jinja | iteration 1 | trial 9/20
2026-09-26 06:09:30,755 [INFO] tulu3:8b | prompt10.jinja | iteration 1 | trial 10/20
2026-09-26 06:09:34,670 [INFO] tulu3:8b | prompt10.jinja | iteration 1 | trial 11/20
2026-09-26 06:09:38,468 [INFO] tulu3:8b | prompt10.jinja | iteration 1 | trial 12/20
2026-09-26 06:09:41,306 [INFO] tulu3:8b | prompt10.jinja | iteration 1 | trial 13/20
2026-09-26 06:09:46,491 [INFO] tulu3:8b | prompt10.jinja | iteration 1 | trial 14/20
2026-09-26 06:09:50,841 [INFO] tulu3:8b | prompt10.jinja | iteration 1 | trial 15/20
2026-09-26 06:09:54,187 [INFO] tulu3:8b | prompt10.jinja | iteration 1 | trial 16/20
2026-09-26 06:09:58,711 [INFO] tulu3:8b | prompt10.jinja | iteration 1 | trial 17/20
2026-09-26 06:10:02,080 [INFO] tulu3:8b | prompt10.jinja | iteration 1 | trial 18/20
2026-09-26 06:10:05,596 [INFO] tulu3:8b | prompt10.jinja | iteration 1 | trial 19/20
2026-09-26 06:10:09,873 [INFO] tulu3:8b | prompt10.jinja | iteration 1 | trial 20/20
2026-09-26 06:10:14,374 [INFO] tulu3:8b | prompt11.jinja | iteration 1 | trial 1/20
2026-09-26 06:10:18,984 [INFO] tulu3:8b | prompt11.jinja | iteration 1 | trial 2/20
2026-09-26 06:10:22,817 [INFO] tulu3:8b | prompt11.jinja | iteration 1 | trial 3/20
2026-09-26 06:10:27,327 [INFO] tulu3:8b | prompt11.jinja | iteration 1 | trial 4/20
2026-09-26 06:10:31,354 [INFO] tulu3:8b | prompt11.jinja | iteration 1 | trial 5/20
2026-09-26 06:10:36,335 [INFO] tulu3:8b | prompt11.jinja | iteration 1 | trial 6/20
2026-09-26 06:10:42,039 [INFO] tulu3:8b | prompt11.jinja | iteration 1 | trial 7/20
2026-09-26 06:10:46,029 [INFO] tulu3:8b | prompt11.jinja | iteration 1 | trial 8/20
2026-09-26 06:10:50,557 [INFO] tulu3:8b | prompt11.jinja | iteration 1 | trial 9/20
2026-09-26 06:10:55,824 [INFO] tulu3:8b | prompt11.jinja | iteration 1 | trial 10/20
2026-09-26 06:10:56,632 [INFO] tulu3:8b | prompt11.jinja | iteration 1 | trial 11/20
2026-09-26 06:11:05,356 [INFO] tulu3:8b | prompt11.jinja | iteration 1 | trial 12/20
2026-09-26 06:11:09,855 [INFO] tulu3:8b | prompt11.jinja | iteration 1 | trial 13/20
2026-09-26 06:11:14,328 [INFO] tulu3:8b | prompt11.jinja | iteration 1 | trial 14/20
2026-09-26 06:11:18,709 [INFO] tulu3:8b | prompt11.jinja | iteration 1 | trial 15/20
2026-09-26 06:11:23,229 [INFO] tulu3:8b | prompt11.jinja | iteration 1 | trial 16/20
2026-09-26 06:11:26,952 [INFO] tulu3:8b | prompt11.jinja | iteration 1 | trial 17/20
2026-09-26 06:11:32,516 [INFO] tulu3:8b | prompt11.jinja | iteration 1 | trial 18/20
2026-09-26 06:11:37,299 [INFO] tulu3:8b | prompt11.jinja | iteration 1 | trial 19/20
2026-09-26 06:11:46,738 [INFO] tulu3:8b | prompt11.jinja | iteration 1 | trial 20/20
2026-09-26 06:11:51,510 [INFO] tulu3:8b | prompt2.jinja | iteration 1 | trial 1/20
2026-09-26 06:11:51,511 [WARNING] tulu3:8b | prompt2.jinja | iteration 1 | trial 1 failed: ResponseError: model 'tulu3:8b' not found (status code: 404) (saved failed_tulu3:8b_1790403111510491226.json)
2026-09-26 06:11:51,511 [INFO] tulu3:8b | prompt2.jinja | iteration 1 | trial 2/20
2026-09-26 06:11:51,512 [WARNING] tulu3:8b | prompt2.jinja | iteration 1 | trial 2 failed: ResponseError: model 'tulu3:8b' not found (status code: 404) (saved failed_tulu3:8b_1790403111511666379.json)
2026-09-26 06:11:51,512 [INFO] tulu3:8b | prompt2.jinja | iteration 1 | trial 3/20
2026-09-26 06:11:51,514 [WARNING] tulu3:8b | prompt2.jinja | iteration 1 | trial 3 failed: ResponseError: model 'tulu3:8b' not found (status code: 404) (saved failed_tulu3:8b_1790403111512550460.json)
2026-09-26 06:11:51,514 [INFO] tulu3:8b | prompt2.jinja | iteration 1 | trial 4/20
2026-09-26 06:11:51,515 [WARNING] tulu3:8b | prompt2.jinja | iteration 1 | trial 4 failed: ResponseError: model 'tulu3:8b' not found (status code: 404) (saved failed_tulu3:8b_1790403111514404751.json)
2026-09-26 06:11:51,515 [INFO] tulu3:8b | prompt2.jinja | iteration 1 | trial 5/20
2026-09-26 06:11:51,516 [WARNING] tulu3:8b | prompt2.jinja | iteration 1 | trial 5 failed: ResponseError: model 'tulu3:8b' not found (status code: 404) (saved failed_tulu3:8b_1790403111515850401.json)
2026-09-26 06:11:51,516 [INFO] tulu3:8b | prompt2.jinja | iteration 1 | trial 6/20
2026-09-26 06:11:51,518 [WARNING] tulu3:8b | prompt2.jinja | iteration 1 | trial 6 failed: ResponseError: model 'tulu3:8b' not found (status code: 404) (saved failed_tulu3:8b_1790403111517020322.json)
2026-09-26 06:11:51,518 [INFO] tulu3:8b | prompt2.jinja | iteration 1 | trial 7/20
2026-09-26 06:11:51,519 [WARNING] tulu3:8b | prompt2.jinja | iteration 1 | trial 7 failed: ResponseError: model 'tulu3:8b' not found (status code: 404) (saved failed_tulu3:8b_1790403111518239428.json)
2026-09-26 06:11:51,519 [INFO] tulu3:8b | prompt2.jinja | iteration 1 | trial 8/20
2026-09-26 06:11:51,520 [WARNING] tulu3:8b | prompt2.jinja | iteration 1 | trial 8 failed: ResponseError: model 'tulu3:8b' not found (status code: 404) (saved failed_tulu3:8b_1790403111519322789.json)
2026-09-26 06:11:51,520 [INFO] tulu3:8b | prompt2.jinja | iteration 1 | trial 9/20
2026-09-26 06:11:51,521 [WARNING] tulu3:8b | prompt2.jinja | iteration 1 | trial 9 failed: ResponseError: model 'tulu3:8b' not found (status code: 404) (saved failed_tulu3:8b_1790403111520754215.json)
2026-09-26 06:11:51,521 [INFO] tulu3:8b | prompt2.jinja | iteration 1 | trial 10/20
2026-09-26 06:11:51,522 [WARNING] tulu3:8b | prompt2.jinja | iteration 1 | trial 10 failed: ResponseError: model 'tulu3:8b' not found (status code: 404) (saved failed_tulu3:8b_1790403111521843817.json)
2026-09-26 06:11:51,522 [INFO] tulu3:8b | prompt2.jinja | iteration 1 | trial 11/20
2026-09-26 06:11:51,524 [WARNING] tulu3:8b | prompt2.jinja | iteration 1 | trial 11 failed: ResponseError: model 'tulu3:8b' not found (status code: 404) (saved failed_tulu3:8b_1790403111522939466.json)
2026-09-26 06:11:51,524 [INFO] tulu3:8b | prompt2.jinja | iteration 1 | trial 12/20
2026-09-26 06:11:51,525 [WARNING] tulu3:8b | prompt2.jinja | iteration 1 | trial 12 failed: ResponseError: model 'tulu3:8b' not found (status code: 404) (saved failed_tulu3:8b_1790403111524070748.json)
2026-09-26 06:11:51,525 [INFO] tulu3:8b | prompt2.jinja | iteration 1 | trial 13/20
2026-09-26 06:11:51,526 [WARNING] tulu3:8b | prompt2.jinja | iteration 1 | trial 13 failed: ResponseError: model 'tulu3:8b' not found (status code: 404) (saved failed_tulu3:8b_1790403111525126909.json)
2026-09-26 06:11:51,526 [INFO] tulu3:8b | prompt2.jinja | iteration 1 | trial 14/20
2026-09-26 06:11:51,527 [WARNING] tulu3:8b | prompt2.jinja | iteration 1 | trial 14 failed: ResponseError: model 'tulu3:8b' not found (status code: 404) (saved failed_tulu3:8b_1790403111526170767.json)
2026-09-26 06:11:51,527 [INFO] tulu3:8b | prompt2.jinja | iteration 1 | trial 15/20
2026-09-26 06:11:51,528 [WARNING] tulu3:8b | prompt2.jinja | iteration 1 | trial 15 failed: ResponseError: model 'tulu3:8b' not found (status code: 404) (saved failed_tulu3:8b_1790403111527248528.json)
2026-09-26 06:11:51,528 [INFO] tulu3:8b | prompt2.jinja | iteration 1 | trial 16/20
2026-09-26 06:11:51,529 [WARNING] tulu3:8b | prompt2.jinja | iteration 1 | trial 16 failed: ResponseError: model 'tulu3:8b' not found (status code: 404) (saved failed_tulu3:8b_1790403111528311490.json)
2026-09-26 06:11:51,529 [INFO] tulu3:8b | prompt2.jinja | iteration 1 | trial 17/20
2026-09-26 06:11:51,530 [WARNING] tulu3:8b | prompt2.jinja | iteration 1 | trial 17 failed: ResponseError: model 'tulu3:8b' not found (status code: 404) (saved failed_tulu3:8b_1790403111529361907.json)
2026-09-26 06:11:51,530 [INFO] tulu3:8b | prompt2.jinja | iteration 1 | trial 18/20
2026-09-26 06:11:51,531 [WARNING] tulu3:8b | prompt2.jinja | iteration 1 | trial 18 failed: ResponseError: model 'tulu3:8b' not found (status code: 404) (saved failed_tulu3:8b_1790403111530585973.json)
2026-09-26 06:11:51,531 [INFO] tulu3:8b | prompt2.jinja | iteration 1 | trial 19/20
2026-09-26 06:11:51,533 [WARNING] tulu3:8b | prompt2.jinja | iteration 1 | trial 19 failed: ResponseError: model 'tulu3:8b' not found (status code: 404) (saved failed_tulu3:8b_1790403111531895462.json)
2026-09-26 06:11:51,533 [INFO] tulu3:8b | prompt2.jinja | iteration 1 | trial 20/20
2026-09-26 06:11:51,534 [WARNING] tulu3:8b | prompt2.jinja | iteration 1 | trial 20 failed: ResponseError: model 'tulu3:8b' not found (status code: 404) (saved failed_tulu3:8b_1790403111533527080.json)
2026-09-26 06:11:51,534 [INFO] tulu3:8b | prompt3.jinja | iteration 1 | trial 1/20
2026-09-26 06:11:51,536 [WARNING] tulu3:8b | prompt3.jinja | iteration 1 | trial 1 failed: ResponseError: model 'tulu3:8b' not found (status code: 404) (saved failed_tulu3:8b_1790403111534836970.json)
2026-09-26 06:11:51,536 [INFO] tulu3:8b | prompt3.jinja | iteration 1 | trial 2/20
2026-09-26 06:11:51,537 [WARNING] tulu3:8b | prompt3.jinja | iteration 1 | trial 2 failed: ResponseError: model 'tulu3:8b' not found (status code: 404) (saved failed_tulu3:8b_1790403111536370780.json)
2026-09-26 06:11:51,537 [INFO] tulu3:8b | prompt3.jinja | iteration 1 | trial 3/20
2026-09-26 06:11:51,538 [WARNING] tulu3:8b | prompt3.jinja | iteration 1 | trial 3 failed: ResponseError: model 'tulu3:8b' not found (status code: 404) (saved failed_tulu3:8b_1790403111537830830.json)
2026-09-26 06:11:51,539 [INFO] tulu3:8b | prompt3.jinja | iteration 1 | trial 4/20
2026-09-26 06:11:51,540 [WARNING] tulu3:8b | prompt3.jinja | iteration 1 | trial 4 failed: ResponseError: model 'tulu3:8b' not found (status code: 404) (saved failed_tulu3:8b_1790403111539054688.json)
2026-09-26 06:11:51,540 [INFO] tulu3:8b | prompt3.jinja | iteration 1 | trial 5/20
2026-09-26 06:11:51,541 [WARNING] tulu3:8b | prompt3.jinja | iteration 1 | trial 5 failed: ResponseError: model 'tulu3:8b' not found (status code: 404) (saved failed_tulu3:8b_1790403111540419330.json)
2026-09-26 06:11:51,541 [INFO] tulu3:8b | prompt3.jinja | iteration 1 | trial 6/20
2026-09-26 06:11:51,543 [WARNING] tulu3:8b | prompt3.jinja | iteration 1 | trial 6 failed: ResponseError: model 'tulu3:8b' not found (status code: 404) (saved failed_tulu3:8b_1790403111541888196.json)
2026-09-26 06:11:51,543 [INFO] tulu3:8b | prompt3.jinja | iteration 1 | trial 7/20
2026-09-26 06:11:51,544 [WARNING] tulu3:8b | prompt3.jinja | iteration 1 | trial 7 failed: ResponseError: model 'tulu3:8b' not found (status code: 404) (saved failed_tulu3:8b_1790403111543079589.json)
2026-09-26 06:11:51,544 [INFO] tulu3:8b | prompt3.jinja | iteration 1 | trial 8/20
2026-09-26 06:11:51,545 [WARNING] tulu3:8b | prompt3.jinja | iteration 1 | trial 8 failed: ResponseError: model 'tulu3:8b' not found (status code: 404) (saved failed_tulu3:8b_1790403111544493911.json)
2026-09-26 06:11:51,545 [INFO] tulu3:8b | prompt3.jinja | iteration 1 | trial 9/20
2026-09-26 06:11:51,547 [WARNING] tulu3:8b | prompt3.jinja | iteration 1 | trial 9 failed: ResponseError: model 'tulu3:8b' not found (status code: 404) (saved failed_tulu3:8b_1790403111545706121.json)
2026-09-26 06:11:51,547 [INFO] tulu3:8b | prompt3.jinja | iteration 1 | trial 10/20
2026-09-26 06:11:51,548 [WARNING] tulu3:8b | prompt3.jinja | iteration 1 | trial 10 failed: ResponseError: model 'tulu3:8b' not found (status code: 404) (saved failed_tulu3:8b_1790403111547183131.json)
2026-09-26 06:11:51,548 [INFO] tulu3:8b | prompt3.jinja | iteration 1 | trial 11/20
2026-09-26 06:11:51,549 [WARNING] tulu3:8b | prompt3.jinja | iteration 1 | trial 11 failed: ResponseError: model 'tulu3:8b' not found (status code: 404) (saved failed_tulu3:8b_1790403111548740525.json)
2026-09-26 06:11:51,549 [INFO] tulu3:8b | prompt3.jinja | iteration 1 | trial 12/20
2026-09-26 06:11:51,551 [WARNING] tulu3:8b | prompt3.jinja | iteration 1 | trial 12 failed: ResponseError: model 'tulu3:8b' not found (status code: 404) (saved failed_tulu3:8b_1790403111549954815.json)
2026-09-26 06:11:51,551 [INFO] tulu3:8b | prompt3.jinja | iteration 1 | trial 13/20
2026-09-26 06:11:51,552 [WARNING] tulu3:8b | prompt3.jinja | iteration 1 | trial 13 failed: ResponseError: model 'tulu3:8b' not found (status code: 404) (saved failed_tulu3:8b_1790403111551388961.json)
2026-09-26 06:11:51,552 [INFO] tulu3:8b | prompt3.jinja | iteration 1 | trial 14/20
2026-09-26 06:11:51,553 [WARNING] tulu3:8b | prompt3.jinja | iteration 1 | trial 14 failed: ResponseError: model 'tulu3:8b' not found (status code: 404) (saved failed_tulu3:8b_1790403111552741122.json)
2026-09-26 06:11:51,553 [INFO] tulu3:8b | prompt3.jinja | iteration 1 | trial 15/20
2026-09-26 06:11:51,555 [WARNING] tulu3:8b | prompt3.jinja | iteration 1 | trial 15 failed: ResponseError: model 'tulu3:8b' not found (status code: 404) (saved failed_tulu3:8b_1790403111553916484.json)
2026-09-26 06:11:51,555 [INFO] tulu3:8b | prompt3.jinja | iteration 1 | trial 16/20
2026-09-26 06:11:51,557 [WARNING] tulu3:8b | prompt3.jinja | iteration 1 | trial 16 failed: ResponseError: model 'tulu3:8b' not found (status code: 404) (saved failed_tulu3:8b_1790403111555329830.json)
2026-09-26 06:11:51,557 [INFO] tulu3:8b | prompt3.jinja | iteration 1 | trial 17/20
2026-09-26 06:11:51,558 [WARNING] tulu3:8b | prompt3.jinja | iteration 1 | trial 17 failed: ResponseError: model 'tulu3:8b' not found (status code: 404) (saved failed_tulu3:8b_1790403111557153592.json)
2026-09-26 06:11:51,558 [INFO] tulu3:8b | prompt3.jinja | iteration 1 | trial 18/20
2026-09-26 06:11:51,559 [WARNING] tulu3:8b | prompt3.jinja | iteration 1 | trial 18 failed: ResponseError: model 'tulu3:8b' not found (status code: 404) (saved failed_tulu3:8b_1790403111558591946.json)
2026-09-26 06:11:51,559 [INFO] tulu3:8b | prompt3.jinja | iteration 1 | trial 19/20
2026-09-26 06:11:51,561 [WARNING] tulu3:8b | prompt3.jinja | iteration 1 | trial 19 failed: ResponseError: model 'tulu3:8b' not found (status code: 404) (saved failed_tulu3:8b_1790403111559792716.json)
2026-09-26 06:11:51,561 [INFO] tulu3:8b | prompt3.jinja | iteration 1 | trial 20/20
2026-09-26 06:11:51,562 [WARNING] tulu3:8b | prompt3.jinja | iteration 1 | trial 20 failed: ResponseError: model 'tulu3:8b' not found (status code: 404) (saved failed_tulu3:8b_1790403111561191582.json)
2026-09-26 06:11:51,562 [INFO] tulu3:8b | prompt4.jinja | iteration 1 | trial 1/20
2026-09-26 06:11:51,563 [WARNING] tulu3:8b | prompt4.jinja | iteration 1 | trial 1 failed: ResponseError: model 'tulu3:8b' not found (status code: 404) (saved failed_tulu3:8b_1790403111562604400.json)
2026-09-26 06:11:51,564 [INFO] tulu3:8b | prompt4.jinja | iteration 1 | trial 2/20
2026-09-26 06:11:51,565 [WARNING] tulu3:8b | prompt4.jinja | iteration 1 | trial 2 failed: ResponseError: model 'tulu3:8b' not found (status code: 404) (saved failed_tulu3:8b_1790403111564058322.json)
2026-09-26 06:11:51,565 [INFO] tulu3:8b | prompt4.jinja | iteration 1 | trial 3/20
2026-09-26 06:11:51,566 [WARNING] tulu3:8b | prompt4.jinja | iteration 1 | trial 3 failed: ResponseError: model 'tulu3:8b' not found (status code: 404) (saved failed_tulu3:8b_1790403111565519684.json)
2026-09-26 06:11:51,566 [INFO] tulu3:8b | prompt4.jinja | iteration 1 | trial 4/20
2026-09-26 06:11:51,567 [WARNING] tulu3:8b | prompt4.jinja | iteration 1 | trial 4 failed: ResponseError: model 'tulu3:8b' not found (status code: 404) (saved failed_tulu3:8b_1790403111566872149.json)
2026-09-26 06:11:51,568 [INFO] tulu3:8b | prompt4.jinja | iteration 1 | trial 5/20
2026-09-26 06:11:51,569 [WARNING] tulu3:8b | prompt4.jinja | iteration 1 | trial 5 failed: ResponseError: model 'tulu3:8b' not found (status code: 404) (saved failed_tulu3:8b_1790403111568042295.json)
2026-09-26 06:11:51,569 [INFO] tulu3:8b | prompt4.jinja | iteration 1 | trial 6/20
2026-09-26 06:11:51,570 [WARNING] tulu3:8b | prompt4.jinja | iteration 1 | trial 6 failed: ResponseError: model 'tulu3:8b' not found (status code: 404) (saved failed_tulu3:8b_1790403111569463513.json)
2026-09-26 06:11:51,570 [INFO] tulu3:8b | prompt4.jinja | iteration 1 | trial 7/20
2026-09-26 06:11:51,571 [WARNING] tulu3:8b | prompt4.jinja | iteration 1 | trial 7 failed: ResponseError: model 'tulu3:8b' not found (status code: 404) (saved failed_tulu3:8b_1790403111570845979.json)
2026-09-26 06:11:51,572 [INFO] tulu3:8b | prompt4.jinja | iteration 1 | trial 8/20
2026-09-26 06:11:51,573 [WARNING] tulu3:8b | prompt4.jinja | iteration 1 | trial 8 failed: ResponseError: model 'tulu3:8b' not found (status code: 404) (saved failed_tulu3:8b_1790403111572038876.json)
2026-09-26 06:11:51,573 [INFO] tulu3:8b | prompt4.jinja | iteration 1 | trial 9/20
2026-09-26 06:11:51,574 [WARNING] tulu3:8b | prompt4.jinja | iteration 1 | trial 9 failed: ResponseError: model 'tulu3:8b' not found (status code: 404) (saved failed_tulu3:8b_1790403111573455982.json)
2026-09-26 06:11:51,574 [INFO] tulu3:8b | prompt4.jinja | iteration 1 | trial 10/20
2026-09-26 06:11:51,576 [WARNING] tulu3:8b | prompt4.jinja | iteration 1 | trial 10 failed: ResponseError: model 'tulu3:8b' not found (status code: 404) (saved failed_tulu3:8b_1790403111574822688.json)
2026-09-26 06:11:51,576 [INFO] tulu3:8b | prompt4.jinja | iteration 1 | trial 11/20
2026-09-26 06:11:51,577 [WARNING] tulu3:8b | prompt4.jinja | iteration 1 | trial 11 failed: ResponseError: model 'tulu3:8b' not found (status code: 404) (saved failed_tulu3:8b_1790403111576190050.json)
2026-09-26 06:11:51,577 [INFO] tulu3:8b | prompt4.jinja | iteration 1 | trial 12/20
2026-09-26 06:11:51,578 [WARNING] tulu3:8b | prompt4.jinja | iteration 1 | trial 12 failed: ResponseError: model 'tulu3:8b' not found (status code: 404) (saved failed_tulu3:8b_1790403111577364884.json)
2026-09-26 06:11:51,578 [INFO] tulu3:8b | prompt4.jinja | iteration 1 | trial 13/20
2026-09-26 06:11:51,580 [WARNING] tulu3:8b | prompt4.jinja | iteration 1 | trial 13 failed: ResponseError: model 'tulu3:8b' not found (status code: 404) (saved failed_tulu3:8b_1790403111578842533.json)
2026-09-26 06:11:51,580 [INFO] tulu3:8b | prompt4.jinja | iteration 1 | trial 14/20
2026-09-26 06:11:51,581 [WARNING] tulu3:8b | prompt4.jinja | iteration 1 | trial 14 failed: ResponseError: model 'tulu3:8b' not found (status code: 404) (saved failed_tulu3:8b_1790403111580189463.json)
2026-09-26 06:11:51,581 [INFO] tulu3:8b | prompt4.jinja | iteration 1 | trial 15/20
2026-09-26 06:11:51,582 [WARNING] tulu3:8b | prompt4.jinja | iteration 1 | trial 15 failed: ResponseError: model 'tulu3:8b' not found (status code: 404) (saved failed_tulu3:8b_1790403111581359945.json)
2026-09-26 06:11:51,582 [INFO] tulu3:8b | prompt4.jinja | iteration 1 | trial 16/20
2026-09-26 06:11:51,583 [WARNING] tulu3:8b | prompt4.jinja | iteration 1 | trial 16 failed: ResponseError: model 'tulu3:8b' not found (status code: 404) (saved failed_tulu3:8b_1790403111582724363.json)
2026-09-26 06:11:51,583 [INFO] tulu3:8b | prompt4.jinja | iteration 1 | trial 17/20
2026-09-26 06:11:51,585 [WARNING] tulu3:8b | prompt4.jinja | iteration 1 | trial 17 failed: ResponseError: model 'tulu3:8b' not found (status code: 404) (saved failed_tulu3:8b_1790403111583918172.json)
2026-09-26 06:11:51,585 [INFO] tulu3:8b | prompt4.jinja | iteration 1 | trial 18/20
2026-09-26 06:11:51,586 [WARNING] tulu3:8b | prompt4.jinja | iteration 1 | trial 18 failed: ResponseError: model 'tulu3:8b' not found (status code: 404) (saved failed_tulu3:8b_1790403111585337518.json)
2026-09-26 06:11:51,586 [INFO] tulu3:8b | prompt4.jinja | iteration 1 | trial 19/20
2026-09-26 06:11:51,587 [WARNING] tulu3:8b | prompt4.jinja | iteration 1 | trial 19 failed: ResponseError: model 'tulu3:8b' not found (status code: 404) (saved failed_tulu3:8b_1790403111586703232.json)
2026-09-26 06:11:51,587 [INFO] tulu3:8b | prompt4.jinja | iteration 1 | trial 20/20
2026-09-26 06:11:51,589 [WARNING] tulu3:8b | prompt4.jinja | iteration 1 | trial 20 failed: ResponseError: model 'tulu3:8b' not found (status code: 404) (saved failed_tulu3:8b_1790403111587884306.json)
2026-09-26 06:11:51,589 [INFO] tulu3:8b | prompt5.jinja | iteration 1 | trial 1/20
2026-09-26 06:11:51,590 [WARNING] tulu3:8b | prompt5.jinja | iteration 1 | trial 1 failed: ResponseError: model 'tulu3:8b' not found (status code: 404) (saved failed_tulu3:8b_1790403111589340964.json)
2026-09-26 06:11:51,590 [INFO] tulu3:8b | prompt5.jinja | iteration 1 | trial 2/20
2026-09-26 06:11:51,591 [WARNING] tulu3:8b | prompt5.jinja | iteration 1 | trial 2 failed: ResponseError: model 'tulu3:8b' not found (status code: 404) (saved failed_tulu3:8b_1790403111590742342.json)
2026-09-26 06:11:51,591 [INFO] tulu3:8b | prompt5.jinja | iteration 1 | trial 3/20
2026-09-26 06:11:51,593 [WARNING] tulu3:8b | prompt5.jinja | iteration 1 | trial 3 failed: ResponseError: model 'tulu3:8b' not found (status code: 404) (saved failed_tulu3:8b_1790403111591932855.json)
2026-09-26 06:11:51,593 [INFO] tulu3:8b | prompt5.jinja | iteration 1 | trial 4/20
2026-09-26 06:11:51,594 [WARNING] tulu3:8b | prompt5.jinja | iteration 1 | trial 4 failed: ResponseError: model 'tulu3:8b' not found (status code: 404) (saved failed_tulu3:8b_1790403111593618201.json)
2026-09-26 06:11:51,594 [INFO] tulu3:8b | prompt5.jinja | iteration 1 | trial 5/20
2026-09-26 06:11:51,596 [WARNING] tulu3:8b | prompt5.jinja | iteration 1 | trial 5 failed: ResponseError: model 'tulu3:8b' not found (status code: 404) (saved failed_tulu3:8b_1790403111595009259.json)
2026-09-26 06:11:51,596 [INFO] tulu3:8b | prompt5.jinja | iteration 1 | trial 6/20
2026-09-26 06:11:51,597 [WARNING] tulu3:8b | prompt5.jinja | iteration 1 | trial 6 failed: ResponseError: model 'tulu3:8b' not found (status code: 404) (saved failed_tulu3:8b_1790403111596221405.json)
2026-09-26 06:11:51,597 [INFO] tulu3:8b | prompt5.jinja | iteration 1 | trial 7/20
2026-09-26 06:11:51,598 [WARNING] tulu3:8b | prompt5.jinja | iteration 1 | trial 7 failed: ResponseError: model 'tulu3:8b' not found (status code: 404) (saved failed_tulu3:8b_1790403111597630927.json)
2026-09-26 06:11:51,598 [INFO] tulu3:8b | prompt5.jinja | iteration 1 | trial 8/20
2026-09-26 06:11:51,600 [WARNING] tulu3:8b | prompt5.jinja | iteration 1 | trial 8 failed: ResponseError: model 'tulu3:8b' not found (status code: 404) (saved failed_tulu3:8b_1790403111598858000.json)
2026-09-26 06:11:51,600 [INFO] tulu3:8b | prompt5.jinja | iteration 1 | trial 9/20
2026-09-26 06:11:51,601 [WARNING] tulu3:8b | prompt5.jinja | iteration 1 | trial 9 failed: ResponseError: model 'tulu3:8b' not found (status code: 404) (saved failed_tulu3:8b_1790403111600247842.json)
2026-09-26 06:11:51,601 [INFO] tulu3:8b | prompt5.jinja | iteration 1 | trial 10/20
2026-09-26 06:11:51,602 [WARNING] tulu3:8b | prompt5.jinja | iteration 1 | trial 10 failed: ResponseError: model 'tulu3:8b' not found (status code: 404) (saved failed_tulu3:8b_1790403111601603412.json)
2026-09-26 06:11:51,602 [INFO] tulu3:8b | prompt5.jinja | iteration 1 | trial 11/20
2026-09-26 06:11:51,604 [WARNING] tulu3:8b | prompt5.jinja | iteration 1 | trial 11 failed: ResponseError: model 'tulu3:8b' not found (status code: 404) (saved failed_tulu3:8b_1790403111602786470.json)
2026-09-26 06:11:51,604 [INFO] tulu3:8b | prompt5.jinja | iteration 1 | trial 12/20
2026-09-26 06:11:51,605 [WARNING] tulu3:8b | prompt5.jinja | iteration 1 | trial 12 failed: ResponseError: model 'tulu3:8b' not found (status code: 404) (saved failed_tulu3:8b_1790403111604152664.json)
2026-09-26 06:11:51,605 [INFO] tulu3:8b | prompt5.jinja | iteration 1 | trial 13/20
2026-09-26 06:11:51,606 [WARNING] tulu3:8b | prompt5.jinja | iteration 1 | trial 13 failed: ResponseError: model 'tulu3:8b' not found (status code: 404) (saved failed_tulu3:8b_1790403111605516521.json)
2026-09-26 06:11:51,606 [INFO] tulu3:8b | prompt5.jinja | iteration 1 | trial 14/20
2026-09-26 06:11:51,608 [WARNING] tulu3:8b | prompt5.jinja | iteration 1 | trial 14 failed: ResponseError: model 'tulu3:8b' not found (status code: 404) (saved failed_tulu3:8b_1790403111606719755.json)
2026-09-26 06:11:51,608 [INFO] tulu3:8b | prompt5.jinja | iteration 1 | trial 15/20
2026-09-26 06:11:51,610 [WARNING] tulu3:8b | prompt5.jinja | iteration 1 | trial 15 failed: ResponseError: model 'tulu3:8b' not found (status code: 404) (saved failed_tulu3:8b_1790403111608271501.json)
2026-09-26 06:11:51,610 [INFO] tulu3:8b | prompt5.jinja | iteration 1 | trial 16/20
2026-09-26 06:11:51,611 [WARNING] tulu3:8b | prompt5.jinja | iteration 1 | trial 16 failed: ResponseError: model 'tulu3:8b' not found (status code: 404) (saved failed_tulu3:8b_1790403111610121104.json)
2026-09-26 06:11:51,611 [INFO] tulu3:8b | prompt5.jinja | iteration 1 | trial 17/20
2026-09-26 06:11:51,612 [WARNING] tulu3:8b | prompt5.jinja | iteration 1 | trial 17 failed: ResponseError: model 'tulu3:8b' not found (status code: 404) (saved failed_tulu3:8b_1790403111611332641.json)
2026-09-26 06:11:51,612 [INFO] tulu3:8b | prompt5.jinja | iteration 1 | trial 18/20
2026-09-26 06:11:51,613 [WARNING] tulu3:8b | prompt5.jinja | iteration 1 | trial 18 failed: ResponseError: model 'tulu3:8b' not found (status code: 404) (saved failed_tulu3:8b_1790403111612575155.json)
2026-09-26 06:11:51,613 [INFO] tulu3:8b | prompt5.jinja | iteration 1 | trial 19/20
2026-09-26 06:11:51,615 [WARNING] tulu3:8b | prompt5.jinja | iteration 1 | trial 19 failed: ResponseError: model 'tulu3:8b' not found (status code: 404) (saved failed_tulu3:8b_1790403111614011989.json)
2026-09-26 06:11:51,615 [INFO] tulu3:8b | prompt5.jinja | iteration 1 | trial 20/20
2026-09-26 06:11:51,616 [WARNING] tulu3:8b | prompt5.jinja | iteration 1 | trial 20 failed: ResponseError: model 'tulu3:8b' not found (status code: 404) (saved failed_tulu3:8b_1790403111615234582.json)
2026-09-26 06:11:51,616 [INFO] tulu3:8b | prompt6.jinja | iteration 1 | trial 1/20
2026-09-26 06:11:51,617 [WARNING] tulu3:8b | prompt6.jinja | iteration 1 | trial 1 failed: ResponseError: model 'tulu3:8b' not found (status code: 404) (saved failed_tulu3:8b_1790403111616435336.json)
2026-09-26 06:11:51,617 [INFO] tulu3:8b | prompt6.jinja | iteration 1 | trial 2/20
2026-09-26 06:11:51,619 [WARNING] tulu3:8b | prompt6.jinja | iteration 1 | trial 2 failed: ResponseError: model 'tulu3:8b' not found (status code: 404) (saved failed_tulu3:8b_1790403111617920634.json)
2026-09-26 06:11:51,619 [INFO] tulu3:8b | prompt6.jinja | iteration 1 | trial 3/20
2026-09-26 06:11:51,620 [WARNING] tulu3:8b | prompt6.jinja | iteration 1 | trial 3 failed: ResponseError: model 'tulu3:8b' not found (status code: 404) (saved failed_tulu3:8b_1790403111619287004.json)
2026-09-26 06:11:51,620 [INFO] tulu3:8b | prompt6.jinja | iteration 1 | trial 4/20
2026-09-26 06:11:51,621 [WARNING] tulu3:8b | prompt6.jinja | iteration 1 | trial 4 failed: ResponseError: model 'tulu3:8b' not found (status code: 404) (saved failed_tulu3:8b_1790403111620457549.json)
2026-09-26 06:11:51,621 [INFO] tulu3:8b | prompt6.jinja | iteration 1 | trial 5/20
2026-09-26 06:11:51,623 [WARNING] tulu3:8b | prompt6.jinja | iteration 1 | trial 5 failed: ResponseError: model 'tulu3:8b' not found (status code: 404) (saved failed_tulu3:8b_1790403111621869503.json)
2026-09-26 06:11:51,623 [INFO] tulu3:8b | prompt6.jinja | iteration 1 | trial 6/20
2026-09-26 06:11:51,624 [WARNING] tulu3:8b | prompt6.jinja | iteration 1 | trial 6 failed: ResponseError: model 'tulu3:8b' not found (status code: 404) (saved failed_tulu3:8b_1790403111623218385.json)
2026-09-26 06:11:51,624 [INFO] tulu3:8b | prompt6.jinja | iteration 1 | trial 7/20
2026-09-26 06:11:51,625 [WARNING] tulu3:8b | prompt6.jinja | iteration 1 | trial 7 failed: ResponseError: model 'tulu3:8b' not found (status code: 404) (saved failed_tulu3:8b_1790403111624608883.json)
2026-09-26 06:11:51,625 [INFO] tulu3:8b | prompt6.jinja | iteration 1 | trial 8/20
2026-09-26 06:11:51,627 [WARNING] tulu3:8b | prompt6.jinja | iteration 1 | trial 8 failed: ResponseError: model 'tulu3:8b' not found (status code: 404) (saved failed_tulu3:8b_1790403111626016677.json)
2026-09-26 06:11:51,627 [INFO] tulu3:8b | prompt6.jinja | iteration 1 | trial 9/20
2026-09-26 06:11:51,628 [WARNING] tulu3:8b | prompt6.jinja | iteration 1 | trial 9 failed: ResponseError: model 'tulu3:8b' not found (status code: 404) (saved failed_tulu3:8b_1790403111627364791.json)
2026-09-26 06:11:51,628 [INFO] tulu3:8b | prompt6.jinja | iteration 1 | trial 10/20
2026-09-26 06:11:51,648 [WARNING] tulu3:8b | prompt6.jinja | iteration 1 | trial 10 failed: ResponseError: model 'tulu3:8b' not found (status code: 404) (saved failed_tulu3:8b_1790403111628756313.json)
2026-09-26 06:11:51,648 [INFO] tulu3:8b | prompt6.jinja | iteration 1 | trial 11/20
2026-09-26 06:11:51,650 [WARNING] tulu3:8b | prompt6.jinja | iteration 1 | trial 11 failed: ResponseError: model 'tulu3:8b' not found (status code: 404) (saved failed_tulu3:8b_1790403111648429955.json)
2026-09-26 06:11:51,650 [INFO] tulu3:8b | prompt6.jinja | iteration 1 | trial 12/20
2026-09-26 06:11:51,651 [WARNING] tulu3:8b | prompt6.jinja | iteration 1 | trial 12 failed: ResponseError: model 'tulu3:8b' not found (status code: 404) (saved failed_tulu3:8b_1790403111650213350.json)
2026-09-26 06:11:51,651 [INFO] tulu3:8b | prompt6.jinja | iteration 1 | trial 13/20
2026-09-26 06:11:51,652 [WARNING] tulu3:8b | prompt6.jinja | iteration 1 | trial 13 failed: ResponseError: model 'tulu3:8b' not found (status code: 404) (saved failed_tulu3:8b_1790403111651684327.json)
2026-09-26 06:11:51,652 [INFO] tulu3:8b | prompt6.jinja | iteration 1 | trial 14/20
2026-09-26 06:11:51,654 [WARNING] tulu3:8b | prompt6.jinja | iteration 1 | trial 14 failed: ResponseError: model 'tulu3:8b' not found (status code: 404) (saved failed_tulu3:8b_1790403111652911753.json)
2026-09-26 06:11:51,654 [INFO] tulu3:8b | prompt6.jinja | iteration 1 | trial 15/20
2026-09-26 06:11:51,655 [WARNING] tulu3:8b | prompt6.jinja | iteration 1 | trial 15 failed: ResponseError: model 'tulu3:8b' not found (status code: 404) (saved failed_tulu3:8b_1790403111654310043.json)
2026-09-26 06:11:51,655 [INFO] tulu3:8b | prompt6.jinja | iteration 1 | trial 16/20
2026-09-26 06:11:51,656 [WARNING] tulu3:8b | prompt6.jinja | iteration 1 | trial 16 failed: ResponseError: model 'tulu3:8b' not found (status code: 404) (saved failed_tulu3:8b_1790403111655680221.json)
2026-09-26 06:11:51,656 [INFO] tulu3:8b | prompt6.jinja | iteration 1 | trial 17/20
2026-09-26 06:11:51,658 [WARNING] tulu3:8b | prompt6.jinja | iteration 1 | trial 17 failed: ResponseError: model 'tulu3:8b' not found (status code: 404) (saved failed_tulu3:8b_1790403111656864510.json)
2026-09-26 06:11:51,658 [INFO] tulu3:8b | prompt6.jinja | iteration 1 | trial 18/20
2026-09-26 06:11:51,659 [WARNING] tulu3:8b | prompt6.jinja | iteration 1 | trial 18 failed: ResponseError: model 'tulu3:8b' not found (status code: 404) (saved failed_tulu3:8b_1790403111658448513.json)
2026-09-26 06:11:51,659 [INFO] tulu3:8b | prompt6.jinja | iteration 1 | trial 19/20
2026-09-26 06:11:51,660 [WARNING] tulu3:8b | prompt6.jinja | iteration 1 | trial 19 failed: ResponseError: model 'tulu3:8b' not found (status code: 404) (saved failed_tulu3:8b_1790403111659837826.json)
2026-09-26 06:11:51,661 [INFO] tulu3:8b | prompt6.jinja | iteration 1 | trial 20/20
2026-09-26 06:11:51,662 [WARNING] tulu3:8b | prompt6.jinja | iteration 1 | trial 20 failed: ResponseError: model 'tulu3:8b' not found (status code: 404) (saved failed_tulu3:8b_1790403111661020516.json)
2026-09-26 06:11:51,662 [INFO] tulu3:8b | prompt7.jinja | iteration 1 | trial 1/20
2026-09-26 06:11:51,663 [WARNING] tulu3:8b | prompt7.jinja | iteration 1 | trial 1 failed: ResponseError: model 'tulu3:8b' not found (status code: 404) (saved failed_tulu3:8b_1790403111662444646.json)
2026-09-26 06:11:51,663 [INFO] tulu3:8b | prompt7.jinja | iteration 1 | trial 2/20
2026-09-26 06:11:51,665 [WARNING] tulu3:8b | prompt7.jinja | iteration 1 | trial 2 failed: ResponseError: model 'tulu3:8b' not found (status code: 404) (saved failed_tulu3:8b_1790403111663883256.json)
2026-09-26 06:11:51,665 [INFO] tulu3:8b | prompt7.jinja | iteration 1 | trial 3/20
2026-09-26 06:11:51,666 [WARNING] tulu3:8b | prompt7.jinja | iteration 1 | trial 3 failed: ResponseError: model 'tulu3:8b' not found (status code: 404) (saved failed_tulu3:8b_1790403111665063898.json)
2026-09-26 06:11:51,666 [INFO] tulu3:8b | prompt7.jinja | iteration 1 | trial 4/20
2026-09-26 06:11:51,667 [WARNING] tulu3:8b | prompt7.jinja | iteration 1 | trial 4 failed: ResponseError: model 'tulu3:8b' not found (status code: 404) (saved failed_tulu3:8b_1790403111666432155.json)
2026-09-26 06:11:51,667 [INFO] tulu3:8b | prompt7.jinja | iteration 1 | trial 5/20
2026-09-26 06:11:51,668 [WARNING] tulu3:8b | prompt7.jinja | iteration 1 | trial 5 failed: ResponseError: model 'tulu3:8b' not found (status code: 404) (saved failed_tulu3:8b_1790403111667809293.json)
2026-09-26 06:11:51,668 [INFO] tulu3:8b | prompt7.jinja | iteration 1 | trial 6/20
2026-09-26 06:11:51,670 [WARNING] tulu3:8b | prompt7.jinja | iteration 1 | trial 6 failed: ResponseError: model 'tulu3:8b' not found (status code: 404) (saved failed_tulu3:8b_1790403111668991279.json)
2026-09-26 06:11:51,670 [INFO] tulu3:8b | prompt7.jinja | iteration 1 | trial 7/20
2026-09-26 06:11:51,671 [WARNING] tulu3:8b | prompt7.jinja | iteration 1 | trial 7 failed: ResponseError: model 'tulu3:8b' not found (status code: 404) (saved failed_tulu3:8b_1790403111670395665.json)
2026-09-26 06:11:51,671 [INFO] tulu3:8b | prompt7.jinja | iteration 1 | trial 8/20
2026-09-26 06:11:51,672 [WARNING] tulu3:8b | prompt7.jinja | iteration 1 | trial 8 failed: ResponseError: model 'tulu3:8b' not found (status code: 404) (saved failed_tulu3:8b_1790403111671754627.json)
2026-09-26 06:11:51,672 [INFO] tulu3:8b | prompt7.jinja | iteration 1 | trial 9/20
2026-09-26 06:11:51,674 [WARNING] tulu3:8b | prompt7.jinja | iteration 1 | trial 9 failed: ResponseError: model 'tulu3:8b' not found (status code: 404) (saved failed_tulu3:8b_1790403111672920612.json)
2026-09-26 06:11:51,674 [INFO] tulu3:8b | prompt7.jinja | iteration 1 | trial 10/20
2026-09-26 06:11:51,675 [WARNING] tulu3:8b | prompt7.jinja | iteration 1 | trial 10 failed: ResponseError: model 'tulu3:8b' not found (status code: 404) (saved failed_tulu3:8b_1790403111674453750.json)
2026-09-26 06:11:51,675 [INFO] tulu3:8b | prompt7.jinja | iteration 1 | trial 11/20
2026-09-26 06:11:51,676 [WARNING] tulu3:8b | prompt7.jinja | iteration 1 | trial 11 failed: ResponseError: model 'tulu3:8b' not found (status code: 404) (saved failed_tulu3:8b_1790403111675824200.json)
2026-09-26 06:11:51,676 [INFO] tulu3:8b | prompt7.jinja | iteration 1 | trial 12/20
2026-09-26 06:11:51,678 [WARNING] tulu3:8b | prompt7.jinja | iteration 1 | trial 12 failed: ResponseError: model 'tulu3:8b' not found (status code: 404) (saved failed_tulu3:8b_1790403111677008714.json)
2026-09-26 06:11:51,678 [INFO] tulu3:8b | prompt7.jinja | iteration 1 | trial 13/20
2026-09-26 06:11:51,679 [WARNING] tulu3:8b | prompt7.jinja | iteration 1 | trial 13 failed: ResponseError: model 'tulu3:8b' not found (status code: 404) (saved failed_tulu3:8b_1790403111678401675.json)
2026-09-26 06:11:51,679 [INFO] tulu3:8b | prompt7.jinja | iteration 1 | trial 14/20
2026-09-26 06:11:51,680 [WARNING] tulu3:8b | prompt7.jinja | iteration 1 | trial 14 failed: ResponseError: model 'tulu3:8b' not found (status code: 404) (saved failed_tulu3:8b_1790403111679572429.json)
2026-09-26 06:11:51,680 [INFO] tulu3:8b | prompt7.jinja | iteration 1 | trial 15/20
2026-09-26 06:11:51,682 [WARNING] tulu3:8b | prompt7.jinja | iteration 1 | trial 15 failed: ResponseError: model 'tulu3:8b' not found (status code: 404) (saved failed_tulu3:8b_1790403111680803599.json)
2026-09-26 06:11:51,682 [INFO] tulu3:8b | prompt7.jinja | iteration 1 | trial 16/20
2026-09-26 06:11:51,683 [WARNING] tulu3:8b | prompt7.jinja | iteration 1 | trial 16 failed: ResponseError: model 'tulu3:8b' not found (status code: 404) (saved failed_tulu3:8b_1790403111682192353.json)
2026-09-26 06:11:51,683 [INFO] tulu3:8b | prompt7.jinja | iteration 1 | trial 17/20
2026-09-26 06:11:51,684 [WARNING] tulu3:8b | prompt7.jinja | iteration 1 | trial 17 failed: ResponseError: model 'tulu3:8b' not found (status code: 404) (saved failed_tulu3:8b_1790403111683364882.json)
2026-09-26 06:11:51,684 [INFO] tulu3:8b | prompt7.jinja | iteration 1 | trial 18/20
2026-09-26 06:11:51,685 [WARNING] tulu3:8b | prompt7.jinja | iteration 1 | trial 18 failed: ResponseError: model 'tulu3:8b' not found (status code: 404) (saved failed_tulu3:8b_1790403111684561412.json)
2026-09-26 06:11:51,685 [INFO] tulu3:8b | prompt7.jinja | iteration 1 | trial 19/20
2026-09-26 06:11:51,687 [WARNING] tulu3:8b | prompt7.jinja | iteration 1 | trial 19 failed: ResponseError: model 'tulu3:8b' not found (status code: 404) (saved failed_tulu3:8b_1790403111685961254.json)
2026-09-26 06:11:51,687 [INFO] tulu3:8b | prompt7.jinja | iteration 1 | trial 20/20
2026-09-26 06:11:51,688 [WARNING] tulu3:8b | prompt7.jinja | iteration 1 | trial 20 failed: ResponseError: model 'tulu3:8b' not found (status code: 404) (saved failed_tulu3:8b_1790403111687153607.json)
2026-09-26 06:11:51,688 [INFO] tulu3:8b | prompt8.jinja | iteration 1 | trial 1/20
2026-09-26 06:11:51,690 [WARNING] tulu3:8b | prompt8.jinja | iteration 1 | trial 1 failed: ResponseError: model 'tulu3:8b' not found (status code: 404) (saved failed_tulu3:8b_1790403111688588521.json)
2026-09-26 06:11:51,690 [INFO] tulu3:8b | prompt8.jinja | iteration 1 | trial 2/20
2026-09-26 06:11:51,691 [WARNING] tulu3:8b | prompt8.jinja | iteration 1 | trial 2 failed: ResponseError: model 'tulu3:8b' not found (status code: 404) (saved failed_tulu3:8b_1790403111690096219.json)
2026-09-26 06:11:51,691 [INFO] tulu3:8b | prompt8.jinja | iteration 1 | trial 3/20
2026-09-26 06:11:51,692 [WARNING] tulu3:8b | prompt8.jinja | iteration 1 | trial 3 failed: ResponseError: model 'tulu3:8b' not found (status code: 404) (saved failed_tulu3:8b_1790403111691315213.json)
2026-09-26 06:11:51,692 [INFO] tulu3:8b | prompt8.jinja | iteration 1 | trial 4/20
2026-09-26 06:11:51,693 [WARNING] tulu3:8b | prompt8.jinja | iteration 1 | trial 4 failed: ResponseError: model 'tulu3:8b' not found (status code: 404) (saved failed_tulu3:8b_1790403111692531422.json)
2026-09-26 06:11:51,693 [INFO] tulu3:8b | prompt8.jinja | iteration 1 | trial 5/20
2026-09-26 06:11:51,695 [WARNING] tulu3:8b | prompt8.jinja | iteration 1 | trial 5 failed: ResponseError: model 'tulu3:8b' not found (status code: 404) (saved failed_tulu3:8b_1790403111693969008.json)
2026-09-26 06:11:51,695 [INFO] tulu3:8b | prompt8.jinja | iteration 1 | trial 6/20
2026-09-26 06:11:51,696 [WARNING] tulu3:8b | prompt8.jinja | iteration 1 | trial 6 failed: ResponseError: model 'tulu3:8b' not found (status code: 404) (saved failed_tulu3:8b_1790403111695178786.json)
2026-09-26 06:11:51,696 [INFO] tulu3:8b | prompt8.jinja | iteration 1 | trial 7/20
2026-09-26 06:11:51,697 [WARNING] tulu3:8b | prompt8.jinja | iteration 1 | trial 7 failed: ResponseError: model 'tulu3:8b' not found (status code: 404) (saved failed_tulu3:8b_1790403111696393012.json)
2026-09-26 06:11:51,697 [INFO] tulu3:8b | prompt8.jinja | iteration 1 | trial 8/20
2026-09-26 06:11:51,699 [WARNING] tulu3:8b | prompt8.jinja | iteration 1 | trial 8 failed: ResponseError: model 'tulu3:8b' not found (status code: 404) (saved failed_tulu3:8b_1790403111697791797.json)
2026-09-26 06:11:51,699 [INFO] tulu3:8b | prompt8.jinja | iteration 1 | trial 9/20
2026-09-26 06:11:51,700 [WARNING] tulu3:8b | prompt8.jinja | iteration 1 | trial 9 failed: ResponseError: model 'tulu3:8b' not found (status code: 404) (saved failed_tulu3:8b_1790403111699517736.json)
2026-09-26 06:11:51,700 [INFO] tulu3:8b | prompt8.jinja | iteration 1 | trial 10/20
2026-09-26 06:11:51,702 [WARNING] tulu3:8b | prompt8.jinja | iteration 1 | trial 10 failed: ResponseError: model 'tulu3:8b' not found (status code: 404) (saved failed_tulu3:8b_1790403111700758426.json)
2026-09-26 06:11:51,702 [INFO] tulu3:8b | prompt8.jinja | iteration 1 | trial 11/20
2026-09-26 06:11:51,703 [WARNING] tulu3:8b | prompt8.jinja | iteration 1 | trial 11 failed: ResponseError: model 'tulu3:8b' not found (status code: 404) (saved failed_tulu3:8b_1790403111702197771.json)
2026-09-26 06:11:51,703 [INFO] tulu3:8b | prompt8.jinja | iteration 1 | trial 12/20
2026-09-26 06:11:51,704 [WARNING] tulu3:8b | prompt8.jinja | iteration 1 | trial 12 failed: ResponseError: model 'tulu3:8b' not found (status code: 404) (saved failed_tulu3:8b_1790403111703408317.json)
2026-09-26 06:11:51,704 [INFO] tulu3:8b | prompt8.jinja | iteration 1 | trial 13/20
2026-09-26 06:11:51,706 [WARNING] tulu3:8b | prompt8.jinja | iteration 1 | trial 13 failed: ResponseError: model 'tulu3:8b' not found (status code: 404) (saved failed_tulu3:8b_1790403111704799759.json)
2026-09-26 06:11:51,706 [INFO] tulu3:8b | prompt8.jinja | iteration 1 | trial 14/20
2026-09-26 06:11:51,707 [WARNING] tulu3:8b | prompt8.jinja | iteration 1 | trial 14 failed: ResponseError: model 'tulu3:8b' not found (status code: 404) (saved failed_tulu3:8b_1790403111706199233.json)
2026-09-26 06:11:51,707 [INFO] tulu3:8b | prompt8.jinja | iteration 1 | trial 15/20
2026-09-26 06:11:51,708 [WARNING] tulu3:8b | prompt8.jinja | iteration 1 | trial 15 failed: ResponseError: model 'tulu3:8b' not found (status code: 404) (saved failed_tulu3:8b_1790403111707378338.json)
2026-09-26 06:11:51,708 [INFO] tulu3:8b | prompt8.jinja | iteration 1 | trial 16/20
2026-09-26 06:11:51,709 [WARNING] tulu3:8b | prompt8.jinja | iteration 1 | trial 16 failed: ResponseError: model 'tulu3:8b' not found (status code: 404) (saved failed_tulu3:8b_1790403111708589492.json)
2026-09-26 06:11:51,709 [INFO] tulu3:8b | prompt8.jinja | iteration 1 | trial 17/20
2026-09-26 06:11:51,711 [WARNING] tulu3:8b | prompt8.jinja | iteration 1 | trial 17 failed: ResponseError: model 'tulu3:8b' not found (status code: 404) (saved failed_tulu3:8b_1790403111710009382.json)
2026-09-26 06:11:51,711 [INFO] tulu3:8b | prompt8.jinja | iteration 1 | trial 18/20
2026-09-26 06:11:51,712 [WARNING] tulu3:8b | prompt8.jinja | iteration 1 | trial 18 failed: ResponseError: model 'tulu3:8b' not found (status code: 404) (saved failed_tulu3:8b_1790403111711214632.json)
2026-09-26 06:11:51,712 [INFO] tulu3:8b | prompt8.jinja | iteration 1 | trial 19/20
2026-09-26 06:11:51,713 [WARNING] tulu3:8b | prompt8.jinja | iteration 1 | trial 19 failed: ResponseError: model 'tulu3:8b' not found (status code: 404) (saved failed_tulu3:8b_1790403111712419385.json)
2026-09-26 06:11:51,713 [INFO] tulu3:8b | prompt8.jinja | iteration 1 | trial 20/20
2026-09-26 06:11:51,714 [WARNING] tulu3:8b | prompt8.jinja | iteration 1 | trial 20 failed: ResponseError: model 'tulu3:8b' not found (status code: 404) (saved failed_tulu3:8b_1790403111713841051.json)
2026-09-26 06:11:51,715 [INFO] tulu3:8b | prompt9.jinja | iteration 1 | trial 1/20
2026-09-26 06:11:51,716 [WARNING] tulu3:8b | prompt9.jinja | iteration 1 | trial 1 failed: ResponseError: model 'tulu3:8b' not found (status code: 404) (saved failed_tulu3:8b_1790403111715052077.json)
2026-09-26 06:11:51,716 [INFO] tulu3:8b | prompt9.jinja | iteration 1 | trial 2/20
2026-09-26 06:11:51,717 [WARNING] tulu3:8b | prompt9.jinja | iteration 1 | trial 2 failed: ResponseError: model 'tulu3:8b' not found (status code: 404) (saved failed_tulu3:8b_1790403111716348430.json)
2026-09-26 06:11:51,717 [INFO] tulu3:8b | prompt9.jinja | iteration 1 | trial 3/20
2026-09-26 06:11:51,718 [WARNING] tulu3:8b | prompt9.jinja | iteration 1 | trial 3 failed: ResponseError: model 'tulu3:8b' not found (status code: 404) (saved failed_tulu3:8b_1790403111717756000.json)
2026-09-26 06:11:51,718 [INFO] tulu3:8b | prompt9.jinja | iteration 1 | trial 4/20
2026-09-26 06:11:51,720 [WARNING] tulu3:8b | prompt9.jinja | iteration 1 | trial 4 failed: ResponseError: model 'tulu3:8b' not found (status code: 404) (saved failed_tulu3:8b_1790403111718933762.json)
2026-09-26 06:11:51,720 [INFO] tulu3:8b | prompt9.jinja | iteration 1 | trial 5/20
2026-09-26 06:11:51,721 [WARNING] tulu3:8b | prompt9.jinja | iteration 1 | trial 5 failed: ResponseError: model 'tulu3:8b' not found (status code: 404) (saved failed_tulu3:8b_1790403111720337460.json)
2026-09-26 06:11:51,721 [INFO] tulu3:8b | prompt9.jinja | iteration 1 | trial 6/20
2026-09-26 06:11:51,722 [WARNING] tulu3:8b | prompt9.jinja | iteration 1 | trial 6 failed: ResponseError: model 'tulu3:8b' not found (status code: 404) (saved failed_tulu3:8b_1790403111721750582.json)
2026-09-26 06:11:51,722 [INFO] tulu3:8b | prompt9.jinja | iteration 1 | trial 7/20
2026-09-26 06:11:51,724 [WARNING] tulu3:8b | prompt9.jinja | iteration 1 | trial 7 failed: ResponseError: model 'tulu3:8b' not found (status code: 404) (saved failed_tulu3:8b_1790403111722943623.json)
2026-09-26 06:11:51,724 [INFO] tulu3:8b | prompt9.jinja | iteration 1 | trial 8/20
2026-09-26 06:11:51,725 [WARNING] tulu3:8b | prompt9.jinja | iteration 1 | trial 8 failed: ResponseError: model 'tulu3:8b' not found (status code: 404) (saved failed_tulu3:8b_1790403111724159385.json)
2026-09-26 06:11:51,725 [INFO] tulu3:8b | prompt9.jinja | iteration 1 | trial 9/20
2026-09-26 06:11:51,726 [WARNING] tulu3:8b | prompt9.jinja | iteration 1 | trial 9 failed: ResponseError: model 'tulu3:8b' not found (status code: 404) (saved failed_tulu3:8b_1790403111725598667.json)
2026-09-26 06:11:51,726 [INFO] tulu3:8b | prompt9.jinja | iteration 1 | trial 10/20
2026-09-26 06:11:51,727 [WARNING] tulu3:8b | prompt9.jinja | iteration 1 | trial 10 failed: ResponseError: model 'tulu3:8b' not found (status code: 404) (saved failed_tulu3:8b_1790403111726795325.json)
2026-09-26 06:11:51,727 [INFO] tulu3:8b | prompt9.jinja | iteration 1 | trial 11/20
2026-09-26 06:11:51,729 [WARNING] tulu3:8b | prompt9.jinja | iteration 1 | trial 11 failed: ResponseError: model 'tulu3:8b' not found (status code: 404) (saved failed_tulu3:8b_1790403111728009438.json)
2026-09-26 06:11:51,729 [INFO] tulu3:8b | prompt9.jinja | iteration 1 | trial 12/20
2026-09-26 06:11:51,730 [WARNING] tulu3:8b | prompt9.jinja | iteration 1 | trial 12 failed: ResponseError: model 'tulu3:8b' not found (status code: 404) (saved failed_tulu3:8b_1790403111729443600.json)
2026-09-26 06:11:51,730 [INFO] tulu3:8b | prompt9.jinja | iteration 1 | trial 13/20
2026-09-26 06:11:51,731 [WARNING] tulu3:8b | prompt9.jinja | iteration 1 | trial 13 failed: ResponseError: model 'tulu3:8b' not found (status code: 404) (saved failed_tulu3:8b_1790403111730641890.json)
2026-09-26 06:11:51,731 [INFO] tulu3:8b | prompt9.jinja | iteration 1 | trial 14/20
2026-09-26 06:11:51,733 [WARNING] tulu3:8b | prompt9.jinja | iteration 1 | trial 14 failed: ResponseError: model 'tulu3:8b' not found (status code: 404) (saved failed_tulu3:8b_1790403111731845667.json)
2026-09-26 06:11:51,733 [INFO] tulu3:8b | prompt9.jinja | iteration 1 | trial 15/20
2026-09-26 06:11:51,734 [WARNING] tulu3:8b | prompt9.jinja | iteration 1 | trial 15 failed: ResponseError: model 'tulu3:8b' not found (status code: 404) (saved failed_tulu3:8b_1790403111733255301.json)
2026-09-26 06:11:51,734 [INFO] tulu3:8b | prompt9.jinja | iteration 1 | trial 16/20
2026-09-26 06:11:51,735 [WARNING] tulu3:8b | prompt9.jinja | iteration 1 | trial 16 failed: ResponseError: model 'tulu3:8b' not found (status code: 404) (saved failed_tulu3:8b_1790403111734599799.json)
2026-09-26 06:11:51,735 [INFO] tulu3:8b | prompt9.jinja | iteration 1 | trial 17/20
2026-09-26 06:11:51,737 [WARNING] tulu3:8b | prompt9.jinja | iteration 1 | trial 17 failed: ResponseError: model 'tulu3:8b' not found (status code: 404) (saved failed_tulu3:8b_1790403111735857209.json)
2026-09-26 06:11:51,737 [INFO] tulu3:8b | prompt9.jinja | iteration 1 | trial 18/20
2026-09-26 06:11:51,738 [WARNING] tulu3:8b | prompt9.jinja | iteration 1 | trial 18 failed: ResponseError: model 'tulu3:8b' not found (status code: 404) (saved failed_tulu3:8b_1790403111737269307.json)
2026-09-26 06:11:51,738 [INFO] tulu3:8b | prompt9.jinja | iteration 1 | trial 19/20
2026-09-26 06:11:51,739 [WARNING] tulu3:8b | prompt9.jinja | iteration 1 | trial 19 failed: ResponseError: model 'tulu3:8b' not found (status code: 404) (saved failed_tulu3:8b_1790403111738445164.json)
2026-09-26 06:11:51,739 [INFO] tulu3:8b | prompt9.jinja | iteration 1 | trial 20/20
2026-09-26 06:11:51,741 [WARNING] tulu3:8b | prompt9.jinja | iteration 1 | trial 20 failed: ResponseError: model 'tulu3:8b' not found (status code: 404) (saved failed_tulu3:8b_1790403111739638638.json)
2026-09-26 06:11:51,741 [INFO] tulu3:8b | security-incremental-1.jinja | iteration 1 | trial 1/20
2026-09-26 06:11:51,742 [WARNING] tulu3:8b | security-incremental-1.jinja | iteration 1 | trial 1 failed: ResponseError: model 'tulu3:8b' not found (status code: 404) (saved failed_tulu3:8b_1790403111741108064.json)
2026-09-26 06:11:51,742 [INFO] tulu3:8b | security-incremental-1.jinja | iteration 1 | trial 2/20
2026-09-26 06:11:51,743 [WARNING] tulu3:8b | security-incremental-1.jinja | iteration 1 | trial 2 failed: ResponseError: model 'tulu3:8b' not found (status code: 404) (saved failed_tulu3:8b_1790403111742333585.json)
2026-09-26 06:11:51,743 [INFO] tulu3:8b | security-incremental-1.jinja | iteration 1 | trial 3/20
2026-09-26 06:11:51,744 [WARNING] tulu3:8b | security-incremental-1.jinja | iteration 1 | trial 3 failed: ResponseError: model 'tulu3:8b' not found (status code: 404) (saved failed_tulu3:8b_1790403111743516147.json)
2026-09-26 06:11:51,744 [INFO] tulu3:8b | security-incremental-1.jinja | iteration 1 | trial 4/20
2026-09-26 06:11:51,746 [WARNING] tulu3:8b | security-incremental-1.jinja | iteration 1 | trial 4 failed: ResponseError: model 'tulu3:8b' not found (status code: 404) (saved failed_tulu3:8b_1790403111744710373.json)
2026-09-26 06:11:51,746 [INFO] tulu3:8b | security-incremental-1.jinja | iteration 1 | trial 5/20
2026-09-26 06:11:51,747 [WARNING] tulu3:8b | security-incremental-1.jinja | iteration 1 | trial 5 failed: ResponseError: model 'tulu3:8b' not found (status code: 404) (saved failed_tulu3:8b_1790403111746116247.json)
2026-09-26 06:11:51,747 [INFO] tulu3:8b | security-incremental-1.jinja | iteration 1 | trial 6/20
2026-09-26 06:11:51,748 [WARNING] tulu3:8b | security-incremental-1.jinja | iteration 1 | trial 6 failed: ResponseError: model 'tulu3:8b' not found (status code: 404) (saved failed_tulu3:8b_1790403111747298760.json)
2026-09-26 06:11:51,748 [INFO] tulu3:8b | security-incremental-1.jinja | iteration 1 | trial 7/20
2026-09-26 06:11:51,749 [WARNING] tulu3:8b | security-incremental-1.jinja | iteration 1 | trial 7 failed: ResponseError: model 'tulu3:8b' not found (status code: 404) (saved failed_tulu3:8b_1790403111748477626.json)
2026-09-26 06:11:51,750 [INFO] tulu3:8b | security-incremental-1.jinja | iteration 1 | trial 8/20
2026-09-26 06:11:51,751 [WARNING] tulu3:8b | security-incremental-1.jinja | iteration 1 | trial 8 failed: ResponseError: model 'tulu3:8b' not found (status code: 404) (saved failed_tulu3:8b_1790403111750028348.json)
2026-09-26 06:11:51,751 [INFO] tulu3:8b | security-incremental-1.jinja | iteration 1 | trial 9/20
2026-09-26 06:11:51,752 [WARNING] tulu3:8b | security-incremental-1.jinja | iteration 1 | trial 9 failed: ResponseError: model 'tulu3:8b' not found (status code: 404) (saved failed_tulu3:8b_1790403111751218909.json)
2026-09-26 06:11:51,752 [INFO] tulu3:8b | security-incremental-1.jinja | iteration 1 | trial 10/20
2026-09-26 06:11:51,753 [WARNING] tulu3:8b | security-incremental-1.jinja | iteration 1 | trial 10 failed: ResponseError: model 'tulu3:8b' not found (status code: 404) (saved failed_tulu3:8b_1790403111752425295.json)
2026-09-26 06:11:51,753 [INFO] tulu3:8b | security-incremental-1.jinja | iteration 1 | trial 11/20
2026-09-26 06:11:51,755 [WARNING] tulu3:8b | security-incremental-1.jinja | iteration 1 | trial 11 failed: ResponseError: model 'tulu3:8b' not found (status code: 404) (saved failed_tulu3:8b_1790403111753635217.json)
2026-09-26 06:11:51,755 [INFO] tulu3:8b | security-incremental-1.jinja | iteration 1 | trial 12/20
2026-09-26 06:11:51,756 [WARNING] tulu3:8b | security-incremental-1.jinja | iteration 1 | trial 12 failed: ResponseError: model 'tulu3:8b' not found (status code: 404) (saved failed_tulu3:8b_1790403111755069843.json)
2026-09-26 06:11:51,756 [INFO] tulu3:8b | security-incremental-1.jinja | iteration 1 | trial 13/20
2026-09-26 06:11:51,757 [WARNING] tulu3:8b | security-incremental-1.jinja | iteration 1 | trial 13 failed: ResponseError: model 'tulu3:8b' not found (status code: 404) (saved failed_tulu3:8b_1790403111756292340.json)
2026-09-26 06:11:51,757 [INFO] tulu3:8b | security-incremental-1.jinja | iteration 1 | trial 14/20
2026-09-26 06:11:51,758 [WARNING] tulu3:8b | security-incremental-1.jinja | iteration 1 | trial 14 failed: ResponseError: model 'tulu3:8b' not found (status code: 404) (saved failed_tulu3:8b_1790403111757491030.json)
2026-09-26 06:11:51,758 [INFO] tulu3:8b | security-incremental-1.jinja | iteration 1 | trial 15/20
2026-09-26 06:11:51,760 [WARNING] tulu3:8b | security-incremental-1.jinja | iteration 1 | trial 15 failed: ResponseError: model 'tulu3:8b' not found (status code: 404) (saved failed_tulu3:8b_1790403111758896600.json)
2026-09-26 06:11:51,760 [INFO] tulu3:8b | security-incremental-1.jinja | iteration 1 | trial 16/20
2026-09-26 06:11:51,761 [WARNING] tulu3:8b | security-incremental-1.jinja | iteration 1 | trial 16 failed: ResponseError: model 'tulu3:8b' not found (status code: 404) (saved failed_tulu3:8b_1790403111760078617.json)
2026-09-26 06:11:51,761 [INFO] tulu3:8b | security-incremental-1.jinja | iteration 1 | trial 17/20
2026-09-26 06:11:51,762 [WARNING] tulu3:8b | security-incremental-1.jinja | iteration 1 | trial 17 failed: ResponseError: model 'tulu3:8b' not found (status code: 404) (saved failed_tulu3:8b_1790403111761266027.json)
2026-09-26 06:11:51,762 [INFO] tulu3:8b | security-incremental-1.jinja | iteration 1 | trial 18/20
2026-09-26 06:11:51,764 [WARNING] tulu3:8b | security-incremental-1.jinja | iteration 1 | trial 18 failed: ResponseError: model 'tulu3:8b' not found (status code: 404) (saved failed_tulu3:8b_1790403111762686957.json)
2026-09-26 06:11:51,764 [INFO] tulu3:8b | security-incremental-1.jinja | iteration 1 | trial 19/20
2026-09-26 06:11:51,765 [WARNING] tulu3:8b | security-incremental-1.jinja | iteration 1 | trial 19 failed: ResponseError: model 'tulu3:8b' not found (status code: 404) (saved failed_tulu3:8b_1790403111764063023.json)
2026-09-26 06:11:51,765 [INFO] tulu3:8b | security-incremental-1.jinja | iteration 1 | trial 20/20
2026-09-26 06:11:51,766 [WARNING] tulu3:8b | security-incremental-1.jinja | iteration 1 | trial 20 failed: ResponseError: model 'tulu3:8b' not found (status code: 404) (saved failed_tulu3:8b_1790403111765278640.json)
2026-09-26 06:11:51,766 [INFO] tulu3:8b | prompt1.jinja | iteration 2 | trial 1/20
2026-09-26 06:11:51,768 [WARNING] tulu3:8b | prompt1.jinja | iteration 2 | trial 1 failed: ResponseError: model 'tulu3:8b' not found (status code: 404) (saved failed_tulu3:8b_1790403111766700338.json)
2026-09-26 06:11:51,768 [INFO] tulu3:8b | prompt1.jinja | iteration 2 | trial 2/20
2026-09-26 06:11:51,769 [WARNING] tulu3:8b | prompt1.jinja | iteration 2 | trial 2 failed: ResponseError: model 'tulu3:8b' not found (status code: 404) (saved failed_tulu3:8b_1790403111768434165.json)
2026-09-26 06:11:51,769 [INFO] tulu3:8b | prompt1.jinja | iteration 2 | trial 3/20
2026-09-26 06:11:51,771 [WARNING] tulu3:8b | prompt1.jinja | iteration 2 | trial 3 failed: ResponseError: model 'tulu3:8b' not found (status code: 404) (saved failed_tulu3:8b_1790403111769862039.json)
2026-09-26 06:11:51,771 [INFO] tulu3:8b | prompt1.jinja | iteration 2 | trial 4/20
2026-09-26 06:11:51,772 [WARNING] tulu3:8b | prompt1.jinja | iteration 2 | trial 4 failed: ResponseError: model 'tulu3:8b' not found (status code: 404) (saved failed_tulu3:8b_1790403111771247720.json)
2026-09-26 06:11:51,772 [INFO] tulu3:8b | prompt1.jinja | iteration 2 | trial 5/20
2026-09-26 06:11:51,773 [WARNING] tulu3:8b | prompt1.jinja | iteration 2 | trial 5 failed: ResponseError: model 'tulu3:8b' not found (status code: 404) (saved failed_tulu3:8b_1790403111772416922.json)
2026-09-26 06:11:51,773 [INFO] tulu3:8b | prompt1.jinja | iteration 2 | trial 6/20
2026-09-26 06:11:51,775 [WARNING] tulu3:8b | prompt1.jinja | iteration 2 | trial 6 failed: ResponseError: model 'tulu3:8b' not found (status code: 404) (saved failed_tulu3:8b_1790403111773795452.json)
2026-09-26 06:11:51,775 [INFO] tulu3:8b | prompt1.jinja | iteration 2 | trial 7/20
2026-09-26 06:11:51,776 [WARNING] tulu3:8b | prompt1.jinja | iteration 2 | trial 7 failed: ResponseError: model 'tulu3:8b' not found (status code: 404) (saved failed_tulu3:8b_1790403111775148174.json)
2026-09-26 06:11:51,776 [INFO] tulu3:8b | prompt1.jinja | iteration 2 | trial 8/20
2026-09-26 06:11:51,777 [WARNING] tulu3:8b | prompt1.jinja | iteration 2 | trial 8 failed: ResponseError: model 'tulu3:8b' not found (status code: 404) (saved failed_tulu3:8b_1790403111776288943.json)
2026-09-26 06:11:51,777 [INFO] tulu3:8b | prompt1.jinja | iteration 2 | trial 9/20
2026-09-26 06:11:51,778 [WARNING] tulu3:8b | prompt1.jinja | iteration 2 | trial 9 failed: ResponseError: model 'tulu3:8b' not found (status code: 404) (saved failed_tulu3:8b_1790403111777546049.json)
2026-09-26 06:11:51,778 [INFO] tulu3:8b | prompt1.jinja | iteration 2 | trial 10/20
2026-09-26 06:11:51,780 [WARNING] tulu3:8b | prompt1.jinja | iteration 2 | trial 10 failed: ResponseError: model 'tulu3:8b' not found (status code: 404) (saved failed_tulu3:8b_1790403111778592290.json)
2026-09-26 06:11:51,780 [INFO] tulu3:8b | prompt1.jinja | iteration 2 | trial 11/20
2026-09-26 06:11:51,781 [WARNING] tulu3:8b | prompt1.jinja | iteration 2 | trial 11 failed: ResponseError: model 'tulu3:8b' not found (status code: 404) (saved failed_tulu3:8b_1790403111780136228.json)
2026-09-26 06:11:51,781 [INFO] tulu3:8b | prompt1.jinja | iteration 2 | trial 12/20
2026-09-26 06:11:51,782 [WARNING] tulu3:8b | prompt1.jinja | iteration 2 | trial 12 failed: ResponseError: model 'tulu3:8b' not found (status code: 404) (saved failed_tulu3:8b_1790403111781165814.json)
2026-09-26 06:11:51,782 [INFO] tulu3:8b | prompt1.jinja | iteration 2 | trial 13/20
2026-09-26 06:11:51,783 [WARNING] tulu3:8b | prompt1.jinja | iteration 2 | trial 13 failed: ResponseError: model 'tulu3:8b' not found (status code: 404) (saved failed_tulu3:8b_1790403111782520183.json)
2026-09-26 06:11:51,783 [INFO] tulu3:8b | prompt1.jinja | iteration 2 | trial 14/20
2026-09-26 06:11:51,784 [WARNING] tulu3:8b | prompt1.jinja | iteration 2 | trial 14 failed: ResponseError: model 'tulu3:8b' not found (status code: 404) (saved failed_tulu3:8b_1790403111783504313.json)
2026-09-26 06:11:51,784 [INFO] tulu3:8b | prompt1.jinja | iteration 2 | trial 15/20
2026-09-26 06:11:51,785 [WARNING] tulu3:8b | prompt1.jinja | iteration 2 | trial 15 failed: ResponseError: model 'tulu3:8b' not found (status code: 404) (saved failed_tulu3:8b_1790403111784487466.json)
2026-09-26 06:11:51,785 [INFO] tulu3:8b | prompt1.jinja | iteration 2 | trial 16/20
2026-09-26 06:11:51,786 [WARNING] tulu3:8b | prompt1.jinja | iteration 2 | trial 16 failed: ResponseError: model 'tulu3:8b' not found (status code: 404) (saved failed_tulu3:8b_1790403111785880572.json)
2026-09-26 06:11:51,786 [INFO] tulu3:8b | prompt1.jinja | iteration 2 | trial 17/20
2026-09-26 06:11:51,788 [WARNING] tulu3:8b | prompt1.jinja | iteration 2 | trial 17 failed: ResponseError: model 'tulu3:8b' not found (status code: 404) (saved failed_tulu3:8b_1790403111786858397.json)
2026-09-26 06:11:51,788 [INFO] tulu3:8b | prompt1.jinja | iteration 2 | trial 18/20
2026-09-26 06:11:51,789 [WARNING] tulu3:8b | prompt1.jinja | iteration 2 | trial 18 failed: ResponseError: model 'tulu3:8b' not found (status code: 404) (saved failed_tulu3:8b_1790403111788152783.json)
2026-09-26 06:11:51,789 [INFO] tulu3:8b | prompt1.jinja | iteration 2 | trial 19/20
2026-09-26 06:11:51,790 [WARNING] tulu3:8b | prompt1.jinja | iteration 2 | trial 19 failed: ResponseError: model 'tulu3:8b' not found (status code: 404) (saved failed_tulu3:8b_1790403111789133504.json)
2026-09-26 06:11:51,790 [INFO] tulu3:8b | prompt1.jinja | iteration 2 | trial 20/20
2026-09-26 06:11:51,791 [WARNING] tulu3:8b | prompt1.jinja | iteration 2 | trial 20 failed: ResponseError: model 'tulu3:8b' not found (status code: 404) (saved failed_tulu3:8b_1790403111790110674.json)
2026-09-26 06:11:51,791 [INFO] tulu3:8b | prompt10.jinja | iteration 2 | trial 1/20
2026-09-26 06:11:51,792 [WARNING] tulu3:8b | prompt10.jinja | iteration 2 | trial 1 failed: ResponseError: model 'tulu3:8b' not found (status code: 404) (saved failed_tulu3:8b_1790403111791155923.json)
2026-09-26 06:11:51,792 [INFO] tulu3:8b | prompt10.jinja | iteration 2 | trial 2/20
2026-09-26 06:11:51,793 [WARNING] tulu3:8b | prompt10.jinja | iteration 2 | trial 2 failed: ResponseError: model 'tulu3:8b' not found (status code: 404) (saved failed_tulu3:8b_1790403111792849941.json)
2026-09-26 06:11:51,793 [INFO] tulu3:8b | prompt10.jinja | iteration 2 | trial 3/20
2026-09-26 06:11:51,795 [WARNING] tulu3:8b | prompt10.jinja | iteration 2 | trial 3 failed: ResponseError: model 'tulu3:8b' not found (status code: 404) (saved failed_tulu3:8b_1790403111793896455.json)
2026-09-26 06:11:51,795 [INFO] tulu3:8b | prompt10.jinja | iteration 2 | trial 4/20
2026-09-26 06:11:51,796 [WARNING] tulu3:8b | prompt10.jinja | iteration 2 | trial 4 failed: ResponseError: model 'tulu3:8b' not found (status code: 404) (saved failed_tulu3:8b_1790403111795339769.json)
2026-09-26 06:11:51,796 [INFO] tulu3:8b | prompt10.jinja | iteration 2 | trial 5/20
2026-09-26 06:11:51,798 [WARNING] tulu3:8b | prompt10.jinja | iteration 2 | trial 5 failed: ResponseError: model 'tulu3:8b' not found (status code: 404) (saved failed_tulu3:8b_1790403111796691307.json)
2026-09-26 06:11:51,798 [INFO] tulu3:8b | prompt10.jinja | iteration 2 | trial 6/20
2026-09-26 06:11:51,799 [WARNING] tulu3:8b | prompt10.jinja | iteration 2 | trial 6 failed: ResponseError: model 'tulu3:8b' not found (status code: 404) (saved failed_tulu3:8b_1790403111798100540.json)
2026-09-26 06:11:51,799 [INFO] tulu3:8b | prompt10.jinja | iteration 2 | trial 7/20
2026-09-26 06:11:51,800 [WARNING] tulu3:8b | prompt10.jinja | iteration 2 | trial 7 failed: ResponseError: model 'tulu3:8b' not found (status code: 404) (saved failed_tulu3:8b_1790403111799438734.json)
2026-09-26 06:11:51,800 [INFO] tulu3:8b | prompt10.jinja | iteration 2 | trial 8/20
2026-09-26 06:11:51,801 [WARNING] tulu3:8b | prompt10.jinja | iteration 2 | trial 8 failed: ResponseError: model 'tulu3:8b' not found (status code: 404) (saved failed_tulu3:8b_1790403111800564208.json)
2026-09-26 06:11:51,801 [INFO] tulu3:8b | prompt10.jinja | iteration 2 | trial 9/20
2026-09-26 06:11:51,803 [WARNING] tulu3:8b | prompt10.jinja | iteration 2 | trial 9 failed: ResponseError: model 'tulu3:8b' not found (status code: 404) (saved failed_tulu3:8b_1790403111801934626.json)
2026-09-26 06:11:51,803 [INFO] tulu3:8b | prompt10.jinja | iteration 2 | trial 10/20
2026-09-26 06:11:51,804 [WARNING] tulu3:8b | prompt10.jinja | iteration 2 | trial 10 failed: ResponseError: model 'tulu3:8b' not found (status code: 404) (saved failed_tulu3:8b_1790403111803235363.json)
2026-09-26 06:11:51,804 [INFO] tulu3:8b | prompt10.jinja | iteration 2 | trial 11/20
2026-09-26 06:11:51,805 [WARNING] tulu3:8b | prompt10.jinja | iteration 2 | trial 11 failed: ResponseError: model 'tulu3:8b' not found (status code: 404) (saved failed_tulu3:8b_1790403111804349621.json)
2026-09-26 06:11:51,805 [INFO] tulu3:8b | prompt10.jinja | iteration 2 | trial 12/20
2026-09-26 06:11:51,807 [WARNING] tulu3:8b | prompt10.jinja | iteration 2 | trial 12 failed: ResponseError: model 'tulu3:8b' not found (status code: 404) (saved failed_tulu3:8b_1790403111805639735.json)
2026-09-26 06:11:51,807 [INFO] tulu3:8b | prompt10.jinja | iteration 2 | trial 13/20
2026-09-26 06:11:51,808 [WARNING] tulu3:8b | prompt10.jinja | iteration 2 | trial 13 failed: ResponseError: model 'tulu3:8b' not found (status code: 404) (saved failed_tulu3:8b_1790403111807106889.json)
2026-09-26 06:11:51,808 [INFO] tulu3:8b | prompt10.jinja | iteration 2 | trial 14/20
2026-09-26 06:11:51,809 [WARNING] tulu3:8b | prompt10.jinja | iteration 2 | trial 14 failed: ResponseError: model 'tulu3:8b' not found (status code: 404) (saved failed_tulu3:8b_1790403111808230378.json)
2026-09-26 06:11:51,809 [INFO] tulu3:8b | prompt10.jinja | iteration 2 | trial 15/20
2026-09-26 06:11:51,810 [WARNING] tulu3:8b | prompt10.jinja | iteration 2 | trial 15 failed: ResponseError: model 'tulu3:8b' not found (status code: 404) (saved failed_tulu3:8b_1790403111809540092.json)
2026-09-26 06:11:51,810 [INFO] tulu3:8b | prompt10.jinja | iteration 2 | trial 16/20
2026-09-26 06:11:51,811 [WARNING] tulu3:8b | prompt10.jinja | iteration 2 | trial 16 failed: ResponseError: model 'tulu3:8b' not found (status code: 404) (saved failed_tulu3:8b_1790403111810854126.json)
2026-09-26 06:11:51,812 [INFO] tulu3:8b | prompt10.jinja | iteration 2 | trial 17/20
2026-09-26 06:11:51,813 [WARNING] tulu3:8b | prompt10.jinja | iteration 2 | trial 17 failed: ResponseError: model 'tulu3:8b' not found (status code: 404) (saved failed_tulu3:8b_1790403111812026815.json)
2026-09-26 06:11:51,813 [INFO] tulu3:8b | prompt10.jinja | iteration 2 | trial 18/20
2026-09-26 06:11:51,814 [WARNING] tulu3:8b | prompt10.jinja | iteration 2 | trial 18 failed: ResponseError: model 'tulu3:8b' not found (status code: 404) (saved failed_tulu3:8b_1790403111813353873.json)
2026-09-26 06:11:51,814 [INFO] tulu3:8b | prompt10.jinja | iteration 2 | trial 19/20
2026-09-26 06:11:51,815 [WARNING] tulu3:8b | prompt10.jinja | iteration 2 | trial 19 failed: ResponseError: model 'tulu3:8b' not found (status code: 404) (saved failed_tulu3:8b_1790403111814666035.json)
2026-09-26 06:11:51,815 [INFO] tulu3:8b | prompt10.jinja | iteration 2 | trial 20/20
2026-09-26 06:11:51,817 [WARNING] tulu3:8b | prompt10.jinja | iteration 2 | trial 20 failed: ResponseError: model 'tulu3:8b' not found (status code: 404) (saved failed_tulu3:8b_1790403111815778212.json)
2026-09-26 06:11:51,817 [INFO] tulu3:8b | prompt11.jinja | iteration 2 | trial 1/20
2026-09-26 06:11:51,818 [WARNING] tulu3:8b | prompt11.jinja | iteration 2 | trial 1 failed: ResponseError: model 'tulu3:8b' not found (status code: 404) (saved failed_tulu3:8b_1790403111817112726.json)
2026-09-26 06:11:51,818 [INFO] tulu3:8b | prompt11.jinja | iteration 2 | trial 2/20
2026-09-26 06:11:51,819 [WARNING] tulu3:8b | prompt11.jinja | iteration 2 | trial 2 failed: ResponseError: model 'tulu3:8b' not found (status code: 404) (saved failed_tulu3:8b_1790403111818487544.json)
2026-09-26 06:11:51,819 [INFO] tulu3:8b | prompt11.jinja | iteration 2 | trial 3/20
2026-09-26 06:11:51,820 [WARNING] tulu3:8b | prompt11.jinja | iteration 2 | trial 3 failed: ResponseError: model 'tulu3:8b' not found (status code: 404) (saved failed_tulu3:8b_1790403111819596265.json)
2026-09-26 06:11:51,820 [INFO] tulu3:8b | prompt11.jinja | iteration 2 | trial 4/20
2026-09-26 06:11:51,822 [WARNING] tulu3:8b | prompt11.jinja | iteration 2 | trial 4 failed: ResponseError: model 'tulu3:8b' not found (status code: 404) (saved failed_tulu3:8b_1790403111820920251.json)
2026-09-26 06:11:51,822 [INFO] tulu3:8b | prompt11.jinja | iteration 2 | trial 5/20
2026-09-26 06:11:51,823 [WARNING] tulu3:8b | prompt11.jinja | iteration 2 | trial 5 failed: ResponseError: model 'tulu3:8b' not found (status code: 404) (saved failed_tulu3:8b_1790403111822391533.json)
2026-09-26 06:11:51,823 [INFO] tulu3:8b | prompt11.jinja | iteration 2 | trial 6/20
2026-09-26 06:11:51,824 [WARNING] tulu3:8b | prompt11.jinja | iteration 2 | trial 6 failed: ResponseError: model 'tulu3:8b' not found (status code: 404) (saved failed_tulu3:8b_1790403111823529711.json)
2026-09-26 06:11:51,824 [INFO] tulu3:8b | prompt11.jinja | iteration 2 | trial 7/20
2026-09-26 06:11:51,826 [WARNING] tulu3:8b | prompt11.jinja | iteration 2 | trial 7 failed: ResponseError: model 'tulu3:8b' not found (status code: 404) (saved failed_tulu3:8b_1790403111824853856.json)
2026-09-26 06:11:51,826 [INFO] tulu3:8b | prompt11.jinja | iteration 2 | trial 8/20
2026-09-26 06:11:51,827 [WARNING] tulu3:8b | prompt11.jinja | iteration 2 | trial 8 failed: ResponseError: model 'tulu3:8b' not found (status code: 404) (saved failed_tulu3:8b_1790403111826145106.json)
2026-09-26 06:11:51,827 [INFO] tulu3:8b | prompt11.jinja | iteration 2 | trial 9/20
2026-09-26 06:11:51,828 [WARNING] tulu3:8b | prompt11.jinja | iteration 2 | trial 9 failed: ResponseError: model 'tulu3:8b' not found (status code: 404) (saved failed_tulu3:8b_1790403111827256772.json)
2026-09-26 06:11:51,828 [INFO] tulu3:8b | prompt11.jinja | iteration 2 | trial 10/20
2026-09-26 06:11:51,829 [WARNING] tulu3:8b | prompt11.jinja | iteration 2 | trial 10 failed: ResponseError: model 'tulu3:8b' not found (status code: 404) (saved failed_tulu3:8b_1790403111828544725.json)
2026-09-26 06:11:51,829 [INFO] tulu3:8b | prompt11.jinja | iteration 2 | trial 11/20
2026-09-26 06:11:51,830 [WARNING] tulu3:8b | prompt11.jinja | iteration 2 | trial 11 failed: ResponseError: model 'tulu3:8b' not found (status code: 404) (saved failed_tulu3:8b_1790403111829636071.json)
2026-09-26 06:11:51,830 [INFO] tulu3:8b | prompt11.jinja | iteration 2 | trial 12/20
2026-09-26 06:11:51,832 [WARNING] tulu3:8b | prompt11.jinja | iteration 2 | trial 12 failed: ResponseError: model 'tulu3:8b' not found (status code: 404) (saved failed_tulu3:8b_1790403111830819656.json)
2026-09-26 06:11:51,832 [INFO] tulu3:8b | prompt11.jinja | iteration 2 | trial 13/20
2026-09-26 06:11:51,833 [WARNING] tulu3:8b | prompt11.jinja | iteration 2 | trial 13 failed: ResponseError: model 'tulu3:8b' not found (status code: 404) (saved failed_tulu3:8b_1790403111832140618.json)
2026-09-26 06:11:51,833 [INFO] tulu3:8b | prompt11.jinja | iteration 2 | trial 14/20
2026-09-26 06:11:51,834 [WARNING] tulu3:8b | prompt11.jinja | iteration 2 | trial 14 failed: ResponseError: model 'tulu3:8b' not found (status code: 404) (saved failed_tulu3:8b_1790403111833256332.json)
2026-09-26 06:11:51,834 [INFO] tulu3:8b | prompt11.jinja | iteration 2 | trial 15/20
2026-09-26 06:11:51,836 [WARNING] tulu3:8b | prompt11.jinja | iteration 2 | trial 15 failed: ResponseError: model 'tulu3:8b' not found (status code: 404) (saved failed_tulu3:8b_1790403111834371053.json)
2026-09-26 06:11:51,836 [INFO] tulu3:8b | prompt11.jinja | iteration 2 | trial 16/20
2026-09-26 06:11:51,837 [WARNING] tulu3:8b | prompt11.jinja | iteration 2 | trial 16 failed: ResponseError: model 'tulu3:8b' not found (status code: 404) (saved failed_tulu3:8b_1790403111836749680.json)
2026-09-26 06:11:51,837 [INFO] tulu3:8b | prompt11.jinja | iteration 2 | trial 17/20
2026-09-26 06:11:51,839 [WARNING] tulu3:8b | prompt11.jinja | iteration 2 | trial 17 failed: ResponseError: model 'tulu3:8b' not found (status code: 404) (saved failed_tulu3:8b_1790403111837924162.json)
2026-09-26 06:11:51,839 [INFO] tulu3:8b | prompt11.jinja | iteration 2 | trial 18/20
2026-09-26 06:11:51,840 [WARNING] tulu3:8b | prompt11.jinja | iteration 2 | trial 18 failed: ResponseError: model 'tulu3:8b' not found (status code: 404) (saved failed_tulu3:8b_1790403111839095604.json)
2026-09-26 06:11:51,840 [INFO] tulu3:8b | prompt11.jinja | iteration 2 | trial 19/20
2026-09-26 06:11:51,841 [WARNING] tulu3:8b | prompt11.jinja | iteration 2 | trial 19 failed: ResponseError: model 'tulu3:8b' not found (status code: 404) (saved failed_tulu3:8b_1790403111840256949.json)
2026-09-26 06:11:51,841 [INFO] tulu3:8b | prompt11.jinja | iteration 2 | trial 20/20
2026-09-26 06:11:51,842 [WARNING] tulu3:8b | prompt11.jinja | iteration 2 | trial 20 failed: ResponseError: model 'tulu3:8b' not found (status code: 404) (saved failed_tulu3:8b_1790403111841452679.json)
2026-09-26 06:11:51,842 [INFO] tulu3:8b | prompt2.jinja | iteration 2 | trial 1/20
2026-09-26 06:11:51,844 [WARNING] tulu3:8b | prompt2.jinja | iteration 2 | trial 1 failed: ResponseError: model 'tulu3:8b' not found (status code: 404) (saved failed_tulu3:8b_1790403111842861401.json)
2026-09-26 06:11:51,844 [INFO] tulu3:8b | prompt2.jinja | iteration 2 | trial 2/20
2026-09-26 06:11:51,845 [WARNING] tulu3:8b | prompt2.jinja | iteration 2 | trial 2 failed: ResponseError: model 'tulu3:8b' not found (status code: 404) (saved failed_tulu3:8b_1790403111844101130.json)
2026-09-26 06:11:51,845 [INFO] tulu3:8b | prompt2.jinja | iteration 2 | trial 3/20
2026-09-26 06:11:51,846 [WARNING] tulu3:8b | prompt2.jinja | iteration 2 | trial 3 failed: ResponseError: model 'tulu3:8b' not found (status code: 404) (saved failed_tulu3:8b_1790403111845403484.json)
2026-09-26 06:11:51,846 [INFO] tulu3:8b | prompt2.jinja | iteration 2 | trial 4/20
2026-09-26 06:11:51,847 [WARNING] tulu3:8b | prompt2.jinja | iteration 2 | trial 4 failed: ResponseError: model 'tulu3:8b' not found (status code: 404) (saved failed_tulu3:8b_1790403111846762894.json)
2026-09-26 06:11:51,847 [INFO] tulu3:8b | prompt2.jinja | iteration 2 | trial 5/20
2026-09-26 06:11:51,848 [WARNING] tulu3:8b | prompt2.jinja | iteration 2 | trial 5 failed: ResponseError: model 'tulu3:8b' not found (status code: 404) (saved failed_tulu3:8b_1790403111847909583.json)
2026-09-26 06:11:51,849 [INFO] tulu3:8b | prompt2.jinja | iteration 2 | trial 6/20
2026-09-26 06:11:51,850 [WARNING] tulu3:8b | prompt2.jinja | iteration 2 | trial 6 failed: ResponseError: model 'tulu3:8b' not found (status code: 404) (saved failed_tulu3:8b_1790403111849035505.json)
2026-09-26 06:11:51,850 [INFO] tulu3:8b | prompt2.jinja | iteration 2 | trial 7/20
2026-09-26 06:11:51,851 [WARNING] tulu3:8b | prompt2.jinja | iteration 2 | trial 7 failed: ResponseError: model 'tulu3:8b' not found (status code: 404) (saved failed_tulu3:8b_1790403111850373587.json)
2026-09-26 06:11:51,851 [INFO] tulu3:8b | prompt2.jinja | iteration 2 | trial 8/20
2026-09-26 06:11:51,852 [WARNING] tulu3:8b | prompt2.jinja | iteration 2 | trial 8 failed: ResponseError: model 'tulu3:8b' not found (status code: 404) (saved failed_tulu3:8b_1790403111851693765.json)
2026-09-26 06:11:51,852 [INFO] tulu3:8b | prompt2.jinja | iteration 2 | trial 9/20
2026-09-26 06:11:51,854 [WARNING] tulu3:8b | prompt2.jinja | iteration 2 | trial 9 failed: ResponseError: model 'tulu3:8b' not found (status code: 404) (saved failed_tulu3:8b_1790403111852961558.json)
2026-09-26 06:11:51,854 [INFO] tulu3:8b | prompt2.jinja | iteration 2 | trial 10/20
2026-09-26 06:11:51,855 [WARNING] tulu3:8b | prompt2.jinja | iteration 2 | trial 10 failed: ResponseError: model 'tulu3:8b' not found (status code: 404) (saved failed_tulu3:8b_1790403111854287688.json)
2026-09-26 06:11:51,855 [INFO] tulu3:8b | prompt2.jinja | iteration 2 | trial 11/20
2026-09-26 06:11:51,856 [WARNING] tulu3:8b | prompt2.jinja | iteration 2 | trial 11 failed: ResponseError: model 'tulu3:8b' not found (status code: 404) (saved failed_tulu3:8b_1790403111855538954.json)
2026-09-26 06:11:51,856 [INFO] tulu3:8b | prompt2.jinja | iteration 2 | trial 12/20
2026-09-26 06:11:51,858 [WARNING] tulu3:8b | prompt2.jinja | iteration 2 | trial 12 failed: ResponseError: model 'tulu3:8b' not found (status code: 404) (saved failed_tulu3:8b_1790403111856818251.json)
2026-09-26 06:11:51,858 [INFO] tulu3:8b | prompt2.jinja | iteration 2 | trial 13/20
2026-09-26 06:11:51,859 [WARNING] tulu3:8b | prompt2.jinja | iteration 2 | trial 13 failed: ResponseError: model 'tulu3:8b' not found (status code: 404) (saved failed_tulu3:8b_1790403111858156045.json)
2026-09-26 06:11:51,859 [INFO] tulu3:8b | prompt2.jinja | iteration 2 | trial 14/20
2026-09-26 06:11:51,860 [WARNING] tulu3:8b | prompt2.jinja | iteration 2 | trial 14 failed: ResponseError: model 'tulu3:8b' not found (status code: 404) (saved failed_tulu3:8b_1790403111859283087.json)
2026-09-26 06:11:51,860 [INFO] tulu3:8b | prompt2.jinja | iteration 2 | trial 15/20
2026-09-26 06:11:51,861 [WARNING] tulu3:8b | prompt2.jinja | iteration 2 | trial 15 failed: ResponseError: model 'tulu3:8b' not found (status code: 404) (saved failed_tulu3:8b_1790403111860401200.json)
2026-09-26 06:11:51,861 [INFO] tulu3:8b | prompt2.jinja | iteration 2 | trial 16/20
2026-09-26 06:11:51,863 [WARNING] tulu3:8b | prompt2.jinja | iteration 2 | trial 16 failed: ResponseError: model 'tulu3:8b' not found (status code: 404) (saved failed_tulu3:8b_1790403111861773570.json)
2026-09-26 06:11:51,863 [INFO] tulu3:8b | prompt2.jinja | iteration 2 | trial 17/20
2026-09-26 06:11:51,864 [WARNING] tulu3:8b | prompt2.jinja | iteration 2 | trial 17 failed: ResponseError: model 'tulu3:8b' not found (status code: 404) (saved failed_tulu3:8b_1790403111863062148.json)
2026-09-26 06:11:51,864 [INFO] tulu3:8b | prompt2.jinja | iteration 2 | trial 18/20
2026-09-26 06:11:51,865 [WARNING] tulu3:8b | prompt2.jinja | iteration 2 | trial 18 failed: ResponseError: model 'tulu3:8b' not found (status code: 404) (saved failed_tulu3:8b_1790403111864181845.json)
2026-09-26 06:11:51,865 [INFO] tulu3:8b | prompt2.jinja | iteration 2 | trial 19/20
2026-09-26 06:11:51,867 [WARNING] tulu3:8b | prompt2.jinja | iteration 2 | trial 19 failed: ResponseError: model 'tulu3:8b' not found (status code: 404) (saved failed_tulu3:8b_1790403111865682807.json)
2026-09-26 06:11:51,867 [INFO] tulu3:8b | prompt2.jinja | iteration 2 | trial 20/20
2026-09-26 06:11:51,868 [WARNING] tulu3:8b | prompt2.jinja | iteration 2 | trial 20 failed: ResponseError: model 'tulu3:8b' not found (status code: 404) (saved failed_tulu3:8b_1790403111867092681.json)
2026-09-26 06:11:51,868 [INFO] tulu3:8b | prompt3.jinja | iteration 2 | trial 1/20
2026-09-26 06:11:51,869 [WARNING] tulu3:8b | prompt3.jinja | iteration 2 | trial 1 failed: ResponseError: model 'tulu3:8b' not found (status code: 404) (saved failed_tulu3:8b_1790403111868372859.json)
2026-09-26 06:11:51,869 [INFO] tulu3:8b | prompt3.jinja | iteration 2 | trial 2/20
2026-09-26 06:11:51,871 [WARNING] tulu3:8b | prompt3.jinja | iteration 2 | trial 2 failed: ResponseError: model 'tulu3:8b' not found (status code: 404) (saved failed_tulu3:8b_1790403111869780509.json)
2026-09-26 06:11:51,871 [INFO] tulu3:8b | prompt3.jinja | iteration 2 | trial 3/20
2026-09-26 06:11:51,872 [WARNING] tulu3:8b | prompt3.jinja | iteration 2 | trial 3 failed: ResponseError: model 'tulu3:8b' not found (status code: 404) (saved failed_tulu3:8b_1790403111871088831.json)
2026-09-26 06:11:51,872 [INFO] tulu3:8b | prompt3.jinja | iteration 2 | trial 4/20
2026-09-26 06:11:51,873 [WARNING] tulu3:8b | prompt3.jinja | iteration 2 | trial 4 failed: ResponseError: model 'tulu3:8b' not found (status code: 404) (saved failed_tulu3:8b_1790403111872207792.json)
2026-09-26 06:11:51,873 [INFO] tulu3:8b | prompt3.jinja | iteration 2 | trial 5/20
2026-09-26 06:11:51,874 [WARNING] tulu3:8b | prompt3.jinja | iteration 2 | trial 5 failed: ResponseError: model 'tulu3:8b' not found (status code: 404) (saved failed_tulu3:8b_1790403111873527810.json)
2026-09-26 06:11:51,874 [INFO] tulu3:8b | prompt3.jinja | iteration 2 | trial 6/20
2026-09-26 06:11:51,875 [WARNING] tulu3:8b | prompt3.jinja | iteration 2 | trial 6 failed: ResponseError: model 'tulu3:8b' not found (status code: 404) (saved failed_tulu3:8b_1790403111874823108.json)
2026-09-26 06:11:51,876 [INFO] tulu3:8b | prompt3.jinja | iteration 2 | trial 7/20
2026-09-26 06:11:51,877 [WARNING] tulu3:8b | prompt3.jinja | iteration 2 | trial 7 failed: ResponseError: model 'tulu3:8b' not found (status code: 404) (saved failed_tulu3:8b_1790403111876044613.json)
2026-09-26 06:11:51,877 [INFO] tulu3:8b | prompt3.jinja | iteration 2 | trial 8/20
2026-09-26 06:11:51,878 [WARNING] tulu3:8b | prompt3.jinja | iteration 2 | trial 8 failed: ResponseError: model 'tulu3:8b' not found (status code: 404) (saved failed_tulu3:8b_1790403111877328295.json)
2026-09-26 06:11:51,878 [INFO] tulu3:8b | prompt3.jinja | iteration 2 | trial 9/20
2026-09-26 06:11:51,879 [WARNING] tulu3:8b | prompt3.jinja | iteration 2 | trial 9 failed: ResponseError: model 'tulu3:8b' not found (status code: 404) (saved failed_tulu3:8b_1790403111878535289.json)
2026-09-26 06:11:51,879 [INFO] tulu3:8b | prompt3.jinja | iteration 2 | trial 10/20
2026-09-26 06:11:51,881 [WARNING] tulu3:8b | prompt3.jinja | iteration 2 | trial 10 failed: ResponseError: model 'tulu3:8b' not found (status code: 404) (saved failed_tulu3:8b_1790403111879864842.json)
2026-09-26 06:11:51,881 [INFO] tulu3:8b | prompt3.jinja | iteration 2 | trial 11/20
2026-09-26 06:11:51,882 [WARNING] tulu3:8b | prompt3.jinja | iteration 2 | trial 11 failed: ResponseError: model 'tulu3:8b' not found (status code: 404) (saved failed_tulu3:8b_1790403111881157724.json)
2026-09-26 06:11:51,882 [INFO] tulu3:8b | prompt3.jinja | iteration 2 | trial 12/20
2026-09-26 06:11:51,883 [WARNING] tulu3:8b | prompt3.jinja | iteration 2 | trial 12 failed: ResponseError: model 'tulu3:8b' not found (status code: 404) (saved failed_tulu3:8b_1790403111882455182.json)
2026-09-26 06:11:51,883 [INFO] tulu3:8b | prompt3.jinja | iteration 2 | trial 13/20
2026-09-26 06:11:51,884 [WARNING] tulu3:8b | prompt3.jinja | iteration 2 | trial 13 failed: ResponseError: model 'tulu3:8b' not found (status code: 404) (saved failed_tulu3:8b_1790403111883780480.json)
2026-09-26 06:11:51,884 [INFO] tulu3:8b | prompt3.jinja | iteration 2 | trial 14/20
2026-09-26 06:11:51,886 [WARNING] tulu3:8b | prompt3.jinja | iteration 2 | trial 14 failed: ResponseError: model 'tulu3:8b' not found (status code: 404) (saved failed_tulu3:8b_1790403111884888561.json)
2026-09-26 06:11:51,886 [INFO] tulu3:8b | prompt3.jinja | iteration 2 | trial 15/20
2026-09-26 06:11:51,887 [WARNING] tulu3:8b | prompt3.jinja | iteration 2 | trial 15 failed: ResponseError: model 'tulu3:8b' not found (status code: 404) (saved failed_tulu3:8b_1790403111886193555.json)
2026-09-26 06:11:51,887 [INFO] tulu3:8b | prompt3.jinja | iteration 2 | trial 16/20
2026-09-26 06:11:51,888 [WARNING] tulu3:8b | prompt3.jinja | iteration 2 | trial 16 failed: ResponseError: model 'tulu3:8b' not found (status code: 404) (saved failed_tulu3:8b_1790403111887502005.json)
2026-09-26 06:11:51,888 [INFO] tulu3:8b | prompt3.jinja | iteration 2 | trial 17/20
2026-09-26 06:11:51,889 [WARNING] tulu3:8b | prompt3.jinja | iteration 2 | trial 17 failed: ResponseError: model 'tulu3:8b' not found (status code: 404) (saved failed_tulu3:8b_1790403111888628758.json)
2026-09-26 06:11:51,889 [INFO] tulu3:8b | prompt3.jinja | iteration 2 | trial 18/20
2026-09-26 06:11:51,891 [WARNING] tulu3:8b | prompt3.jinja | iteration 2 | trial 18 failed: ResponseError: model 'tulu3:8b' not found (status code: 404) (saved failed_tulu3:8b_1790403111889941800.json)
2026-09-26 06:11:51,891 [INFO] tulu3:8b | prompt3.jinja | iteration 2 | trial 19/20
2026-09-26 06:11:51,892 [WARNING] tulu3:8b | prompt3.jinja | iteration 2 | trial 19 failed: ResponseError: model 'tulu3:8b' not found (status code: 404) (saved failed_tulu3:8b_1790403111891263834.json)
2026-09-26 06:11:51,892 [INFO] tulu3:8b | prompt3.jinja | iteration 2 | trial 20/20
2026-09-26 06:11:51,893 [WARNING] tulu3:8b | prompt3.jinja | iteration 2 | trial 20 failed: ResponseError: model 'tulu3:8b' not found (status code: 404) (saved failed_tulu3:8b_1790403111892381163.json)
2026-09-26 06:11:51,893 [INFO] tulu3:8b | prompt4.jinja | iteration 2 | trial 1/20
2026-09-26 06:11:51,894 [WARNING] tulu3:8b | prompt4.jinja | iteration 2 | trial 1 failed: ResponseError: model 'tulu3:8b' not found (status code: 404) (saved failed_tulu3:8b_1790403111893633021.json)
2026-09-26 06:11:51,895 [INFO] tulu3:8b | prompt4.jinja | iteration 2 | trial 2/20
2026-09-26 06:11:51,896 [WARNING] tulu3:8b | prompt4.jinja | iteration 2 | trial 2 failed: ResponseError: model 'tulu3:8b' not found (status code: 404) (saved failed_tulu3:8b_1790403111895029343.json)
2026-09-26 06:11:51,896 [INFO] tulu3:8b | prompt4.jinja | iteration 2 | trial 3/20
2026-09-26 06:11:51,897 [WARNING] tulu3:8b | prompt4.jinja | iteration 2 | trial 3 failed: ResponseError: model 'tulu3:8b' not found (status code: 404) (saved failed_tulu3:8b_1790403111896352401.json)
2026-09-26 06:11:51,897 [INFO] tulu3:8b | prompt4.jinja | iteration 2 | trial 4/20
2026-09-26 06:11:51,898 [WARNING] tulu3:8b | prompt4.jinja | iteration 2 | trial 4 failed: ResponseError: model 'tulu3:8b' not found (status code: 404) (saved failed_tulu3:8b_1790403111897673362.json)
2026-09-26 06:11:51,898 [INFO] tulu3:8b | prompt4.jinja | iteration 2 | trial 5/20
2026-09-26 06:11:51,900 [WARNING] tulu3:8b | prompt4.jinja | iteration 2 | trial 5 failed: ResponseError: model 'tulu3:8b' not found (status code: 404) (saved failed_tulu3:8b_1790403111899012820.json)
2026-09-26 06:11:51,900 [INFO] tulu3:8b | prompt4.jinja | iteration 2 | trial 6/20
2026-09-26 06:11:51,901 [WARNING] tulu3:8b | prompt4.jinja | iteration 2 | trial 6 failed: ResponseError: model 'tulu3:8b' not found (status code: 404) (saved failed_tulu3:8b_1790403111900325638.json)
2026-09-26 06:11:51,901 [INFO] tulu3:8b | prompt4.jinja | iteration 2 | trial 7/20
2026-09-26 06:11:51,902 [WARNING] tulu3:8b | prompt4.jinja | iteration 2 | trial 7 failed: ResponseError: model 'tulu3:8b' not found (status code: 404) (saved failed_tulu3:8b_1790403111901458279.json)
2026-09-26 06:11:51,902 [INFO] tulu3:8b | prompt4.jinja | iteration 2 | trial 8/20
2026-09-26 06:11:51,904 [WARNING] tulu3:8b | prompt4.jinja | iteration 2 | trial 8 failed: ResponseError: model 'tulu3:8b' not found (status code: 404) (saved failed_tulu3:8b_1790403111902824873.json)
2026-09-26 06:11:51,904 [INFO] tulu3:8b | prompt4.jinja | iteration 2 | trial 9/20
2026-09-26 06:11:51,905 [WARNING] tulu3:8b | prompt4.jinja | iteration 2 | trial 9 failed: ResponseError: model 'tulu3:8b' not found (status code: 404) (saved failed_tulu3:8b_1790403111904083115.json)
2026-09-26 06:11:51,905 [INFO] tulu3:8b | prompt4.jinja | iteration 2 | trial 10/20
2026-09-26 06:11:51,906 [WARNING] tulu3:8b | prompt4.jinja | iteration 2 | trial 10 failed: ResponseError: model 'tulu3:8b' not found (status code: 404) (saved failed_tulu3:8b_1790403111905481837.json)
2026-09-26 06:11:51,906 [INFO] tulu3:8b | prompt4.jinja | iteration 2 | trial 11/20
2026-09-26 06:11:51,907 [WARNING] tulu3:8b | prompt4.jinja | iteration 2 | trial 11 failed: ResponseError: model 'tulu3:8b' not found (status code: 404) (saved failed_tulu3:8b_1790403111906850367.json)
2026-09-26 06:11:51,908 [INFO] tulu3:8b | prompt4.jinja | iteration 2 | trial 12/20
2026-09-26 06:11:51,909 [WARNING] tulu3:8b | prompt4.jinja | iteration 2 | trial 12 failed: ResponseError: model 'tulu3:8b' not found (status code: 404) (saved failed_tulu3:8b_1790403111908021296.json)
2026-09-26 06:11:51,909 [INFO] tulu3:8b | prompt4.jinja | iteration 2 | trial 13/20
2026-09-26 06:11:51,910 [WARNING] tulu3:8b | prompt4.jinja | iteration 2 | trial 13 failed: ResponseError: model 'tulu3:8b' not found (status code: 404) (saved failed_tulu3:8b_1790403111909288386.json)
2026-09-26 06:11:51,910 [INFO] tulu3:8b | prompt4.jinja | iteration 2 | trial 14/20
2026-09-26 06:11:51,911 [WARNING] tulu3:8b | prompt4.jinja | iteration 2 | trial 14 failed: ResponseError: model 'tulu3:8b' not found (status code: 404) (saved failed_tulu3:8b_1790403111910771988.json)
2026-09-26 06:11:51,911 [INFO] tulu3:8b | prompt4.jinja | iteration 2 | trial 15/20
2026-09-26 06:11:51,913 [WARNING] tulu3:8b | prompt4.jinja | iteration 2 | trial 15 failed: ResponseError: model 'tulu3:8b' not found (status code: 404) (saved failed_tulu3:8b_1790403111911912774.json)
2026-09-26 06:11:51,913 [INFO] tulu3:8b | prompt4.jinja | iteration 2 | trial 16/20
2026-09-26 06:11:51,914 [WARNING] tulu3:8b | prompt4.jinja | iteration 2 | trial 16 failed: ResponseError: model 'tulu3:8b' not found (status code: 404) (saved failed_tulu3:8b_1790403111913217895.json)
2026-09-26 06:11:51,914 [INFO] tulu3:8b | prompt4.jinja | iteration 2 | trial 17/20
2026-09-26 06:11:51,915 [WARNING] tulu3:8b | prompt4.jinja | iteration 2 | trial 17 failed: ResponseError: model 'tulu3:8b' not found (status code: 404) (saved failed_tulu3:8b_1790403111914517353.json)
2026-09-26 06:11:51,915 [INFO] tulu3:8b | prompt4.jinja | iteration 2 | trial 18/20
2026-09-26 06:11:51,916 [WARNING] tulu3:8b | prompt4.jinja | iteration 2 | trial 18 failed: ResponseError: model 'tulu3:8b' not found (status code: 404) (saved failed_tulu3:8b_1790403111915681819.json)
2026-09-26 06:11:51,916 [INFO] tulu3:8b | prompt4.jinja | iteration 2 | trial 19/20
2026-09-26 06:11:51,918 [WARNING] tulu3:8b | prompt4.jinja | iteration 2 | trial 19 failed: ResponseError: model 'tulu3:8b' not found (status code: 404) (saved failed_tulu3:8b_1790403111916999308.json)
2026-09-26 06:11:51,918 [INFO] tulu3:8b | prompt4.jinja | iteration 2 | trial 20/20
2026-09-26 06:11:51,919 [WARNING] tulu3:8b | prompt4.jinja | iteration 2 | trial 20 failed: ResponseError: model 'tulu3:8b' not found (status code: 404) (saved failed_tulu3:8b_1790403111918313998.json)
2026-09-26 06:11:51,919 [INFO] tulu3:8b | prompt5.jinja | iteration 2 | trial 1/20
2026-09-26 06:11:51,920 [WARNING] tulu3:8b | prompt5.jinja | iteration 2 | trial 1 failed: ResponseError: model 'tulu3:8b' not found (status code: 404) (saved failed_tulu3:8b_1790403111919468832.json)
2026-09-26 06:11:51,920 [INFO] tulu3:8b | prompt5.jinja | iteration 2 | trial 2/20
2026-09-26 06:11:51,921 [WARNING] tulu3:8b | prompt5.jinja | iteration 2 | trial 2 failed: ResponseError: model 'tulu3:8b' not found (status code: 404) (saved failed_tulu3:8b_1790403111920853746.json)
2026-09-26 06:11:51,922 [INFO] tulu3:8b | prompt5.jinja | iteration 2 | trial 3/20
2026-09-26 06:11:51,923 [WARNING] tulu3:8b | prompt5.jinja | iteration 2 | trial 3 failed: ResponseError: model 'tulu3:8b' not found (status code: 404) (saved failed_tulu3:8b_1790403111922048307.json)
2026-09-26 06:11:51,923 [INFO] tulu3:8b | prompt5.jinja | iteration 2 | trial 4/20
2026-09-26 06:11:51,924 [WARNING] tulu3:8b | prompt5.jinja | iteration 2 | trial 4 failed: ResponseError: model 'tulu3:8b' not found (status code: 404) (saved failed_tulu3:8b_1790403111923180325.json)
2026-09-26 06:11:51,924 [INFO] tulu3:8b | prompt5.jinja | iteration 2 | trial 5/20
2026-09-26 06:11:51,925 [WARNING] tulu3:8b | prompt5.jinja | iteration 2 | trial 5 failed: ResponseError: model 'tulu3:8b' not found (status code: 404) (saved failed_tulu3:8b_1790403111924544679.json)
2026-09-26 06:11:51,926 [INFO] tulu3:8b | prompt5.jinja | iteration 2 | trial 6/20
2026-09-26 06:11:51,927 [WARNING] tulu3:8b | prompt5.jinja | iteration 2 | trial 6 failed: ResponseError: model 'tulu3:8b' not found (status code: 404) (saved failed_tulu3:8b_1790403111926060041.json)
2026-09-26 06:11:51,927 [INFO] tulu3:8b | prompt5.jinja | iteration 2 | trial 7/20
2026-09-26 06:11:51,928 [WARNING] tulu3:8b | prompt5.jinja | iteration 2 | trial 7 failed: ResponseError: model 'tulu3:8b' not found (status code: 404) (saved failed_tulu3:8b_1790403111927207514.json)
2026-09-26 06:11:51,928 [INFO] tulu3:8b | prompt5.jinja | iteration 2 | trial 8/20
2026-09-26 06:11:51,929 [WARNING] tulu3:8b | prompt5.jinja | iteration 2 | trial 8 failed: ResponseError: model 'tulu3:8b' not found (status code: 404) (saved failed_tulu3:8b_1790403111928518844.json)
2026-09-26 06:11:51,929 [INFO] tulu3:8b | prompt5.jinja | iteration 2 | trial 9/20
2026-09-26 06:11:51,930 [WARNING] tulu3:8b | prompt5.jinja | iteration 2 | trial 9 failed: ResponseError: model 'tulu3:8b' not found (status code: 404) (saved failed_tulu3:8b_1790403111929836158.json)
2026-09-26 06:11:51,930 [INFO] tulu3:8b | prompt5.jinja | iteration 2 | trial 10/20
2026-09-26 06:11:51,932 [WARNING] tulu3:8b | prompt5.jinja | iteration 2 | trial 10 failed: ResponseError: model 'tulu3:8b' not found (status code: 404) (saved failed_tulu3:8b_1790403111930977519.json)
2026-09-26 06:11:51,932 [INFO] tulu3:8b | prompt5.jinja | iteration 2 | trial 11/20
2026-09-26 06:11:51,933 [WARNING] tulu3:8b | prompt5.jinja | iteration 2 | trial 11 failed: ResponseError: model 'tulu3:8b' not found (status code: 404) (saved failed_tulu3:8b_1790403111932296433.json)
2026-09-26 06:11:51,933 [INFO] tulu3:8b | prompt5.jinja | iteration 2 | trial 12/20
2026-09-26 06:11:51,934 [WARNING] tulu3:8b | prompt5.jinja | iteration 2 | trial 12 failed: ResponseError: model 'tulu3:8b' not found (status code: 404) (saved failed_tulu3:8b_1790403111933563491.json)
2026-09-26 06:11:51,934 [INFO] tulu3:8b | prompt5.jinja | iteration 2 | trial 13/20
2026-09-26 06:11:51,935 [WARNING] tulu3:8b | prompt5.jinja | iteration 2 | trial 13 failed: ResponseError: model 'tulu3:8b' not found (status code: 404) (saved failed_tulu3:8b_1790403111934685716.json)
2026-09-26 06:11:51,935 [INFO] tulu3:8b | prompt5.jinja | iteration 2 | trial 14/20
2026-09-26 06:11:51,937 [WARNING] tulu3:8b | prompt5.jinja | iteration 2 | trial 14 failed: ResponseError: model 'tulu3:8b' not found (status code: 404) (saved failed_tulu3:8b_1790403111935998134.json)
2026-09-26 06:11:51,937 [INFO] tulu3:8b | prompt5.jinja | iteration 2 | trial 15/20
2026-09-26 06:11:51,938 [WARNING] tulu3:8b | prompt5.jinja | iteration 2 | trial 15 failed: ResponseError: model 'tulu3:8b' not found (status code: 404) (saved failed_tulu3:8b_1790403111937274856.json)
2026-09-26 06:11:51,938 [INFO] tulu3:8b | prompt5.jinja | iteration 2 | trial 16/20
2026-09-26 06:11:51,939 [WARNING] tulu3:8b | prompt5.jinja | iteration 2 | trial 16 failed: ResponseError: model 'tulu3:8b' not found (status code: 404) (saved failed_tulu3:8b_1790403111938375289.json)
2026-09-26 06:11:51,939 [INFO] tulu3:8b | prompt5.jinja | iteration 2 | trial 17/20
2026-09-26 06:11:51,941 [WARNING] tulu3:8b | prompt5.jinja | iteration 2 | trial 17 failed: ResponseError: model 'tulu3:8b' not found (status code: 404) (saved failed_tulu3:8b_1790403111939740507.json)
2026-09-26 06:11:51,941 [INFO] tulu3:8b | prompt5.jinja | iteration 2 | trial 18/20
2026-09-26 06:11:51,942 [WARNING] tulu3:8b | prompt5.jinja | iteration 2 | trial 18 failed: ResponseError: model 'tulu3:8b' not found (status code: 404) (saved failed_tulu3:8b_1790403111941064637.json)
2026-09-26 06:11:51,942 [INFO] tulu3:8b | prompt5.jinja | iteration 2 | trial 19/20
2026-09-26 06:11:51,943 [WARNING] tulu3:8b | prompt5.jinja | iteration 2 | trial 19 failed: ResponseError: model 'tulu3:8b' not found (status code: 404) (saved failed_tulu3:8b_1790403111942160958.json)
2026-09-26 06:11:51,943 [INFO] tulu3:8b | prompt5.jinja | iteration 2 | trial 20/20
2026-09-26 06:11:51,944 [WARNING] tulu3:8b | prompt5.jinja | iteration 2 | trial 20 failed: ResponseError: model 'tulu3:8b' not found (status code: 404) (saved failed_tulu3:8b_1790403111943457120.json)
2026-09-26 06:11:51,944 [INFO] tulu3:8b | prompt6.jinja | iteration 2 | trial 1/20
2026-09-26 06:11:51,945 [WARNING] tulu3:8b | prompt6.jinja | iteration 2 | trial 1 failed: ResponseError: model 'tulu3:8b' not found (status code: 404) (saved failed_tulu3:8b_1790403111944779890.json)
2026-09-26 06:11:51,945 [INFO] tulu3:8b | prompt6.jinja | iteration 2 | trial 2/20
2026-09-26 06:11:51,947 [WARNING] tulu3:8b | prompt6.jinja | iteration 2 | trial 2 failed: ResponseError: model 'tulu3:8b' not found (status code: 404) (saved failed_tulu3:8b_1790403111945943795.json)
2026-09-26 06:11:51,947 [INFO] tulu3:8b | prompt6.jinja | iteration 2 | trial 3/20
2026-09-26 06:11:51,948 [WARNING] tulu3:8b | prompt6.jinja | iteration 2 | trial 3 failed: ResponseError: model 'tulu3:8b' not found (status code: 404) (saved failed_tulu3:8b_1790403111947237413.json)
2026-09-26 06:11:51,948 [INFO] tulu3:8b | prompt6.jinja | iteration 2 | trial 4/20
2026-09-26 06:11:51,949 [WARNING] tulu3:8b | prompt6.jinja | iteration 2 | trial 4 failed: ResponseError: model 'tulu3:8b' not found (status code: 404) (saved failed_tulu3:8b_1790403111948503783.json)
2026-09-26 06:11:51,949 [INFO] tulu3:8b | prompt6.jinja | iteration 2 | trial 5/20
2026-09-26 06:11:51,950 [WARNING] tulu3:8b | prompt6.jinja | iteration 2 | trial 5 failed: ResponseError: model 'tulu3:8b' not found (status code: 404) (saved failed_tulu3:8b_1790403111949633672.json)
2026-09-26 06:11:51,950 [INFO] tulu3:8b | prompt6.jinja | iteration 2 | trial 6/20
2026-09-26 06:11:51,952 [WARNING] tulu3:8b | prompt6.jinja | iteration 2 | trial 6 failed: ResponseError: model 'tulu3:8b' not found (status code: 404) (saved failed_tulu3:8b_1790403111950936010.json)
2026-09-26 06:11:51,952 [INFO] tulu3:8b | prompt6.jinja | iteration 2 | trial 7/20
2026-09-26 06:11:51,953 [WARNING] tulu3:8b | prompt6.jinja | iteration 2 | trial 7 failed: ResponseError: model 'tulu3:8b' not found (status code: 404) (saved failed_tulu3:8b_1790403111952210092.json)
2026-09-26 06:11:51,953 [INFO] tulu3:8b | prompt6.jinja | iteration 2 | trial 8/20
2026-09-26 06:11:51,954 [WARNING] tulu3:8b | prompt6.jinja | iteration 2 | trial 8 failed: ResponseError: model 'tulu3:8b' not found (status code: 404) (saved failed_tulu3:8b_1790403111953303613.json)
2026-09-26 06:11:51,954 [INFO] tulu3:8b | prompt6.jinja | iteration 2 | trial 9/20
2026-09-26 06:11:51,955 [WARNING] tulu3:8b | prompt6.jinja | iteration 2 | trial 9 failed: ResponseError: model 'tulu3:8b' not found (status code: 404) (saved failed_tulu3:8b_1790403111954761871.json)
2026-09-26 06:11:51,956 [INFO] tulu3:8b | prompt6.jinja | iteration 2 | trial 10/20
2026-09-26 06:11:51,957 [WARNING] tulu3:8b | prompt6.jinja | iteration 2 | trial 10 failed: ResponseError: model 'tulu3:8b' not found (status code: 404) (saved failed_tulu3:8b_1790403111956049825.json)
2026-09-26 06:11:51,957 [INFO] tulu3:8b | prompt6.jinja | iteration 2 | trial 11/20
2026-09-26 06:11:51,958 [WARNING] tulu3:8b | prompt6.jinja | iteration 2 | trial 11 failed: ResponseError: model 'tulu3:8b' not found (status code: 404) (saved failed_tulu3:8b_1790403111957151218.json)
2026-09-26 06:11:51,958 [INFO] tulu3:8b | prompt6.jinja | iteration 2 | trial 12/20
2026-09-26 06:11:51,959 [WARNING] tulu3:8b | prompt6.jinja | iteration 2 | trial 12 failed: ResponseError: model 'tulu3:8b' not found (status code: 404) (saved failed_tulu3:8b_1790403111958361764.json)
2026-09-26 06:11:51,959 [INFO] tulu3:8b | prompt6.jinja | iteration 2 | trial 13/20
2026-09-26 06:11:51,960 [WARNING] tulu3:8b | prompt6.jinja | iteration 2 | trial 13 failed: ResponseError: model 'tulu3:8b' not found (status code: 404) (saved failed_tulu3:8b_1790403111959622902.json)
2026-09-26 06:11:51,960 [INFO] tulu3:8b | prompt6.jinja | iteration 2 | trial 14/20
2026-09-26 06:11:51,961 [WARNING] tulu3:8b | prompt6.jinja | iteration 2 | trial 14 failed: ResponseError: model 'tulu3:8b' not found (status code: 404) (saved failed_tulu3:8b_1790403111960745015.json)
2026-09-26 06:11:51,962 [INFO] tulu3:8b | prompt6.jinja | iteration 2 | trial 15/20
2026-09-26 06:11:51,963 [WARNING] tulu3:8b | prompt6.jinja | iteration 2 | trial 15 failed: ResponseError: model 'tulu3:8b' not found (status code: 404) (saved failed_tulu3:8b_1790403111962021145.json)
2026-09-26 06:11:51,963 [INFO] tulu3:8b | prompt6.jinja | iteration 2 | trial 16/20
2026-09-26 06:11:51,964 [WARNING] tulu3:8b | prompt6.jinja | iteration 2 | trial 16 failed: ResponseError: model 'tulu3:8b' not found (status code: 404) (saved failed_tulu3:8b_1790403111963277883.json)
2026-09-26 06:11:51,964 [INFO] tulu3:8b | prompt6.jinja | iteration 2 | trial 17/20
2026-09-26 06:11:51,965 [WARNING] tulu3:8b | prompt6.jinja | iteration 2 | trial 17 failed: ResponseError: model 'tulu3:8b' not found (status code: 404) (saved failed_tulu3:8b_1790403111964375116.json)
2026-09-26 06:11:51,965 [INFO] tulu3:8b | prompt6.jinja | iteration 2 | trial 18/20
2026-09-26 06:11:51,966 [WARNING] tulu3:8b | prompt6.jinja | iteration 2 | trial 18 failed: ResponseError: model 'tulu3:8b' not found (status code: 404) (saved failed_tulu3:8b_1790403111965682990.json)
2026-09-26 06:11:51,966 [INFO] tulu3:8b | prompt6.jinja | iteration 2 | trial 19/20
2026-09-26 06:11:51,968 [WARNING] tulu3:8b | prompt6.jinja | iteration 2 | trial 19 failed: ResponseError: model 'tulu3:8b' not found (status code: 404) (saved failed_tulu3:8b_1790403111966944768.json)
2026-09-26 06:11:51,968 [INFO] tulu3:8b | prompt6.jinja | iteration 2 | trial 20/20
2026-09-26 06:11:51,969 [WARNING] tulu3:8b | prompt6.jinja | iteration 2 | trial 20 failed: ResponseError: model 'tulu3:8b' not found (status code: 404) (saved failed_tulu3:8b_1790403111968268433.json)
2026-09-26 06:11:51,969 [INFO] tulu3:8b | prompt7.jinja | iteration 2 | trial 1/20
2026-09-26 06:11:51,971 [WARNING] tulu3:8b | prompt7.jinja | iteration 2 | trial 1 failed: ResponseError: model 'tulu3:8b' not found (status code: 404) (saved failed_tulu3:8b_1790403111969547091.json)
2026-09-26 06:11:51,971 [INFO] tulu3:8b | prompt7.jinja | iteration 2 | trial 2/20
2026-09-26 06:11:51,972 [WARNING] tulu3:8b | prompt7.jinja | iteration 2 | trial 2 failed: ResponseError: model 'tulu3:8b' not found (status code: 404) (saved failed_tulu3:8b_1790403111971120309.json)
2026-09-26 06:11:51,972 [INFO] tulu3:8b | prompt7.jinja | iteration 2 | trial 3/20
2026-09-26 06:11:51,973 [WARNING] tulu3:8b | prompt7.jinja | iteration 2 | trial 3 failed: ResponseError: model 'tulu3:8b' not found (status code: 404) (saved failed_tulu3:8b_1790403111972427287.json)
2026-09-26 06:11:51,973 [INFO] tulu3:8b | prompt7.jinja | iteration 2 | trial 4/20
2026-09-26 06:11:51,974 [WARNING] tulu3:8b | prompt7.jinja | iteration 2 | trial 4 failed: ResponseError: model 'tulu3:8b' not found (status code: 404) (saved failed_tulu3:8b_1790403111973553737.json)
2026-09-26 06:11:51,974 [INFO] tulu3:8b | prompt7.jinja | iteration 2 | trial 5/20
2026-09-26 06:11:51,976 [WARNING] tulu3:8b | prompt7.jinja | iteration 2 | trial 5 failed: ResponseError: model 'tulu3:8b' not found (status code: 404) (saved failed_tulu3:8b_1790403111974891914.json)
2026-09-26 06:11:51,976 [INFO] tulu3:8b | prompt7.jinja | iteration 2 | trial 6/20
2026-09-26 06:11:51,977 [WARNING] tulu3:8b | prompt7.jinja | iteration 2 | trial 6 failed: ResponseError: model 'tulu3:8b' not found (status code: 404) (saved failed_tulu3:8b_1790403111976167276.json)
2026-09-26 06:11:51,977 [INFO] tulu3:8b | prompt7.jinja | iteration 2 | trial 7/20
2026-09-26 06:11:51,978 [WARNING] tulu3:8b | prompt7.jinja | iteration 2 | trial 7 failed: ResponseError: model 'tulu3:8b' not found (status code: 404) (saved failed_tulu3:8b_1790403111977261325.json)
2026-09-26 06:11:51,978 [INFO] tulu3:8b | prompt7.jinja | iteration 2 | trial 8/20
2026-09-26 06:11:51,979 [WARNING] tulu3:8b | prompt7.jinja | iteration 2 | trial 8 failed: ResponseError: model 'tulu3:8b' not found (status code: 404) (saved failed_tulu3:8b_1790403111978536543.json)
2026-09-26 06:11:51,979 [INFO] tulu3:8b | prompt7.jinja | iteration 2 | trial 9/20
2026-09-26 06:11:51,980 [WARNING] tulu3:8b | prompt7.jinja | iteration 2 | trial 9 failed: ResponseError: model 'tulu3:8b' not found (status code: 404) (saved failed_tulu3:8b_1790403111979821681.json)
2026-09-26 06:11:51,980 [INFO] tulu3:8b | prompt7.jinja | iteration 2 | trial 10/20
2026-09-26 06:11:51,982 [WARNING] tulu3:8b | prompt7.jinja | iteration 2 | trial 10 failed: ResponseError: model 'tulu3:8b' not found (status code: 404) (saved failed_tulu3:8b_1790403111980945026.json)
2026-09-26 06:11:51,982 [INFO] tulu3:8b | prompt7.jinja | iteration 2 | trial 11/20
2026-09-26 06:11:51,983 [WARNING] tulu3:8b | prompt7.jinja | iteration 2 | trial 11 failed: ResponseError: model 'tulu3:8b' not found (status code: 404) (saved failed_tulu3:8b_1790403111982246356.json)
2026-09-26 06:11:51,983 [INFO] tulu3:8b | prompt7.jinja | iteration 2 | trial 12/20
2026-09-26 06:11:51,984 [WARNING] tulu3:8b | prompt7.jinja | iteration 2 | trial 12 failed: ResponseError: model 'tulu3:8b' not found (status code: 404) (saved failed_tulu3:8b_1790403111983688774.json)
2026-09-26 06:11:51,984 [INFO] tulu3:8b | prompt7.jinja | iteration 2 | trial 13/20
2026-09-26 06:11:51,986 [WARNING] tulu3:8b | prompt7.jinja | iteration 2 | trial 13 failed: ResponseError: model 'tulu3:8b' not found (status code: 404) (saved failed_tulu3:8b_1790403111984786648.json)
2026-09-26 06:11:51,986 [INFO] tulu3:8b | prompt7.jinja | iteration 2 | trial 14/20
2026-09-26 06:11:51,987 [WARNING] tulu3:8b | prompt7.jinja | iteration 2 | trial 14 failed: ResponseError: model 'tulu3:8b' not found (status code: 404) (saved failed_tulu3:8b_1790403111986094505.json)
2026-09-26 06:11:51,987 [INFO] tulu3:8b | prompt7.jinja | iteration 2 | trial 15/20
2026-09-26 06:11:51,988 [WARNING] tulu3:8b | prompt7.jinja | iteration 2 | trial 15 failed: ResponseError: model 'tulu3:8b' not found (status code: 404) (saved failed_tulu3:8b_1790403111987366219.json)
2026-09-26 06:11:51,988 [INFO] tulu3:8b | prompt7.jinja | iteration 2 | trial 16/20
2026-09-26 06:11:51,989 [WARNING] tulu3:8b | prompt7.jinja | iteration 2 | trial 16 failed: ResponseError: model 'tulu3:8b' not found (status code: 404) (saved failed_tulu3:8b_1790403111988378572.json)
2026-09-26 06:11:51,989 [INFO] tulu3:8b | prompt7.jinja | iteration 2 | trial 17/20
2026-09-26 06:11:51,990 [WARNING] tulu3:8b | prompt7.jinja | iteration 2 | trial 17 failed: ResponseError: model 'tulu3:8b' not found (status code: 404) (saved failed_tulu3:8b_1790403111989703150.json)
2026-09-26 06:11:51,990 [INFO] tulu3:8b | prompt7.jinja | iteration 2 | trial 18/20
2026-09-26 06:11:51,992 [WARNING] tulu3:8b | prompt7.jinja | iteration 2 | trial 18 failed: ResponseError: model 'tulu3:8b' not found (status code: 404) (saved failed_tulu3:8b_1790403111990981104.json)
2026-09-26 06:11:51,992 [INFO] tulu3:8b | prompt7.jinja | iteration 2 | trial 19/20
2026-09-26 06:11:51,993 [WARNING] tulu3:8b | prompt7.jinja | iteration 2 | trial 19 failed: ResponseError: model 'tulu3:8b' not found (status code: 404) (saved failed_tulu3:8b_1790403111992086833.json)
2026-09-26 06:11:51,993 [INFO] tulu3:8b | prompt7.jinja | iteration 2 | trial 20/20
2026-09-26 06:11:51,994 [WARNING] tulu3:8b | prompt7.jinja | iteration 2 | trial 20 failed: ResponseError: model 'tulu3:8b' not found (status code: 404) (saved failed_tulu3:8b_1790403111993379971.json)
2026-09-26 06:11:51,994 [INFO] tulu3:8b | prompt8.jinja | iteration 2 | trial 1/20
2026-09-26 06:11:51,995 [WARNING] tulu3:8b | prompt8.jinja | iteration 2 | trial 1 failed: ResponseError: model 'tulu3:8b' not found (status code: 404) (saved failed_tulu3:8b_1790403111994685253.json)
2026-09-26 06:11:51,995 [INFO] tulu3:8b | prompt8.jinja | iteration 2 | trial 2/20
2026-09-26 06:11:51,997 [WARNING] tulu3:8b | prompt8.jinja | iteration 2 | trial 2 failed: ResponseError: model 'tulu3:8b' not found (status code: 404) (saved failed_tulu3:8b_1790403111995833990.json)
2026-09-26 06:11:51,997 [INFO] tulu3:8b | prompt8.jinja | iteration 2 | trial 3/20
2026-09-26 06:11:51,998 [WARNING] tulu3:8b | prompt8.jinja | iteration 2 | trial 3 failed: ResponseError: model 'tulu3:8b' not found (status code: 404) (saved failed_tulu3:8b_1790403111997123944.json)
2026-09-26 06:11:51,998 [INFO] tulu3:8b | prompt8.jinja | iteration 2 | trial 4/20
2026-09-26 06:11:51,999 [WARNING] tulu3:8b | prompt8.jinja | iteration 2 | trial 4 failed: ResponseError: model 'tulu3:8b' not found (status code: 404) (saved failed_tulu3:8b_1790403111998405706.json)
2026-09-26 06:11:51,999 [INFO] tulu3:8b | prompt8.jinja | iteration 2 | trial 5/20
2026-09-26 06:11:52,000 [WARNING] tulu3:8b | prompt8.jinja | iteration 2 | trial 5 failed: ResponseError: model 'tulu3:8b' not found (status code: 404) (saved failed_tulu3:8b_1790403111999716428.json)
2026-09-26 06:11:52,000 [INFO] tulu3:8b | prompt8.jinja | iteration 2 | trial 6/20
2026-09-26 06:11:52,002 [WARNING] tulu3:8b | prompt8.jinja | iteration 2 | trial 6 failed: ResponseError: model 'tulu3:8b' not found (status code: 404) (saved failed_tulu3:8b_1790403112001014077.json)
2026-09-26 06:11:52,002 [INFO] tulu3:8b | prompt8.jinja | iteration 2 | trial 7/20
2026-09-26 06:11:52,003 [WARNING] tulu3:8b | prompt8.jinja | iteration 2 | trial 7 failed: ResponseError: model 'tulu3:8b' not found (status code: 404) (saved failed_tulu3:8b_1790403112002121919.json)
2026-09-26 06:11:52,003 [INFO] tulu3:8b | prompt8.jinja | iteration 2 | trial 8/20
2026-09-26 06:11:52,004 [WARNING] tulu3:8b | prompt8.jinja | iteration 2 | trial 8 failed: ResponseError: model 'tulu3:8b' not found (status code: 404) (saved failed_tulu3:8b_1790403112003441633.json)
2026-09-26 06:11:52,004 [INFO] tulu3:8b | prompt8.jinja | iteration 2 | trial 9/20
2026-09-26 06:11:52,005 [WARNING] tulu3:8b | prompt8.jinja | iteration 2 | trial 9 failed: ResponseError: model 'tulu3:8b' not found (status code: 404) (saved failed_tulu3:8b_1790403112004740114.json)
2026-09-26 06:11:52,005 [INFO] tulu3:8b | prompt8.jinja | iteration 2 | trial 10/20
2026-09-26 06:11:52,007 [WARNING] tulu3:8b | prompt8.jinja | iteration 2 | trial 10 failed: ResponseError: model 'tulu3:8b' not found (status code: 404) (saved failed_tulu3:8b_1790403112005846692.json)
2026-09-26 06:11:52,007 [INFO] tulu3:8b | prompt8.jinja | iteration 2 | trial 11/20
2026-09-26 06:11:52,008 [WARNING] tulu3:8b | prompt8.jinja | iteration 2 | trial 11 failed: ResponseError: model 'tulu3:8b' not found (status code: 404) (saved failed_tulu3:8b_1790403112007123110.json)
2026-09-26 06:11:52,008 [INFO] tulu3:8b | prompt8.jinja | iteration 2 | trial 12/20
2026-09-26 06:11:52,009 [WARNING] tulu3:8b | prompt8.jinja | iteration 2 | trial 12 failed: ResponseError: model 'tulu3:8b' not found (status code: 404) (saved failed_tulu3:8b_1790403112008397399.json)
2026-09-26 06:11:52,009 [INFO] tulu3:8b | prompt8.jinja | iteration 2 | trial 13/20
2026-09-26 06:11:52,010 [WARNING] tulu3:8b | prompt8.jinja | iteration 2 | trial 13 failed: ResponseError: model 'tulu3:8b' not found (status code: 404) (saved failed_tulu3:8b_1790403112009506537.json)
2026-09-26 06:11:52,010 [INFO] tulu3:8b | prompt8.jinja | iteration 2 | trial 14/20
2026-09-26 06:11:52,012 [WARNING] tulu3:8b | prompt8.jinja | iteration 2 | trial 14 failed: ResponseError: model 'tulu3:8b' not found (status code: 404) (saved failed_tulu3:8b_1790403112010823883.json)
2026-09-26 06:11:52,012 [INFO] tulu3:8b | prompt8.jinja | iteration 2 | trial 15/20
2026-09-26 06:11:52,013 [WARNING] tulu3:8b | prompt8.jinja | iteration 2 | trial 15 failed: ResponseError: model 'tulu3:8b' not found (status code: 404) (saved failed_tulu3:8b_1790403112012270861.json)
2026-09-26 06:11:52,013 [INFO] tulu3:8b | prompt8.jinja | iteration 2 | trial 16/20
2026-09-26 06:11:52,014 [WARNING] tulu3:8b | prompt8.jinja | iteration 2 | trial 16 failed: ResponseError: model 'tulu3:8b' not found (status code: 404) (saved failed_tulu3:8b_1790403112013383166.json)
2026-09-26 06:11:52,014 [INFO] tulu3:8b | prompt8.jinja | iteration 2 | trial 17/20
2026-09-26 06:11:52,015 [WARNING] tulu3:8b | prompt8.jinja | iteration 2 | trial 17 failed: ResponseError: model 'tulu3:8b' not found (status code: 404) (saved failed_tulu3:8b_1790403112014711680.json)
2026-09-26 06:11:52,015 [INFO] tulu3:8b | prompt8.jinja | iteration 2 | trial 18/20
2026-09-26 06:11:52,017 [WARNING] tulu3:8b | prompt8.jinja | iteration 2 | trial 18 failed: ResponseError: model 'tulu3:8b' not found (status code: 404) (saved failed_tulu3:8b_1790403112015992306.json)
2026-09-26 06:11:52,017 [INFO] tulu3:8b | prompt8.jinja | iteration 2 | trial 19/20
2026-09-26 06:11:52,018 [WARNING] tulu3:8b | prompt8.jinja | iteration 2 | trial 19 failed: ResponseError: model 'tulu3:8b' not found (status code: 404) (saved failed_tulu3:8b_1790403112017110387.json)
2026-09-26 06:11:52,018 [INFO] tulu3:8b | prompt8.jinja | iteration 2 | trial 20/20
2026-09-26 06:11:52,019 [WARNING] tulu3:8b | prompt8.jinja | iteration 2 | trial 20 failed: ResponseError: model 'tulu3:8b' not found (status code: 404) (saved failed_tulu3:8b_1790403112018432101.json)
2026-09-26 06:11:52,019 [INFO] tulu3:8b | prompt9.jinja | iteration 2 | trial 1/20
2026-09-26 06:11:52,020 [WARNING] tulu3:8b | prompt9.jinja | iteration 2 | trial 1 failed: ResponseError: model 'tulu3:8b' not found (status code: 404) (saved failed_tulu3:8b_1790403112019763655.json)
2026-09-26 06:11:52,020 [INFO] tulu3:8b | prompt9.jinja | iteration 2 | trial 2/20
2026-09-26 06:11:52,022 [WARNING] tulu3:8b | prompt9.jinja | iteration 2 | trial 2 failed: ResponseError: model 'tulu3:8b' not found (status code: 404) (saved failed_tulu3:8b_1790403112020997688.json)
2026-09-26 06:11:52,022 [INFO] tulu3:8b | prompt9.jinja | iteration 2 | trial 3/20
2026-09-26 06:11:52,023 [WARNING] tulu3:8b | prompt9.jinja | iteration 2 | trial 3 failed: ResponseError: model 'tulu3:8b' not found (status code: 404) (saved failed_tulu3:8b_1790403112022363194.json)
2026-09-26 06:11:52,023 [INFO] tulu3:8b | prompt9.jinja | iteration 2 | trial 4/20
2026-09-26 06:11:52,024 [WARNING] tulu3:8b | prompt9.jinja | iteration 2 | trial 4 failed: ResponseError: model 'tulu3:8b' not found (status code: 404) (saved failed_tulu3:8b_1790403112023696764.json)
2026-09-26 06:11:52,024 [INFO] tulu3:8b | prompt9.jinja | iteration 2 | trial 5/20
2026-09-26 06:11:52,026 [WARNING] tulu3:8b | prompt9.jinja | iteration 2 | trial 5 failed: ResponseError: model 'tulu3:8b' not found (status code: 404) (saved failed_tulu3:8b_1790403112024842045.json)
2026-09-26 06:11:52,026 [INFO] tulu3:8b | prompt9.jinja | iteration 2 | trial 6/20
2026-09-26 06:11:52,027 [WARNING] tulu3:8b | prompt9.jinja | iteration 2 | trial 6 failed: ResponseError: model 'tulu3:8b' not found (status code: 404) (saved failed_tulu3:8b_1790403112026165327.json)
2026-09-26 06:11:52,027 [INFO] tulu3:8b | prompt9.jinja | iteration 2 | trial 7/20
2026-09-26 06:11:52,028 [WARNING] tulu3:8b | prompt9.jinja | iteration 2 | trial 7 failed: ResponseError: model 'tulu3:8b' not found (status code: 404) (saved failed_tulu3:8b_1790403112027618289.json)
2026-09-26 06:11:52,028 [INFO] tulu3:8b | prompt9.jinja | iteration 2 | trial 8/20
2026-09-26 06:11:52,029 [WARNING] tulu3:8b | prompt9.jinja | iteration 2 | trial 8 failed: ResponseError: model 'tulu3:8b' not found (status code: 404) (saved failed_tulu3:8b_1790403112028798979.json)
2026-09-26 06:11:52,030 [INFO] tulu3:8b | prompt9.jinja | iteration 2 | trial 9/20
2026-09-26 06:11:52,031 [WARNING] tulu3:8b | prompt9.jinja | iteration 2 | trial 9 failed: ResponseError: model 'tulu3:8b' not found (status code: 404) (saved failed_tulu3:8b_1790403112030047685.json)
2026-09-26 06:11:52,031 [INFO] tulu3:8b | prompt9.jinja | iteration 2 | trial 10/20
2026-09-26 06:11:52,032 [WARNING] tulu3:8b | prompt9.jinja | iteration 2 | trial 10 failed: ResponseError: model 'tulu3:8b' not found (status code: 404) (saved failed_tulu3:8b_1790403112031333462.json)
2026-09-26 06:11:52,032 [INFO] tulu3:8b | prompt9.jinja | iteration 2 | trial 11/20
2026-09-26 06:11:52,033 [WARNING] tulu3:8b | prompt9.jinja | iteration 2 | trial 11 failed: ResponseError: model 'tulu3:8b' not found (status code: 404) (saved failed_tulu3:8b_1790403112032479080.json)
2026-09-26 06:11:52,033 [INFO] tulu3:8b | prompt9.jinja | iteration 2 | trial 12/20
2026-09-26 06:11:52,035 [WARNING] tulu3:8b | prompt9.jinja | iteration 2 | trial 12 failed: ResponseError: model 'tulu3:8b' not found (status code: 404) (saved failed_tulu3:8b_1790403112033857610.json)
2026-09-26 06:11:52,035 [INFO] tulu3:8b | prompt9.jinja | iteration 2 | trial 13/20
2026-09-26 06:11:52,036 [WARNING] tulu3:8b | prompt9.jinja | iteration 2 | trial 13 failed: ResponseError: model 'tulu3:8b' not found (status code: 404) (saved failed_tulu3:8b_1790403112035075403.json)
2026-09-26 06:11:52,036 [INFO] tulu3:8b | prompt9.jinja | iteration 2 | trial 14/20
2026-09-26 06:11:52,038 [WARNING] tulu3:8b | prompt9.jinja | iteration 2 | trial 14 failed: ResponseError: model 'tulu3:8b' not found (status code: 404) (saved failed_tulu3:8b_1790403112036446477.json)
2026-09-26 06:11:52,038 [INFO] tulu3:8b | prompt9.jinja | iteration 2 | trial 15/20
2026-09-26 06:11:52,039 [WARNING] tulu3:8b | prompt9.jinja | iteration 2 | trial 15 failed: ResponseError: model 'tulu3:8b' not found (status code: 404) (saved failed_tulu3:8b_1790403112038284912.json)
2026-09-26 06:11:52,039 [INFO] tulu3:8b | prompt9.jinja | iteration 2 | trial 16/20
2026-09-26 06:11:52,040 [WARNING] tulu3:8b | prompt9.jinja | iteration 2 | trial 16 failed: ResponseError: model 'tulu3:8b' not found (status code: 404) (saved failed_tulu3:8b_1790403112039661009.json)
2026-09-26 06:11:52,040 [INFO] tulu3:8b | prompt9.jinja | iteration 2 | trial 17/20
2026-09-26 06:11:52,042 [WARNING] tulu3:8b | prompt9.jinja | iteration 2 | trial 17 failed: ResponseError: model 'tulu3:8b' not found (status code: 404) (saved failed_tulu3:8b_1790403112040818851.json)
2026-09-26 06:11:52,042 [INFO] tulu3:8b | prompt9.jinja | iteration 2 | trial 18/20
2026-09-26 06:11:52,043 [WARNING] tulu3:8b | prompt9.jinja | iteration 2 | trial 18 failed: ResponseError: model 'tulu3:8b' not found (status code: 404) (saved failed_tulu3:8b_1790403112042177589.json)
2026-09-26 06:11:52,043 [INFO] tulu3:8b | prompt9.jinja | iteration 2 | trial 19/20
2026-09-26 06:11:52,044 [WARNING] tulu3:8b | prompt9.jinja | iteration 2 | trial 19 failed: ResponseError: model 'tulu3:8b' not found (status code: 404) (saved failed_tulu3:8b_1790403112043514903.json)
2026-09-26 06:11:52,044 [INFO] tulu3:8b | prompt9.jinja | iteration 2 | trial 20/20
2026-09-26 06:11:52,045 [WARNING] tulu3:8b | prompt9.jinja | iteration 2 | trial 20 failed: ResponseError: model 'tulu3:8b' not found (status code: 404) (saved failed_tulu3:8b_1790403112044724616.json)
2026-09-26 06:11:52,045 [INFO] tulu3:8b | security-incremental-1.jinja | iteration 2 | trial 1/20
2026-09-26 06:11:52,047 [WARNING] tulu3:8b | security-incremental-1.jinja | iteration 2 | trial 1 failed: ResponseError: model 'tulu3:8b' not found (status code: 404) (saved failed_tulu3:8b_1790403112045893914.json)
2026-09-26 06:11:52,047 [INFO] tulu3:8b | security-incremental-1.jinja | iteration 2 | trial 2/20
2026-09-26 06:11:52,048 [WARNING] tulu3:8b | security-incremental-1.jinja | iteration 2 | trial 2 failed: ResponseError: model 'tulu3:8b' not found (status code: 404) (saved failed_tulu3:8b_1790403112047262092.json)
2026-09-26 06:11:52,048 [INFO] tulu3:8b | security-incremental-1.jinja | iteration 2 | trial 3/20
2026-09-26 06:11:52,049 [WARNING] tulu3:8b | security-incremental-1.jinja | iteration 2 | trial 3 failed: ResponseError: model 'tulu3:8b' not found (status code: 404) (saved failed_tulu3:8b_1790403112048385533.json)
2026-09-26 06:11:52,049 [INFO] tulu3:8b | security-incremental-1.jinja | iteration 2 | trial 4/20
2026-09-26 06:11:52,050 [WARNING] tulu3:8b | security-incremental-1.jinja | iteration 2 | trial 4 failed: ResponseError: model 'tulu3:8b' not found (status code: 404) (saved failed_tulu3:8b_1790403112049532991.json)
2026-09-26 06:11:52,050 [INFO] tulu3:8b | security-incremental-1.jinja | iteration 2 | trial 5/20
2026-09-26 06:11:52,051 [WARNING] tulu3:8b | security-incremental-1.jinja | iteration 2 | trial 5 failed: ResponseError: model 'tulu3:8b' not found (status code: 404) (saved failed_tulu3:8b_1790403112050876000.json)
2026-09-26 06:11:52,051 [INFO] tulu3:8b | security-incremental-1.jinja | iteration 2 | trial 6/20
2026-09-26 06:11:52,053 [WARNING] tulu3:8b | security-incremental-1.jinja | iteration 2 | trial 6 failed: ResponseError: model 'tulu3:8b' not found (status code: 404) (saved failed_tulu3:8b_1790403112052002450.json)
2026-09-26 06:11:52,053 [INFO] tulu3:8b | security-incremental-1.jinja | iteration 2 | trial 7/20
2026-09-26 06:11:52,054 [WARNING] tulu3:8b | security-incremental-1.jinja | iteration 2 | trial 7 failed: ResponseError: model 'tulu3:8b' not found (status code: 404) (saved failed_tulu3:8b_1790403112053144148.json)
2026-09-26 06:11:52,054 [INFO] tulu3:8b | security-incremental-1.jinja | iteration 2 | trial 8/20
2026-09-26 06:11:52,055 [WARNING] tulu3:8b | security-incremental-1.jinja | iteration 2 | trial 8 failed: ResponseError: model 'tulu3:8b' not found (status code: 404) (saved failed_tulu3:8b_1790403112054460005.json)
2026-09-26 06:11:52,055 [INFO] tulu3:8b | security-incremental-1.jinja | iteration 2 | trial 9/20
2026-09-26 06:11:52,056 [WARNING] tulu3:8b | security-incremental-1.jinja | iteration 2 | trial 9 failed: ResponseError: model 'tulu3:8b' not found (status code: 404) (saved failed_tulu3:8b_1790403112055599031.json)
2026-09-26 06:11:52,056 [INFO] tulu3:8b | security-incremental-1.jinja | iteration 2 | trial 10/20
2026-09-26 06:11:52,058 [WARNING] tulu3:8b | security-incremental-1.jinja | iteration 2 | trial 10 failed: ResponseError: model 'tulu3:8b' not found (status code: 404) (saved failed_tulu3:8b_1790403112056929721.json)
2026-09-26 06:11:52,058 [INFO] tulu3:8b | security-incremental-1.jinja | iteration 2 | trial 11/20
2026-09-26 06:11:52,059 [WARNING] tulu3:8b | security-incremental-1.jinja | iteration 2 | trial 11 failed: ResponseError: model 'tulu3:8b' not found (status code: 404) (saved failed_tulu3:8b_1790403112058244698.json)
2026-09-26 06:11:52,059 [INFO] tulu3:8b | security-incremental-1.jinja | iteration 2 | trial 12/20
2026-09-26 06:11:52,060 [WARNING] tulu3:8b | security-incremental-1.jinja | iteration 2 | trial 12 failed: ResponseError: model 'tulu3:8b' not found (status code: 404) (saved failed_tulu3:8b_1790403112059336572.json)
2026-09-26 06:11:52,060 [INFO] tulu3:8b | security-incremental-1.jinja | iteration 2 | trial 13/20
2026-09-26 06:11:52,061 [WARNING] tulu3:8b | security-incremental-1.jinja | iteration 2 | trial 13 failed: ResponseError: model 'tulu3:8b' not found (status code: 404) (saved failed_tulu3:8b_1790403112060442941.json)
2026-09-26 06:11:52,061 [INFO] tulu3:8b | security-incremental-1.jinja | iteration 2 | trial 14/20
2026-09-26 06:11:52,062 [WARNING] tulu3:8b | security-incremental-1.jinja | iteration 2 | trial 14 failed: ResponseError: model 'tulu3:8b' not found (status code: 404) (saved failed_tulu3:8b_1790403112061757183.json)
2026-09-26 06:11:52,062 [INFO] tulu3:8b | security-incremental-1.jinja | iteration 2 | trial 15/20
2026-09-26 06:11:52,063 [WARNING] tulu3:8b | security-incremental-1.jinja | iteration 2 | trial 15 failed: ResponseError: model 'tulu3:8b' not found (status code: 404) (saved failed_tulu3:8b_1790403112062861905.json)
2026-09-26 06:11:52,063 [INFO] tulu3:8b | security-incremental-1.jinja | iteration 2 | trial 16/20
2026-09-26 06:11:52,065 [WARNING] tulu3:8b | security-incremental-1.jinja | iteration 2 | trial 16 failed: ResponseError: model 'tulu3:8b' not found (status code: 404) (saved failed_tulu3:8b_1790403112063989106.json)
2026-09-26 06:11:52,065 [INFO] tulu3:8b | security-incremental-1.jinja | iteration 2 | trial 17/20
2026-09-26 06:11:52,066 [WARNING] tulu3:8b | security-incremental-1.jinja | iteration 2 | trial 17 failed: ResponseError: model 'tulu3:8b' not found (status code: 404) (saved failed_tulu3:8b_1790403112065286036.json)
2026-09-26 06:11:52,066 [INFO] tulu3:8b | security-incremental-1.jinja | iteration 2 | trial 18/20
2026-09-26 06:11:52,067 [WARNING] tulu3:8b | security-incremental-1.jinja | iteration 2 | trial 18 failed: ResponseError: model 'tulu3:8b' not found (status code: 404) (saved failed_tulu3:8b_1790403112066387957.json)
2026-09-26 06:11:52,067 [INFO] tulu3:8b | security-incremental-1.jinja | iteration 2 | trial 19/20
2026-09-26 06:11:52,068 [WARNING] tulu3:8b | security-incremental-1.jinja | iteration 2 | trial 19 failed: ResponseError: model 'tulu3:8b' not found (status code: 404) (saved failed_tulu3:8b_1790403112067507303.json)
2026-09-26 06:11:52,068 [INFO] tulu3:8b | security-incremental-1.jinja | iteration 2 | trial 20/20
2026-09-26 06:11:52,070 [WARNING] tulu3:8b | security-incremental-1.jinja | iteration 2 | trial 20 failed: ResponseError: model 'tulu3:8b' not found (status code: 404) (saved failed_tulu3:8b_1790403112068830377.json)
2026-09-26 06:11:52,070 [INFO] tulu3:8b | prompt1.jinja | iteration 3 | trial 1/20
2026-09-26 06:11:52,071 [WARNING] tulu3:8b | prompt1.jinja | iteration 3 | trial 1 failed: ResponseError: model 'tulu3:8b' not found (status code: 404) (saved failed_tulu3:8b_1790403112070137930.json)
2026-09-26 06:11:52,071 [INFO] tulu3:8b | prompt1.jinja | iteration 3 | trial 2/20
2026-09-26 06:11:52,072 [WARNING] tulu3:8b | prompt1.jinja | iteration 3 | trial 2 failed: ResponseError: model 'tulu3:8b' not found (status code: 404) (saved failed_tulu3:8b_1790403112071297148.json)
2026-09-26 06:11:52,072 [INFO] tulu3:8b | prompt1.jinja | iteration 3 | trial 3/20
2026-09-26 06:11:52,073 [WARNING] tulu3:8b | prompt1.jinja | iteration 3 | trial 3 failed: ResponseError: model 'tulu3:8b' not found (status code: 404) (saved failed_tulu3:8b_1790403112072588958.json)
2026-09-26 06:11:52,073 [INFO] tulu3:8b | prompt1.jinja | iteration 3 | trial 4/20
2026-09-26 06:11:52,074 [WARNING] tulu3:8b | prompt1.jinja | iteration 3 | trial 4 failed: ResponseError: model 'tulu3:8b' not found (status code: 404) (saved failed_tulu3:8b_1790403112073711119.json)
2026-09-26 06:11:52,074 [INFO] tulu3:8b | prompt1.jinja | iteration 3 | trial 5/20
2026-09-26 06:11:52,076 [WARNING] tulu3:8b | prompt1.jinja | iteration 3 | trial 5 failed: ResponseError: model 'tulu3:8b' not found (status code: 404) (saved failed_tulu3:8b_1790403112074826961.json)
2026-09-26 06:11:52,076 [INFO] tulu3:8b | prompt1.jinja | iteration 3 | trial 6/20
2026-09-26 06:11:52,077 [WARNING] tulu3:8b | prompt1.jinja | iteration 3 | trial 6 failed: ResponseError: model 'tulu3:8b' not found (status code: 404) (saved failed_tulu3:8b_1790403112076109298.json)
2026-09-26 06:11:52,077 [INFO] tulu3:8b | prompt1.jinja | iteration 3 | trial 7/20
2026-09-26 06:11:52,078 [WARNING] tulu3:8b | prompt1.jinja | iteration 3 | trial 7 failed: ResponseError: model 'tulu3:8b' not found (status code: 404) (saved failed_tulu3:8b_1790403112077218916.json)
2026-09-26 06:11:52,078 [INFO] tulu3:8b | prompt1.jinja | iteration 3 | trial 8/20
2026-09-26 06:11:52,079 [WARNING] tulu3:8b | prompt1.jinja | iteration 3 | trial 8 failed: ResponseError: model 'tulu3:8b' not found (status code: 404) (saved failed_tulu3:8b_1790403112078332389.json)
2026-09-26 06:11:52,079 [INFO] tulu3:8b | prompt1.jinja | iteration 3 | trial 9/20
2026-09-26 06:11:52,080 [WARNING] tulu3:8b | prompt1.jinja | iteration 3 | trial 9 failed: ResponseError: model 'tulu3:8b' not found (status code: 404) (saved failed_tulu3:8b_1790403112079615703.json)
2026-09-26 06:11:52,080 [INFO] tulu3:8b | prompt1.jinja | iteration 3 | trial 10/20
2026-09-26 06:11:52,081 [WARNING] tulu3:8b | prompt1.jinja | iteration 3 | trial 10 failed: ResponseError: model 'tulu3:8b' not found (status code: 404) (saved failed_tulu3:8b_1790403112080749529.json)
2026-09-26 06:11:52,081 [INFO] tulu3:8b | prompt1.jinja | iteration 3 | trial 11/20
2026-09-26 06:11:52,083 [WARNING] tulu3:8b | prompt1.jinja | iteration 3 | trial 11 failed: ResponseError: model 'tulu3:8b' not found (status code: 404) (saved failed_tulu3:8b_1790403112081842842.json)
2026-09-26 06:11:52,083 [INFO] tulu3:8b | prompt1.jinja | iteration 3 | trial 12/20
2026-09-26 06:11:52,084 [WARNING] tulu3:8b | prompt1.jinja | iteration 3 | trial 12 failed: ResponseError: model 'tulu3:8b' not found (status code: 404) (saved failed_tulu3:8b_1790403112083141212.json)
2026-09-26 06:11:52,084 [INFO] tulu3:8b | prompt1.jinja | iteration 3 | trial 13/20
2026-09-26 06:11:52,085 [WARNING] tulu3:8b | prompt1.jinja | iteration 3 | trial 13 failed: ResponseError: model 'tulu3:8b' not found (status code: 404) (saved failed_tulu3:8b_1790403112084405342.json)
2026-09-26 06:11:52,085 [INFO] tulu3:8b | prompt1.jinja | iteration 3 | trial 14/20
2026-09-26 06:11:52,086 [WARNING] tulu3:8b | prompt1.jinja | iteration 3 | trial 14 failed: ResponseError: model 'tulu3:8b' not found (status code: 404) (saved failed_tulu3:8b_1790403112085523247.json)
2026-09-26 06:11:52,086 [INFO] tulu3:8b | prompt1.jinja | iteration 3 | trial 15/20
2026-09-26 06:11:52,087 [WARNING] tulu3:8b | prompt1.jinja | iteration 3 | trial 15 failed: ResponseError: model 'tulu3:8b' not found (status code: 404) (saved failed_tulu3:8b_1790403112086820161.json)
2026-09-26 06:11:52,087 [INFO] tulu3:8b | prompt1.jinja | iteration 3 | trial 16/20
2026-09-26 06:11:52,089 [WARNING] tulu3:8b | prompt1.jinja | iteration 3 | trial 16 failed: ResponseError: model 'tulu3:8b' not found (status code: 404) (saved failed_tulu3:8b_1790403112087933650.json)
2026-09-26 06:11:52,089 [INFO] tulu3:8b | prompt1.jinja | iteration 3 | trial 17/20
2026-09-26 06:11:52,090 [WARNING] tulu3:8b | prompt1.jinja | iteration 3 | trial 17 failed: ResponseError: model 'tulu3:8b' not found (status code: 404) (saved failed_tulu3:8b_1790403112089054740.json)
2026-09-26 06:11:52,090 [INFO] tulu3:8b | prompt1.jinja | iteration 3 | trial 18/20
2026-09-26 06:11:52,091 [WARNING] tulu3:8b | prompt1.jinja | iteration 3 | trial 18 failed: ResponseError: model 'tulu3:8b' not found (status code: 404) (saved failed_tulu3:8b_1790403112090346678.json)
2026-09-26 06:11:52,091 [INFO] tulu3:8b | prompt1.jinja | iteration 3 | trial 19/20
2026-09-26 06:11:52,092 [WARNING] tulu3:8b | prompt1.jinja | iteration 3 | trial 19 failed: ResponseError: model 'tulu3:8b' not found (status code: 404) (saved failed_tulu3:8b_1790403112091458839.json)
2026-09-26 06:11:52,092 [INFO] tulu3:8b | prompt1.jinja | iteration 3 | trial 20/20
2026-09-26 06:11:52,093 [WARNING] tulu3:8b | prompt1.jinja | iteration 3 | trial 20 failed: ResponseError: model 'tulu3:8b' not found (status code: 404) (saved failed_tulu3:8b_1790403112092563305.json)
2026-09-26 06:11:52,093 [INFO] tulu3:8b | prompt10.jinja | iteration 3 | trial 1/20
2026-09-26 06:11:52,095 [WARNING] tulu3:8b | prompt10.jinja | iteration 3 | trial 1 failed: ResponseError: model 'tulu3:8b' not found (status code: 404) (saved failed_tulu3:8b_1790403112093905994.json)
2026-09-26 06:11:52,095 [INFO] tulu3:8b | prompt10.jinja | iteration 3 | trial 2/20
2026-09-26 06:11:52,096 [WARNING] tulu3:8b | prompt10.jinja | iteration 3 | trial 2 failed: ResponseError: model 'tulu3:8b' not found (status code: 404) (saved failed_tulu3:8b_1790403112095062556.json)
2026-09-26 06:11:52,096 [INFO] tulu3:8b | prompt10.jinja | iteration 3 | trial 3/20
2026-09-26 06:11:52,097 [WARNING] tulu3:8b | prompt10.jinja | iteration 3 | trial 3 failed: ResponseError: model 'tulu3:8b' not found (status code: 404) (saved failed_tulu3:8b_1790403112096187885.json)
2026-09-26 06:11:52,097 [INFO] tulu3:8b | prompt10.jinja | iteration 3 | trial 4/20
2026-09-26 06:11:52,098 [WARNING] tulu3:8b | prompt10.jinja | iteration 3 | trial 4 failed: ResponseError: model 'tulu3:8b' not found (status code: 404) (saved failed_tulu3:8b_1790403112097304111.json)
2026-09-26 06:11:52,098 [INFO] tulu3:8b | prompt10.jinja | iteration 3 | trial 5/20
2026-09-26 06:11:52,099 [WARNING] tulu3:8b | prompt10.jinja | iteration 3 | trial 5 failed: ResponseError: model 'tulu3:8b' not found (status code: 404) (saved failed_tulu3:8b_1790403112098798929.json)
2026-09-26 06:11:52,099 [INFO] tulu3:8b | prompt10.jinja | iteration 3 | trial 6/20
2026-09-26 06:11:52,101 [WARNING] tulu3:8b | prompt10.jinja | iteration 3 | trial 6 failed: ResponseError: model 'tulu3:8b' not found (status code: 404) (saved failed_tulu3:8b_1790403112099914146.json)
2026-09-26 06:11:52,101 [INFO] tulu3:8b | prompt10.jinja | iteration 3 | trial 7/20
2026-09-26 06:11:52,103 [WARNING] tulu3:8b | prompt10.jinja | iteration 3 | trial 7 failed: ResponseError: model 'tulu3:8b' not found (status code: 404) (saved failed_tulu3:8b_1790403112101703077.json)
2026-09-26 06:11:52,103 [INFO] tulu3:8b | prompt10.jinja | iteration 3 | trial 8/20
2026-09-26 06:11:52,104 [WARNING] tulu3:8b | prompt10.jinja | iteration 3 | trial 8 failed: ResponseError: model 'tulu3:8b' not found (status code: 404) (saved failed_tulu3:8b_1790403112103132583.json)
2026-09-26 06:11:52,104 [INFO] tulu3:8b | prompt10.jinja | iteration 3 | trial 9/20
2026-09-26 06:11:52,105 [WARNING] tulu3:8b | prompt10.jinja | iteration 3 | trial 9 failed: ResponseError: model 'tulu3:8b' not found (status code: 404) (saved failed_tulu3:8b_1790403112104200328.json)
2026-09-26 06:11:52,105 [INFO] tulu3:8b | prompt10.jinja | iteration 3 | trial 10/20
2026-09-26 06:11:52,106 [WARNING] tulu3:8b | prompt10.jinja | iteration 3 | trial 10 failed: ResponseError: model 'tulu3:8b' not found (status code: 404) (saved failed_tulu3:8b_1790403112105455130.json)
2026-09-26 06:11:52,106 [INFO] tulu3:8b | prompt10.jinja | iteration 3 | trial 11/20
2026-09-26 06:11:52,107 [WARNING] tulu3:8b | prompt10.jinja | iteration 3 | trial 11 failed: ResponseError: model 'tulu3:8b' not found (status code: 404) (saved failed_tulu3:8b_1790403112106767276.json)
2026-09-26 06:11:52,107 [INFO] tulu3:8b | prompt10.jinja | iteration 3 | trial 12/20
2026-09-26 06:11:52,109 [WARNING] tulu3:8b | prompt10.jinja | iteration 3 | trial 12 failed: ResponseError: model 'tulu3:8b' not found (status code: 404) (saved failed_tulu3:8b_1790403112107908141.json)
2026-09-26 06:11:52,109 [INFO] tulu3:8b | prompt10.jinja | iteration 3 | trial 13/20
2026-09-26 06:11:52,110 [WARNING] tulu3:8b | prompt10.jinja | iteration 3 | trial 13 failed: ResponseError: model 'tulu3:8b' not found (status code: 404) (saved failed_tulu3:8b_1790403112109212767.json)
2026-09-26 06:11:52,110 [INFO] tulu3:8b | prompt10.jinja | iteration 3 | trial 14/20
2026-09-26 06:11:52,111 [WARNING] tulu3:8b | prompt10.jinja | iteration 3 | trial 14 failed: ResponseError: model 'tulu3:8b' not found (status code: 404) (saved failed_tulu3:8b_1790403112110511633.json)
2026-09-26 06:11:52,111 [INFO] tulu3:8b | prompt10.jinja | iteration 3 | trial 15/20
2026-09-26 06:11:52,113 [WARNING] tulu3:8b | prompt10.jinja | iteration 3 | trial 15 failed: ResponseError: model 'tulu3:8b' not found (status code: 404) (saved failed_tulu3:8b_1790403112111625922.json)
2026-09-26 06:11:52,113 [INFO] tulu3:8b | prompt10.jinja | iteration 3 | trial 16/20
2026-09-26 06:11:52,114 [WARNING] tulu3:8b | prompt10.jinja | iteration 3 | trial 16 failed: ResponseError: model 'tulu3:8b' not found (status code: 404) (saved failed_tulu3:8b_1790403112113343700.json)
2026-09-26 06:11:52,114 [INFO] tulu3:8b | prompt10.jinja | iteration 3 | trial 17/20
2026-09-26 06:11:52,115 [WARNING] tulu3:8b | prompt10.jinja | iteration 3 | trial 17 failed: ResponseError: model 'tulu3:8b' not found (status code: 404) (saved failed_tulu3:8b_1790403112114641558.json)
2026-09-26 06:11:52,115 [INFO] tulu3:8b | prompt10.jinja | iteration 3 | trial 18/20
2026-09-26 06:11:52,117 [WARNING] tulu3:8b | prompt10.jinja | iteration 3 | trial 18 failed: ResponseError: model 'tulu3:8b' not found (status code: 404) (saved failed_tulu3:8b_1790403112115777944.json)
2026-09-26 06:11:52,117 [INFO] tulu3:8b | prompt10.jinja | iteration 3 | trial 19/20
2026-09-26 06:11:52,118 [WARNING] tulu3:8b | prompt10.jinja | iteration 3 | trial 19 failed: ResponseError: model 'tulu3:8b' not found (status code: 404) (saved failed_tulu3:8b_1790403112117084778.json)
2026-09-26 06:11:52,118 [INFO] tulu3:8b | prompt10.jinja | iteration 3 | trial 20/20
2026-09-26 06:11:52,119 [WARNING] tulu3:8b | prompt10.jinja | iteration 3 | trial 20 failed: ResponseError: model 'tulu3:8b' not found (status code: 404) (saved failed_tulu3:8b_1790403112118392107.json)
2026-09-26 06:11:52,119 [INFO] tulu3:8b | prompt11.jinja | iteration 3 | trial 1/20
2026-09-26 06:11:52,120 [WARNING] tulu3:8b | prompt11.jinja | iteration 3 | trial 1 failed: ResponseError: model 'tulu3:8b' not found (status code: 404) (saved failed_tulu3:8b_1790403112119531613.json)
2026-09-26 06:11:52,120 [INFO] tulu3:8b | prompt11.jinja | iteration 3 | trial 2/20
2026-09-26 06:11:52,122 [WARNING] tulu3:8b | prompt11.jinja | iteration 3 | trial 2 failed: ResponseError: model 'tulu3:8b' not found (status code: 404) (saved failed_tulu3:8b_1790403112120868303.json)
2026-09-26 06:11:52,122 [INFO] tulu3:8b | prompt11.jinja | iteration 3 | trial 3/20
2026-09-26 06:11:52,123 [WARNING] tulu3:8b | prompt11.jinja | iteration 3 | trial 3 failed: ResponseError: model 'tulu3:8b' not found (status code: 404) (saved failed_tulu3:8b_1790403112122183440.json)
2026-09-26 06:11:52,123 [INFO] tulu3:8b | prompt11.jinja | iteration 3 | trial 4/20
2026-09-26 06:11:52,124 [WARNING] tulu3:8b | prompt11.jinja | iteration 3 | trial 4 failed: ResponseError: model 'tulu3:8b' not found (status code: 404) (saved failed_tulu3:8b_1790403112123301634.json)
2026-09-26 06:11:52,124 [INFO] tulu3:8b | prompt11.jinja | iteration 3 | trial 5/20
2026-09-26 06:11:52,125 [WARNING] tulu3:8b | prompt11.jinja | iteration 3 | trial 5 failed: ResponseError: model 'tulu3:8b' not found (status code: 404) (saved failed_tulu3:8b_1790403112124586644.json)
2026-09-26 06:11:52,125 [INFO] tulu3:8b | prompt11.jinja | iteration 3 | trial 6/20
2026-09-26 06:11:52,126 [WARNING] tulu3:8b | prompt11.jinja | iteration 3 | trial 6 failed: ResponseError: model 'tulu3:8b' not found (status code: 404) (saved failed_tulu3:8b_1790403112125904453.json)
2026-09-26 06:11:52,126 [INFO] tulu3:8b | prompt11.jinja | iteration 3 | trial 7/20
2026-09-26 06:11:52,128 [WARNING] tulu3:8b | prompt11.jinja | iteration 3 | trial 7 failed: ResponseError: model 'tulu3:8b' not found (status code: 404) (saved failed_tulu3:8b_1790403112127018615.json)
2026-09-26 06:11:52,128 [INFO] tulu3:8b | prompt11.jinja | iteration 3 | trial 8/20
2026-09-26 06:11:52,129 [WARNING] tulu3:8b | prompt11.jinja | iteration 3 | trial 8 failed: ResponseError: model 'tulu3:8b' not found (status code: 404) (saved failed_tulu3:8b_1790403112128478473.json)
2026-09-26 06:11:52,129 [INFO] tulu3:8b | prompt11.jinja | iteration 3 | trial 9/20
2026-09-26 06:11:52,130 [WARNING] tulu3:8b | prompt11.jinja | iteration 3 | trial 9 failed: ResponseError: model 'tulu3:8b' not found (status code: 404) (saved failed_tulu3:8b_1790403112129812539.json)
2026-09-26 06:11:52,130 [INFO] tulu3:8b | prompt11.jinja | iteration 3 | trial 10/20
2026-09-26 06:11:52,132 [WARNING] tulu3:8b | prompt11.jinja | iteration 3 | trial 10 failed: ResponseError: model 'tulu3:8b' not found (status code: 404) (saved failed_tulu3:8b_1790403112130930332.json)
2026-09-26 06:11:52,132 [INFO] tulu3:8b | prompt11.jinja | iteration 3 | trial 11/20
2026-09-26 06:11:52,133 [WARNING] tulu3:8b | prompt11.jinja | iteration 3 | trial 11 failed: ResponseError: model 'tulu3:8b' not found (status code: 404) (saved failed_tulu3:8b_1790403112132212526.json)
2026-09-26 06:11:52,133 [INFO] tulu3:8b | prompt11.jinja | iteration 3 | trial 12/20
2026-09-26 06:11:52,134 [WARNING] tulu3:8b | prompt11.jinja | iteration 3 | trial 12 failed: ResponseError: model 'tulu3:8b' not found (status code: 404) (saved failed_tulu3:8b_1790403112133512032.json)
2026-09-26 06:11:52,134 [INFO] tulu3:8b | prompt11.jinja | iteration 3 | trial 13/20
2026-09-26 06:11:52,135 [WARNING] tulu3:8b | prompt11.jinja | iteration 3 | trial 13 failed: ResponseError: model 'tulu3:8b' not found (status code: 404) (saved failed_tulu3:8b_1790403112134619329.json)
2026-09-26 06:11:52,135 [INFO] tulu3:8b | prompt11.jinja | iteration 3 | trial 14/20
2026-09-26 06:11:52,137 [WARNING] tulu3:8b | prompt11.jinja | iteration 3 | trial 14 failed: ResponseError: model 'tulu3:8b' not found (status code: 404) (saved failed_tulu3:8b_1790403112135925075.json)
2026-09-26 06:11:52,137 [INFO] tulu3:8b | prompt11.jinja | iteration 3 | trial 15/20
2026-09-26 06:11:52,138 [WARNING] tulu3:8b | prompt11.jinja | iteration 3 | trial 15 failed: ResponseError: model 'tulu3:8b' not found (status code: 404) (saved failed_tulu3:8b_1790403112137396293.json)
2026-09-26 06:11:52,138 [INFO] tulu3:8b | prompt11.jinja | iteration 3 | trial 16/20
2026-09-26 06:11:52,139 [WARNING] tulu3:8b | prompt11.jinja | iteration 3 | trial 16 failed: ResponseError: model 'tulu3:8b' not found (status code: 404) (saved failed_tulu3:8b_1790403112138501158.json)
2026-09-26 06:11:52,139 [INFO] tulu3:8b | prompt11.jinja | iteration 3 | trial 17/20
2026-09-26 06:11:52,141 [WARNING] tulu3:8b | prompt11.jinja | iteration 3 | trial 17 failed: ResponseError: model 'tulu3:8b' not found (status code: 404) (saved failed_tulu3:8b_1790403112139937816.json)
2026-09-26 06:11:52,141 [INFO] tulu3:8b | prompt11.jinja | iteration 3 | trial 18/20
2026-09-26 06:11:52,142 [WARNING] tulu3:8b | prompt11.jinja | iteration 3 | trial 18 failed: ResponseError: model 'tulu3:8b' not found (status code: 404) (saved failed_tulu3:8b_1790403112141247754.json)
2026-09-26 06:11:52,142 [INFO] tulu3:8b | prompt11.jinja | iteration 3 | trial 19/20
2026-09-26 06:11:52,143 [WARNING] tulu3:8b | prompt11.jinja | iteration 3 | trial 19 failed: ResponseError: model 'tulu3:8b' not found (status code: 404) (saved failed_tulu3:8b_1790403112142562236.json)
2026-09-26 06:11:52,143 [INFO] tulu3:8b | prompt11.jinja | iteration 3 | trial 20/20
2026-09-26 06:11:52,145 [WARNING] tulu3:8b | prompt11.jinja | iteration 3 | trial 20 failed: ResponseError: model 'tulu3:8b' not found (status code: 404) (saved failed_tulu3:8b_1790403112143869694.json)
2026-09-26 06:11:52,145 [INFO] tulu3:8b | prompt2.jinja | iteration 3 | trial 1/20
2026-09-26 06:11:52,146 [WARNING] tulu3:8b | prompt2.jinja | iteration 3 | trial 1 failed: ResponseError: model 'tulu3:8b' not found (status code: 404) (saved failed_tulu3:8b_1790403112145197519.json)
2026-09-26 06:11:52,146 [INFO] tulu3:8b | prompt2.jinja | iteration 3 | trial 2/20
2026-09-26 06:11:52,147 [WARNING] tulu3:8b | prompt2.jinja | iteration 3 | trial 2 failed: ResponseError: model 'tulu3:8b' not found (status code: 404) (saved failed_tulu3:8b_1790403112146341953.json)
2026-09-26 06:11:52,147 [INFO] tulu3:8b | prompt2.jinja | iteration 3 | trial 3/20
2026-09-26 06:11:52,148 [WARNING] tulu3:8b | prompt2.jinja | iteration 3 | trial 3 failed: ResponseError: model 'tulu3:8b' not found (status code: 404) (saved failed_tulu3:8b_1790403112147619763.json)
2026-09-26 06:11:52,148 [INFO] tulu3:8b | prompt2.jinja | iteration 3 | trial 4/20
2026-09-26 06:11:52,150 [WARNING] tulu3:8b | prompt2.jinja | iteration 3 | trial 4 failed: ResponseError: model 'tulu3:8b' not found (status code: 404) (saved failed_tulu3:8b_1790403112149004644.json)
2026-09-26 06:11:52,150 [INFO] tulu3:8b | prompt2.jinja | iteration 3 | trial 5/20
2026-09-26 06:11:52,151 [WARNING] tulu3:8b | prompt2.jinja | iteration 3 | trial 5 failed: ResponseError: model 'tulu3:8b' not found (status code: 404) (saved failed_tulu3:8b_1790403112150100838.json)
2026-09-26 06:11:52,151 [INFO] tulu3:8b | prompt2.jinja | iteration 3 | trial 6/20
2026-09-26 06:11:52,152 [WARNING] tulu3:8b | prompt2.jinja | iteration 3 | trial 6 failed: ResponseError: model 'tulu3:8b' not found (status code: 404) (saved failed_tulu3:8b_1790403112151375304.json)
2026-09-26 06:11:52,152 [INFO] tulu3:8b | prompt2.jinja | iteration 3 | trial 7/20
2026-09-26 06:11:52,153 [WARNING] tulu3:8b | prompt2.jinja | iteration 3 | trial 7 failed: ResponseError: model 'tulu3:8b' not found (status code: 404) (saved failed_tulu3:8b_1790403112152470777.json)
2026-09-26 06:11:52,153 [INFO] tulu3:8b | prompt2.jinja | iteration 3 | trial 8/20
2026-09-26 06:11:52,155 [WARNING] tulu3:8b | prompt2.jinja | iteration 3 | trial 8 failed: ResponseError: model 'tulu3:8b' not found (status code: 404) (saved failed_tulu3:8b_1790403112153785995.json)
2026-09-26 06:11:52,155 [INFO] tulu3:8b | prompt2.jinja | iteration 3 | trial 9/20
2026-09-26 06:11:52,156 [WARNING] tulu3:8b | prompt2.jinja | iteration 3 | trial 9 failed: ResponseError: model 'tulu3:8b' not found (status code: 404) (saved failed_tulu3:8b_1790403112155061165.json)
2026-09-26 06:11:52,156 [INFO] tulu3:8b | prompt2.jinja | iteration 3 | trial 10/20
2026-09-26 06:11:52,157 [WARNING] tulu3:8b | prompt2.jinja | iteration 3 | trial 10 failed: ResponseError: model 'tulu3:8b' not found (status code: 404) (saved failed_tulu3:8b_1790403112156186366.json)
2026-09-26 06:11:52,157 [INFO] tulu3:8b | prompt2.jinja | iteration 3 | trial 11/20
2026-09-26 06:11:52,158 [WARNING] tulu3:8b | prompt2.jinja | iteration 3 | trial 11 failed: ResponseError: model 'tulu3:8b' not found (status code: 404) (saved failed_tulu3:8b_1790403112157668352.json)
2026-09-26 06:11:52,158 [INFO] tulu3:8b | prompt2.jinja | iteration 3 | trial 12/20
2026-09-26 06:11:52,160 [WARNING] tulu3:8b | prompt2.jinja | iteration 3 | trial 12 failed: ResponseError: model 'tulu3:8b' not found (status code: 404) (saved failed_tulu3:8b_1790403112158984018.json)
2026-09-26 06:11:52,160 [INFO] tulu3:8b | prompt2.jinja | iteration 3 | trial 13/20
2026-09-26 06:11:52,161 [WARNING] tulu3:8b | prompt2.jinja | iteration 3 | trial 13 failed: ResponseError: model 'tulu3:8b' not found (status code: 404) (saved failed_tulu3:8b_1790403112160105923.json)
2026-09-26 06:11:52,161 [INFO] tulu3:8b | prompt2.jinja | iteration 3 | trial 14/20
2026-09-26 06:11:52,163 [WARNING] tulu3:8b | prompt2.jinja | iteration 3 | trial 14 failed: ResponseError: model 'tulu3:8b' not found (status code: 404) (saved failed_tulu3:8b_1790403112161415477.json)
2026-09-26 06:11:52,163 [INFO] tulu3:8b | prompt2.jinja | iteration 3 | trial 15/20
2026-09-26 06:11:52,164 [WARNING] tulu3:8b | prompt2.jinja | iteration 3 | trial 15 failed: ResponseError: model 'tulu3:8b' not found (status code: 404) (saved failed_tulu3:8b_1790403112163312568.json)
2026-09-26 06:11:52,164 [INFO] tulu3:8b | prompt2.jinja | iteration 3 | trial 16/20
2026-09-26 06:11:52,165 [WARNING] tulu3:8b | prompt2.jinja | iteration 3 | trial 16 failed: ResponseError: model 'tulu3:8b' not found (status code: 404) (saved failed_tulu3:8b_1790403112164493913.json)
2026-09-26 06:11:52,165 [INFO] tulu3:8b | prompt2.jinja | iteration 3 | trial 17/20
2026-09-26 06:11:52,166 [WARNING] tulu3:8b | prompt2.jinja | iteration 3 | trial 17 failed: ResponseError: model 'tulu3:8b' not found (status code: 404) (saved failed_tulu3:8b_1790403112165797307.json)
2026-09-26 06:11:52,166 [INFO] tulu3:8b | prompt2.jinja | iteration 3 | trial 18/20
2026-09-26 06:11:52,167 [WARNING] tulu3:8b | prompt2.jinja | iteration 3 | trial 18 failed: ResponseError: model 'tulu3:8b' not found (status code: 404) (saved failed_tulu3:8b_1790403112166863964.json)
2026-09-26 06:11:52,168 [INFO] tulu3:8b | prompt2.jinja | iteration 3 | trial 19/20
2026-09-26 06:11:52,169 [WARNING] tulu3:8b | prompt2.jinja | iteration 3 | trial 19 failed: ResponseError: model 'tulu3:8b' not found (status code: 404) (saved failed_tulu3:8b_1790403112168030526.json)
2026-09-26 06:11:52,169 [INFO] tulu3:8b | prompt2.jinja | iteration 3 | trial 20/20
2026-09-26 06:11:52,170 [WARNING] tulu3:8b | prompt2.jinja | iteration 3 | trial 20 failed: ResponseError: model 'tulu3:8b' not found (status code: 404) (saved failed_tulu3:8b_1790403112169136192.json)
2026-09-26 06:11:52,170 [INFO] tulu3:8b | prompt3.jinja | iteration 3 | trial 1/20
2026-09-26 06:11:52,171 [WARNING] tulu3:8b | prompt3.jinja | iteration 3 | trial 1 failed: ResponseError: model 'tulu3:8b' not found (status code: 404) (saved failed_tulu3:8b_1790403112170338257.json)
2026-09-26 06:11:52,171 [INFO] tulu3:8b | prompt3.jinja | iteration 3 | trial 2/20
2026-09-26 06:11:52,172 [WARNING] tulu3:8b | prompt3.jinja | iteration 3 | trial 2 failed: ResponseError: model 'tulu3:8b' not found (status code: 404) (saved failed_tulu3:8b_1790403112171546243.json)
2026-09-26 06:11:52,172 [INFO] tulu3:8b | prompt3.jinja | iteration 3 | trial 3/20
2026-09-26 06:11:52,174 [WARNING] tulu3:8b | prompt3.jinja | iteration 3 | trial 3 failed: ResponseError: model 'tulu3:8b' not found (status code: 404) (saved failed_tulu3:8b_1790403112172974069.json)
2026-09-26 06:11:52,174 [INFO] tulu3:8b | prompt3.jinja | iteration 3 | trial 4/20
2026-09-26 06:11:52,175 [WARNING] tulu3:8b | prompt3.jinja | iteration 3 | trial 4 failed: ResponseError: model 'tulu3:8b' not found (status code: 404) (saved failed_tulu3:8b_1790403112174183126.json)
2026-09-26 06:11:52,175 [INFO] tulu3:8b | prompt3.jinja | iteration 3 | trial 5/20
2026-09-26 06:11:52,176 [WARNING] tulu3:8b | prompt3.jinja | iteration 3 | trial 5 failed: ResponseError: model 'tulu3:8b' not found (status code: 404) (saved failed_tulu3:8b_1790403112175348520.json)
2026-09-26 06:11:52,176 [INFO] tulu3:8b | prompt3.jinja | iteration 3 | trial 6/20
2026-09-26 06:11:52,177 [WARNING] tulu3:8b | prompt3.jinja | iteration 3 | trial 6 failed: ResponseError: model 'tulu3:8b' not found (status code: 404) (saved failed_tulu3:8b_1790403112176406073.json)
2026-09-26 06:11:52,177 [INFO] tulu3:8b | prompt3.jinja | iteration 3 | trial 7/20
2026-09-26 06:11:52,178 [WARNING] tulu3:8b | prompt3.jinja | iteration 3 | trial 7 failed: ResponseError: model 'tulu3:8b' not found (status code: 404) (saved failed_tulu3:8b_1790403112177575131.json)
2026-09-26 06:11:52,178 [INFO] tulu3:8b | prompt3.jinja | iteration 3 | trial 8/20
2026-09-26 06:11:52,179 [WARNING] tulu3:8b | prompt3.jinja | iteration 3 | trial 8 failed: ResponseError: model 'tulu3:8b' not found (status code: 404) (saved failed_tulu3:8b_1790403112178761837.json)
2026-09-26 06:11:52,179 [INFO] tulu3:8b | prompt3.jinja | iteration 3 | trial 9/20
2026-09-26 06:11:52,181 [WARNING] tulu3:8b | prompt3.jinja | iteration 3 | trial 9 failed: ResponseError: model 'tulu3:8b' not found (status code: 404) (saved failed_tulu3:8b_1790403112179927582.json)
2026-09-26 06:11:52,181 [INFO] tulu3:8b | prompt3.jinja | iteration 3 | trial 10/20
2026-09-26 06:11:52,182 [WARNING] tulu3:8b | prompt3.jinja | iteration 3 | trial 10 failed: ResponseError: model 'tulu3:8b' not found (status code: 404) (saved failed_tulu3:8b_1790403112181105920.json)
2026-09-26 06:11:52,182 [INFO] tulu3:8b | prompt3.jinja | iteration 3 | trial 11/20
2026-09-26 06:11:52,183 [WARNING] tulu3:8b | prompt3.jinja | iteration 3 | trial 11 failed: ResponseError: model 'tulu3:8b' not found (status code: 404) (saved failed_tulu3:8b_1790403112182269985.json)
2026-09-26 06:11:52,183 [INFO] tulu3:8b | prompt3.jinja | iteration 3 | trial 12/20
2026-09-26 06:11:52,184 [WARNING] tulu3:8b | prompt3.jinja | iteration 3 | trial 12 failed: ResponseError: model 'tulu3:8b' not found (status code: 404) (saved failed_tulu3:8b_1790403112183421747.json)
2026-09-26 06:11:52,184 [INFO] tulu3:8b | prompt3.jinja | iteration 3 | trial 13/20
2026-09-26 06:11:52,186 [WARNING] tulu3:8b | prompt3.jinja | iteration 3 | trial 13 failed: ResponseError: model 'tulu3:8b' not found (status code: 404) (saved failed_tulu3:8b_1790403112184781125.json)
2026-09-26 06:11:52,186 [INFO] tulu3:8b | prompt3.jinja | iteration 3 | trial 14/20
2026-09-26 06:11:52,187 [WARNING] tulu3:8b | prompt3.jinja | iteration 3 | trial 14 failed: ResponseError: model 'tulu3:8b' not found (status code: 404) (saved failed_tulu3:8b_1790403112186093030.json)
2026-09-26 06:11:52,187 [INFO] tulu3:8b | prompt3.jinja | iteration 3 | trial 15/20
2026-09-26 06:11:52,188 [WARNING] tulu3:8b | prompt3.jinja | iteration 3 | trial 15 failed: ResponseError: model 'tulu3:8b' not found (status code: 404) (saved failed_tulu3:8b_1790403112187258120.json)
2026-09-26 06:11:52,188 [INFO] tulu3:8b | prompt3.jinja | iteration 3 | trial 16/20
2026-09-26 06:11:52,189 [WARNING] tulu3:8b | prompt3.jinja | iteration 3 | trial 16 failed: ResponseError: model 'tulu3:8b' not found (status code: 404) (saved failed_tulu3:8b_1790403112188599418.json)
2026-09-26 06:11:52,189 [INFO] tulu3:8b | prompt3.jinja | iteration 3 | trial 17/20
2026-09-26 06:11:52,190 [WARNING] tulu3:8b | prompt3.jinja | iteration 3 | trial 17 failed: ResponseError: model 'tulu3:8b' not found (status code: 404) (saved failed_tulu3:8b_1790403112189747083.json)
2026-09-26 06:11:52,190 [INFO] tulu3:8b | prompt3.jinja | iteration 3 | trial 18/20
2026-09-26 06:11:52,192 [WARNING] tulu3:8b | prompt3.jinja | iteration 3 | trial 18 failed: ResponseError: model 'tulu3:8b' not found (status code: 404) (saved failed_tulu3:8b_1790403112190916989.json)
2026-09-26 06:11:52,192 [INFO] tulu3:8b | prompt3.jinja | iteration 3 | trial 19/20
2026-09-26 06:11:52,193 [WARNING] tulu3:8b | prompt3.jinja | iteration 3 | trial 19 failed: ResponseError: model 'tulu3:8b' not found (status code: 404) (saved failed_tulu3:8b_1790403112192183711.json)
2026-09-26 06:11:52,193 [INFO] tulu3:8b | prompt3.jinja | iteration 3 | trial 20/20
2026-09-26 06:11:52,194 [WARNING] tulu3:8b | prompt3.jinja | iteration 3 | trial 20 failed: ResponseError: model 'tulu3:8b' not found (status code: 404) (saved failed_tulu3:8b_1790403112193508528.json)
2026-09-26 06:11:52,194 [INFO] tulu3:8b | prompt4.jinja | iteration 3 | trial 1/20
2026-09-26 06:11:52,195 [WARNING] tulu3:8b | prompt4.jinja | iteration 3 | trial 1 failed: ResponseError: model 'tulu3:8b' not found (status code: 404) (saved failed_tulu3:8b_1790403112194676674.json)
2026-09-26 06:11:52,195 [INFO] tulu3:8b | prompt4.jinja | iteration 3 | trial 2/20
2026-09-26 06:11:52,197 [WARNING] tulu3:8b | prompt4.jinja | iteration 3 | trial 2 failed: ResponseError: model 'tulu3:8b' not found (status code: 404) (saved failed_tulu3:8b_1790403112195857027.json)
2026-09-26 06:11:52,197 [INFO] tulu3:8b | prompt4.jinja | iteration 3 | trial 3/20
2026-09-26 06:11:52,198 [WARNING] tulu3:8b | prompt4.jinja | iteration 3 | trial 3 failed: ResponseError: model 'tulu3:8b' not found (status code: 404) (saved failed_tulu3:8b_1790403112197163877.json)
2026-09-26 06:11:52,198 [INFO] tulu3:8b | prompt4.jinja | iteration 3 | trial 4/20
2026-09-26 06:11:52,199 [WARNING] tulu3:8b | prompt4.jinja | iteration 3 | trial 4 failed: ResponseError: model 'tulu3:8b' not found (status code: 404) (saved failed_tulu3:8b_1790403112198503847.json)
2026-09-26 06:11:52,199 [INFO] tulu3:8b | prompt4.jinja | iteration 3 | trial 5/20
2026-09-26 06:11:52,200 [WARNING] tulu3:8b | prompt4.jinja | iteration 3 | trial 5 failed: ResponseError: model 'tulu3:8b' not found (status code: 404) (saved failed_tulu3:8b_1790403112199677177.json)
2026-09-26 06:11:52,200 [INFO] tulu3:8b | prompt4.jinja | iteration 3 | trial 6/20
2026-09-26 06:11:52,202 [WARNING] tulu3:8b | prompt4.jinja | iteration 3 | trial 6 failed: ResponseError: model 'tulu3:8b' not found (status code: 404) (saved failed_tulu3:8b_1790403112200991530.json)
2026-09-26 06:11:52,202 [INFO] tulu3:8b | prompt4.jinja | iteration 3 | trial 7/20
2026-09-26 06:11:52,203 [WARNING] tulu3:8b | prompt4.jinja | iteration 3 | trial 7 failed: ResponseError: model 'tulu3:8b' not found (status code: 404) (saved failed_tulu3:8b_1790403112202314716.json)
2026-09-26 06:11:52,203 [INFO] tulu3:8b | prompt4.jinja | iteration 3 | trial 8/20
2026-09-26 06:11:52,204 [WARNING] tulu3:8b | prompt4.jinja | iteration 3 | trial 8 failed: ResponseError: model 'tulu3:8b' not found (status code: 404) (saved failed_tulu3:8b_1790403112203427134.json)
2026-09-26 06:11:52,204 [INFO] tulu3:8b | prompt4.jinja | iteration 3 | trial 9/20
2026-09-26 06:11:52,205 [WARNING] tulu3:8b | prompt4.jinja | iteration 3 | trial 9 failed: ResponseError: model 'tulu3:8b' not found (status code: 404) (saved failed_tulu3:8b_1790403112204572703.json)
2026-09-26 06:11:52,205 [INFO] tulu3:8b | prompt4.jinja | iteration 3 | trial 10/20
2026-09-26 06:11:52,206 [WARNING] tulu3:8b | prompt4.jinja | iteration 3 | trial 10 failed: ResponseError: model 'tulu3:8b' not found (status code: 404) (saved failed_tulu3:8b_1790403112205834961.json)
2026-09-26 06:11:52,206 [INFO] tulu3:8b | prompt4.jinja | iteration 3 | trial 11/20
2026-09-26 06:11:52,208 [WARNING] tulu3:8b | prompt4.jinja | iteration 3 | trial 11 failed: ResponseError: model 'tulu3:8b' not found (status code: 404) (saved failed_tulu3:8b_1790403112206984002.json)
2026-09-26 06:11:52,208 [INFO] tulu3:8b | prompt4.jinja | iteration 3 | trial 12/20
2026-09-26 06:11:52,209 [WARNING] tulu3:8b | prompt4.jinja | iteration 3 | trial 12 failed: ResponseError: model 'tulu3:8b' not found (status code: 404) (saved failed_tulu3:8b_1790403112208303716.json)
2026-09-26 06:11:52,209 [INFO] tulu3:8b | prompt4.jinja | iteration 3 | trial 13/20
2026-09-26 06:11:52,210 [WARNING] tulu3:8b | prompt4.jinja | iteration 3 | trial 13 failed: ResponseError: model 'tulu3:8b' not found (status code: 404) (saved failed_tulu3:8b_1790403112209404198.json)
2026-09-26 06:11:52,210 [INFO] tulu3:8b | prompt4.jinja | iteration 3 | trial 14/20
2026-09-26 06:11:52,211 [WARNING] tulu3:8b | prompt4.jinja | iteration 3 | trial 14 failed: ResponseError: model 'tulu3:8b' not found (status code: 404) (saved failed_tulu3:8b_1790403112210541543.json)
2026-09-26 06:11:52,211 [INFO] tulu3:8b | prompt4.jinja | iteration 3 | trial 15/20
2026-09-26 06:11:52,212 [WARNING] tulu3:8b | prompt4.jinja | iteration 3 | trial 15 failed: ResponseError: model 'tulu3:8b' not found (status code: 404) (saved failed_tulu3:8b_1790403112211860201.json)
2026-09-26 06:11:52,212 [INFO] tulu3:8b | prompt4.jinja | iteration 3 | trial 16/20
2026-09-26 06:11:52,214 [WARNING] tulu3:8b | prompt4.jinja | iteration 3 | trial 16 failed: ResponseError: model 'tulu3:8b' not found (status code: 404) (saved failed_tulu3:8b_1790403112212958266.json)
2026-09-26 06:11:52,214 [INFO] tulu3:8b | prompt4.jinja | iteration 3 | trial 17/20
2026-09-26 06:11:52,215 [WARNING] tulu3:8b | prompt4.jinja | iteration 3 | trial 17 failed: ResponseError: model 'tulu3:8b' not found (status code: 404) (saved failed_tulu3:8b_1790403112214171276.json)
2026-09-26 06:11:52,215 [INFO] tulu3:8b | prompt4.jinja | iteration 3 | trial 18/20
2026-09-26 06:11:52,216 [WARNING] tulu3:8b | prompt4.jinja | iteration 3 | trial 18 failed: ResponseError: model 'tulu3:8b' not found (status code: 404) (saved failed_tulu3:8b_1790403112215499582.json)
2026-09-26 06:11:52,216 [INFO] tulu3:8b | prompt4.jinja | iteration 3 | trial 19/20
2026-09-26 06:11:52,217 [WARNING] tulu3:8b | prompt4.jinja | iteration 3 | trial 19 failed: ResponseError: model 'tulu3:8b' not found (status code: 404) (saved failed_tulu3:8b_1790403112216617999.json)
2026-09-26 06:11:52,217 [INFO] tulu3:8b | prompt4.jinja | iteration 3 | trial 20/20
2026-09-26 06:11:52,219 [WARNING] tulu3:8b | prompt4.jinja | iteration 3 | trial 20 failed: ResponseError: model 'tulu3:8b' not found (status code: 404) (saved failed_tulu3:8b_1790403112217758289.json)
2026-09-26 06:11:52,219 [INFO] tulu3:8b | prompt5.jinja | iteration 3 | trial 1/20
2026-09-26 06:11:52,220 [WARNING] tulu3:8b | prompt5.jinja | iteration 3 | trial 1 failed: ResponseError: model 'tulu3:8b' not found (status code: 404) (saved failed_tulu3:8b_1790403112219087971.json)
2026-09-26 06:11:52,220 [INFO] tulu3:8b | prompt5.jinja | iteration 3 | trial 2/20
2026-09-26 06:11:52,221 [WARNING] tulu3:8b | prompt5.jinja | iteration 3 | trial 2 failed: ResponseError: model 'tulu3:8b' not found (status code: 404) (saved failed_tulu3:8b_1790403112220253940.json)
2026-09-26 06:11:52,221 [INFO] tulu3:8b | prompt5.jinja | iteration 3 | trial 3/20
2026-09-26 06:11:52,223 [WARNING] tulu3:8b | prompt5.jinja | iteration 3 | trial 3 failed: ResponseError: model 'tulu3:8b' not found (status code: 404) (saved failed_tulu3:8b_1790403112221377686.json)
2026-09-26 06:11:52,223 [INFO] tulu3:8b | prompt5.jinja | iteration 3 | trial 4/20
2026-09-26 06:11:52,224 [WARNING] tulu3:8b | prompt5.jinja | iteration 3 | trial 4 failed: ResponseError: model 'tulu3:8b' not found (status code: 404) (saved failed_tulu3:8b_1790403112223110296.json)
2026-09-26 06:11:52,224 [INFO] tulu3:8b | prompt5.jinja | iteration 3 | trial 5/20
2026-09-26 06:11:52,225 [WARNING] tulu3:8b | prompt5.jinja | iteration 3 | trial 5 failed: ResponseError: model 'tulu3:8b' not found (status code: 404) (saved failed_tulu3:8b_1790403112224278538.json)
2026-09-26 06:11:52,225 [INFO] tulu3:8b | prompt5.jinja | iteration 3 | trial 6/20
2026-09-26 06:11:52,226 [WARNING] tulu3:8b | prompt5.jinja | iteration 3 | trial 6 failed: ResponseError: model 'tulu3:8b' not found (status code: 404) (saved failed_tulu3:8b_1790403112225435995.json)
2026-09-26 06:11:52,226 [INFO] tulu3:8b | prompt5.jinja | iteration 3 | trial 7/20
2026-09-26 06:11:52,227 [WARNING] tulu3:8b | prompt5.jinja | iteration 3 | trial 7 failed: ResponseError: model 'tulu3:8b' not found (status code: 404) (saved failed_tulu3:8b_1790403112226778413.json)
2026-09-26 06:11:52,227 [INFO] tulu3:8b | prompt5.jinja | iteration 3 | trial 8/20
2026-09-26 06:11:52,229 [WARNING] tulu3:8b | prompt5.jinja | iteration 3 | trial 8 failed: ResponseError: model 'tulu3:8b' not found (status code: 404) (saved failed_tulu3:8b_1790403112227895759.json)
2026-09-26 06:11:52,229 [INFO] tulu3:8b | prompt5.jinja | iteration 3 | trial 9/20
2026-09-26 06:11:52,230 [WARNING] tulu3:8b | prompt5.jinja | iteration 3 | trial 9 failed: ResponseError: model 'tulu3:8b' not found (status code: 404) (saved failed_tulu3:8b_1790403112229205760.json)
2026-09-26 06:11:52,230 [INFO] tulu3:8b | prompt5.jinja | iteration 3 | trial 10/20
2026-09-26 06:11:52,231 [WARNING] tulu3:8b | prompt5.jinja | iteration 3 | trial 10 failed: ResponseError: model 'tulu3:8b' not found (status code: 404) (saved failed_tulu3:8b_1790403112230526770.json)
2026-09-26 06:11:52,231 [INFO] tulu3:8b | prompt5.jinja | iteration 3 | trial 11/20
2026-09-26 06:11:52,232 [WARNING] tulu3:8b | prompt5.jinja | iteration 3 | trial 11 failed: ResponseError: model 'tulu3:8b' not found (status code: 404) (saved failed_tulu3:8b_1790403112231667044.json)
2026-09-26 06:11:52,232 [INFO] tulu3:8b | prompt5.jinja | iteration 3 | trial 12/20
2026-09-26 06:11:52,234 [WARNING] tulu3:8b | prompt5.jinja | iteration 3 | trial 12 failed: ResponseError: model 'tulu3:8b' not found (status code: 404) (saved failed_tulu3:8b_1790403112232812405.json)
2026-09-26 06:11:52,234 [INFO] tulu3:8b | prompt5.jinja | iteration 3 | trial 13/20
2026-09-26 06:11:52,235 [WARNING] tulu3:8b | prompt5.jinja | iteration 3 | trial 13 failed: ResponseError: model 'tulu3:8b' not found (status code: 404) (saved failed_tulu3:8b_1790403112234110695.json)
2026-09-26 06:11:52,235 [INFO] tulu3:8b | prompt5.jinja | iteration 3 | trial 14/20
2026-09-26 06:11:52,236 [WARNING] tulu3:8b | prompt5.jinja | iteration 3 | trial 14 failed: ResponseError: model 'tulu3:8b' not found (status code: 404) (saved failed_tulu3:8b_1790403112235218600.json)
2026-09-26 06:11:52,236 [INFO] tulu3:8b | prompt5.jinja | iteration 3 | trial 15/20
2026-09-26 06:11:52,237 [WARNING] tulu3:8b | prompt5.jinja | iteration 3 | trial 15 failed: ResponseError: model 'tulu3:8b' not found (status code: 404) (saved failed_tulu3:8b_1790403112236330202.json)
2026-09-26 06:11:52,237 [INFO] tulu3:8b | prompt5.jinja | iteration 3 | trial 16/20
2026-09-26 06:11:52,238 [WARNING] tulu3:8b | prompt5.jinja | iteration 3 | trial 16 failed: ResponseError: model 'tulu3:8b' not found (status code: 404) (saved failed_tulu3:8b_1790403112237593468.json)
2026-09-26 06:11:52,238 [INFO] tulu3:8b | prompt5.jinja | iteration 3 | trial 17/20
2026-09-26 06:11:52,239 [WARNING] tulu3:8b | prompt5.jinja | iteration 3 | trial 17 failed: ResponseError: model 'tulu3:8b' not found (status code: 404) (saved failed_tulu3:8b_1790403112238731453.json)
2026-09-26 06:11:52,239 [INFO] tulu3:8b | prompt5.jinja | iteration 3 | trial 18/20
2026-09-26 06:11:52,241 [WARNING] tulu3:8b | prompt5.jinja | iteration 3 | trial 18 failed: ResponseError: model 'tulu3:8b' not found (status code: 404) (saved failed_tulu3:8b_1790403112239854447.json)
2026-09-26 06:11:52,241 [INFO] tulu3:8b | prompt5.jinja | iteration 3 | trial 19/20
2026-09-26 06:11:52,242 [WARNING] tulu3:8b | prompt5.jinja | iteration 3 | trial 19 failed: ResponseError: model 'tulu3:8b' not found (status code: 404) (saved failed_tulu3:8b_1790403112241058384.json)
2026-09-26 06:11:52,242 [INFO] tulu3:8b | prompt5.jinja | iteration 3 | trial 20/20
2026-09-26 06:11:52,243 [WARNING] tulu3:8b | prompt5.jinja | iteration 3 | trial 20 failed: ResponseError: model 'tulu3:8b' not found (status code: 404) (saved failed_tulu3:8b_1790403112242337234.json)
2026-09-26 06:11:52,243 [INFO] tulu3:8b | prompt6.jinja | iteration 3 | trial 1/20
2026-09-26 06:11:52,244 [WARNING] tulu3:8b | prompt6.jinja | iteration 3 | trial 1 failed: ResponseError: model 'tulu3:8b' not found (status code: 404) (saved failed_tulu3:8b_1790403112243492708.json)
2026-09-26 06:11:52,244 [INFO] tulu3:8b | prompt6.jinja | iteration 3 | trial 2/20
2026-09-26 06:11:52,245 [WARNING] tulu3:8b | prompt6.jinja | iteration 3 | trial 2 failed: ResponseError: model 'tulu3:8b' not found (status code: 404) (saved failed_tulu3:8b_1790403112244839845.json)
2026-09-26 06:11:52,245 [INFO] tulu3:8b | prompt6.jinja | iteration 3 | trial 3/20
2026-09-26 06:11:52,247 [WARNING] tulu3:8b | prompt6.jinja | iteration 3 | trial 3 failed: ResponseError: model 'tulu3:8b' not found (status code: 404) (saved failed_tulu3:8b_1790403112245957639.json)
2026-09-26 06:11:52,247 [INFO] tulu3:8b | prompt6.jinja | iteration 3 | trial 4/20
2026-09-26 06:11:52,248 [WARNING] tulu3:8b | prompt6.jinja | iteration 3 | trial 4 failed: ResponseError: model 'tulu3:8b' not found (status code: 404) (saved failed_tulu3:8b_1790403112247231241.json)
2026-09-26 06:11:52,248 [INFO] tulu3:8b | prompt6.jinja | iteration 3 | trial 5/20
2026-09-26 06:11:52,249 [WARNING] tulu3:8b | prompt6.jinja | iteration 3 | trial 5 failed: ResponseError: model 'tulu3:8b' not found (status code: 404) (saved failed_tulu3:8b_1790403112248530090.json)
2026-09-26 06:11:52,249 [INFO] tulu3:8b | prompt6.jinja | iteration 3 | trial 6/20
2026-09-26 06:11:52,250 [WARNING] tulu3:8b | prompt6.jinja | iteration 3 | trial 6 failed: ResponseError: model 'tulu3:8b' not found (status code: 404) (saved failed_tulu3:8b_1790403112249670220.json)
2026-09-26 06:11:52,250 [INFO] tulu3:8b | prompt6.jinja | iteration 3 | trial 7/20
2026-09-26 06:11:52,252 [WARNING] tulu3:8b | prompt6.jinja | iteration 3 | trial 7 failed: ResponseError: model 'tulu3:8b' not found (status code: 404) (saved failed_tulu3:8b_1790403112250795997.json)
2026-09-26 06:11:52,252 [INFO] tulu3:8b | prompt6.jinja | iteration 3 | trial 8/20
2026-09-26 06:11:52,253 [WARNING] tulu3:8b | prompt6.jinja | iteration 3 | trial 8 failed: ResponseError: model 'tulu3:8b' not found (status code: 404) (saved failed_tulu3:8b_1790403112252075951.json)
2026-09-26 06:11:52,253 [INFO] tulu3:8b | prompt6.jinja | iteration 3 | trial 9/20
2026-09-26 06:11:52,254 [WARNING] tulu3:8b | prompt6.jinja | iteration 3 | trial 9 failed: ResponseError: model 'tulu3:8b' not found (status code: 404) (saved failed_tulu3:8b_1790403112253193633.json)
2026-09-26 06:11:52,254 [INFO] tulu3:8b | prompt6.jinja | iteration 3 | trial 10/20
2026-09-26 06:11:52,255 [WARNING] tulu3:8b | prompt6.jinja | iteration 3 | trial 10 failed: ResponseError: model 'tulu3:8b' not found (status code: 404) (saved failed_tulu3:8b_1790403112254322802.json)
2026-09-26 06:11:52,255 [INFO] tulu3:8b | prompt6.jinja | iteration 3 | trial 11/20
2026-09-26 06:11:52,256 [WARNING] tulu3:8b | prompt6.jinja | iteration 3 | trial 11 failed: ResponseError: model 'tulu3:8b' not found (status code: 404) (saved failed_tulu3:8b_1790403112255553748.json)
2026-09-26 06:11:52,256 [INFO] tulu3:8b | prompt6.jinja | iteration 3 | trial 12/20
2026-09-26 06:11:52,257 [WARNING] tulu3:8b | prompt6.jinja | iteration 3 | trial 12 failed: ResponseError: model 'tulu3:8b' not found (status code: 404) (saved failed_tulu3:8b_1790403112256855222.json)
2026-09-26 06:11:52,257 [INFO] tulu3:8b | prompt6.jinja | iteration 3 | trial 13/20
2026-09-26 06:11:52,259 [WARNING] tulu3:8b | prompt6.jinja | iteration 3 | trial 13 failed: ResponseError: model 'tulu3:8b' not found (status code: 404) (saved failed_tulu3:8b_1790403112257998295.json)
2026-09-26 06:11:52,259 [INFO] tulu3:8b | prompt6.jinja | iteration 3 | trial 14/20
2026-09-26 06:11:52,260 [WARNING] tulu3:8b | prompt6.jinja | iteration 3 | trial 14 failed: ResponseError: model 'tulu3:8b' not found (status code: 404) (saved failed_tulu3:8b_1790403112259298201.json)
2026-09-26 06:11:52,260 [INFO] tulu3:8b | prompt6.jinja | iteration 3 | trial 15/20
2026-09-26 06:11:52,261 [WARNING] tulu3:8b | prompt6.jinja | iteration 3 | trial 15 failed: ResponseError: model 'tulu3:8b' not found (status code: 404) (saved failed_tulu3:8b_1790403112260407354.json)
2026-09-26 06:11:52,261 [INFO] tulu3:8b | prompt6.jinja | iteration 3 | trial 16/20
2026-09-26 06:11:52,262 [WARNING] tulu3:8b | prompt6.jinja | iteration 3 | trial 16 failed: ResponseError: model 'tulu3:8b' not found (status code: 404) (saved failed_tulu3:8b_1790403112261549292.json)
2026-09-26 06:11:52,262 [INFO] tulu3:8b | prompt6.jinja | iteration 3 | trial 17/20
2026-09-26 06:11:52,263 [WARNING] tulu3:8b | prompt6.jinja | iteration 3 | trial 17 failed: ResponseError: model 'tulu3:8b' not found (status code: 404) (saved failed_tulu3:8b_1790403112262842158.json)
2026-09-26 06:11:52,263 [INFO] tulu3:8b | prompt6.jinja | iteration 3 | trial 18/20
2026-09-26 06:11:52,265 [WARNING] tulu3:8b | prompt6.jinja | iteration 3 | trial 18 failed: ResponseError: model 'tulu3:8b' not found (status code: 404) (saved failed_tulu3:8b_1790403112263958671.json)
2026-09-26 06:11:52,265 [INFO] tulu3:8b | prompt6.jinja | iteration 3 | trial 19/20
2026-09-26 06:11:52,266 [WARNING] tulu3:8b | prompt6.jinja | iteration 3 | trial 19 failed: ResponseError: model 'tulu3:8b' not found (status code: 404) (saved failed_tulu3:8b_1790403112265247169.json)
2026-09-26 06:11:52,266 [INFO] tulu3:8b | prompt6.jinja | iteration 3 | trial 20/20
2026-09-26 06:11:52,267 [WARNING] tulu3:8b | prompt6.jinja | iteration 3 | trial 20 failed: ResponseError: model 'tulu3:8b' not found (status code: 404) (saved failed_tulu3:8b_1790403112266363218.json)
2026-09-26 06:11:52,267 [INFO] tulu3:8b | prompt7.jinja | iteration 3 | trial 1/20
2026-09-26 06:11:52,268 [WARNING] tulu3:8b | prompt7.jinja | iteration 3 | trial 1 failed: ResponseError: model 'tulu3:8b' not found (status code: 404) (saved failed_tulu3:8b_1790403112267520836.json)
2026-09-26 06:11:52,268 [INFO] tulu3:8b | prompt7.jinja | iteration 3 | trial 2/20
2026-09-26 06:11:52,269 [WARNING] tulu3:8b | prompt7.jinja | iteration 3 | trial 2 failed: ResponseError: model 'tulu3:8b' not found (status code: 404) (saved failed_tulu3:8b_1790403112268862646.json)
2026-09-26 06:11:52,269 [INFO] tulu3:8b | prompt7.jinja | iteration 3 | trial 3/20
2026-09-26 06:11:52,271 [WARNING] tulu3:8b | prompt7.jinja | iteration 3 | trial 3 failed: ResponseError: model 'tulu3:8b' not found (status code: 404) (saved failed_tulu3:8b_1790403112269977639.json)
2026-09-26 06:11:52,271 [INFO] tulu3:8b | prompt7.jinja | iteration 3 | trial 4/20
2026-09-26 06:11:52,272 [WARNING] tulu3:8b | prompt7.jinja | iteration 3 | trial 4 failed: ResponseError: model 'tulu3:8b' not found (status code: 404) (saved failed_tulu3:8b_1790403112271292441.json)
2026-09-26 06:11:52,272 [INFO] tulu3:8b | prompt7.jinja | iteration 3 | trial 5/20
2026-09-26 06:11:52,273 [WARNING] tulu3:8b | prompt7.jinja | iteration 3 | trial 5 failed: ResponseError: model 'tulu3:8b' not found (status code: 404) (saved failed_tulu3:8b_1790403112272610843.json)
2026-09-26 06:11:52,273 [INFO] tulu3:8b | prompt7.jinja | iteration 3 | trial 6/20
2026-09-26 06:11:52,274 [WARNING] tulu3:8b | prompt7.jinja | iteration 3 | trial 6 failed: ResponseError: model 'tulu3:8b' not found (status code: 404) (saved failed_tulu3:8b_1790403112273745004.json)
2026-09-26 06:11:52,274 [INFO] tulu3:8b | prompt7.jinja | iteration 3 | trial 7/20
2026-09-26 06:11:52,276 [WARNING] tulu3:8b | prompt7.jinja | iteration 3 | trial 7 failed: ResponseError: model 'tulu3:8b' not found (status code: 404) (saved failed_tulu3:8b_1790403112274854958.json)
2026-09-26 06:11:52,276 [INFO] tulu3:8b | prompt7.jinja | iteration 3 | trial 8/20
2026-09-26 06:11:52,277 [WARNING] tulu3:8b | prompt7.jinja | iteration 3 | trial 8 failed: ResponseError: model 'tulu3:8b' not found (status code: 404) (saved failed_tulu3:8b_1790403112276071055.json)
2026-09-26 06:11:52,277 [INFO] tulu3:8b | prompt7.jinja | iteration 3 | trial 9/20
2026-09-26 06:11:52,278 [WARNING] tulu3:8b | prompt7.jinja | iteration 3 | trial 9 failed: ResponseError: model 'tulu3:8b' not found (status code: 404) (saved failed_tulu3:8b_1790403112277176401.json)
2026-09-26 06:11:52,278 [INFO] tulu3:8b | prompt7.jinja | iteration 3 | trial 10/20
2026-09-26 06:11:52,279 [WARNING] tulu3:8b | prompt7.jinja | iteration 3 | trial 10 failed: ResponseError: model 'tulu3:8b' not found (status code: 404) (saved failed_tulu3:8b_1790403112278285842.json)
2026-09-26 06:11:52,279 [INFO] tulu3:8b | prompt7.jinja | iteration 3 | trial 11/20
2026-09-26 06:11:52,280 [WARNING] tulu3:8b | prompt7.jinja | iteration 3 | trial 11 failed: ResponseError: model 'tulu3:8b' not found (status code: 404) (saved failed_tulu3:8b_1790403112279551716.json)
2026-09-26 06:11:52,280 [INFO] tulu3:8b | prompt7.jinja | iteration 3 | trial 12/20
2026-09-26 06:11:52,281 [WARNING] tulu3:8b | prompt7.jinja | iteration 3 | trial 12 failed: ResponseError: model 'tulu3:8b' not found (status code: 404) (saved failed_tulu3:8b_1790403112280666597.json)
2026-09-26 06:11:52,281 [INFO] tulu3:8b | prompt7.jinja | iteration 3 | trial 13/20
2026-09-26 06:11:52,283 [WARNING] tulu3:8b | prompt7.jinja | iteration 3 | trial 13 failed: ResponseError: model 'tulu3:8b' not found (status code: 404) (saved failed_tulu3:8b_1790403112281773543.json)
2026-09-26 06:11:52,283 [INFO] tulu3:8b | prompt7.jinja | iteration 3 | trial 14/20
2026-09-26 06:11:52,284 [WARNING] tulu3:8b | prompt7.jinja | iteration 3 | trial 14 failed: ResponseError: model 'tulu3:8b' not found (status code: 404) (saved failed_tulu3:8b_1790403112283167641.json)
2026-09-26 06:11:52,284 [INFO] tulu3:8b | prompt7.jinja | iteration 3 | trial 15/20
2026-09-26 06:11:52,285 [WARNING] tulu3:8b | prompt7.jinja | iteration 3 | trial 15 failed: ResponseError: model 'tulu3:8b' not found (status code: 404) (saved failed_tulu3:8b_1790403112284444811.json)
2026-09-26 06:11:52,285 [INFO] tulu3:8b | prompt7.jinja | iteration 3 | trial 16/20
2026-09-26 06:11:52,287 [WARNING] tulu3:8b | prompt7.jinja | iteration 3 | trial 16 failed: ResponseError: model 'tulu3:8b' not found (status code: 404) (saved failed_tulu3:8b_1790403112285928925.json)
2026-09-26 06:11:52,287 [INFO] tulu3:8b | prompt7.jinja | iteration 3 | trial 17/20
2026-09-26 06:11:52,288 [WARNING] tulu3:8b | prompt7.jinja | iteration 3 | trial 17 failed: ResponseError: model 'tulu3:8b' not found (status code: 404) (saved failed_tulu3:8b_1790403112287127150.json)
2026-09-26 06:11:52,288 [INFO] tulu3:8b | prompt7.jinja | iteration 3 | trial 18/20
2026-09-26 06:11:52,289 [WARNING] tulu3:8b | prompt7.jinja | iteration 3 | trial 18 failed: ResponseError: model 'tulu3:8b' not found (status code: 404) (saved failed_tulu3:8b_1790403112288418640.json)
2026-09-26 06:11:52,289 [INFO] tulu3:8b | prompt7.jinja | iteration 3 | trial 19/20
2026-09-26 06:11:52,290 [WARNING] tulu3:8b | prompt7.jinja | iteration 3 | trial 19 failed: ResponseError: model 'tulu3:8b' not found (status code: 404) (saved failed_tulu3:8b_1790403112289544289.json)
2026-09-26 06:11:52,290 [INFO] tulu3:8b | prompt7.jinja | iteration 3 | trial 20/20
2026-09-26 06:11:52,291 [WARNING] tulu3:8b | prompt7.jinja | iteration 3 | trial 20 failed: ResponseError: model 'tulu3:8b' not found (status code: 404) (saved failed_tulu3:8b_1790403112290703235.json)
2026-09-26 06:11:52,292 [INFO] tulu3:8b | prompt8.jinja | iteration 3 | trial 1/20
2026-09-26 06:11:52,293 [WARNING] tulu3:8b | prompt8.jinja | iteration 3 | trial 1 failed: ResponseError: model 'tulu3:8b' not found (status code: 404) (saved failed_tulu3:8b_1790403112292022757.json)
2026-09-26 06:11:52,293 [INFO] tulu3:8b | prompt8.jinja | iteration 3 | trial 2/20
2026-09-26 06:11:52,294 [WARNING] tulu3:8b | prompt8.jinja | iteration 3 | trial 2 failed: ResponseError: model 'tulu3:8b' not found (status code: 404) (saved failed_tulu3:8b_1790403112293174246.json)
2026-09-26 06:11:52,294 [INFO] tulu3:8b | prompt8.jinja | iteration 3 | trial 3/20
2026-09-26 06:11:52,295 [WARNING] tulu3:8b | prompt8.jinja | iteration 3 | trial 3 failed: ResponseError: model 'tulu3:8b' not found (status code: 404) (saved failed_tulu3:8b_1790403112294291944.json)
2026-09-26 06:11:52,295 [INFO] tulu3:8b | prompt8.jinja | iteration 3 | trial 4/20
2026-09-26 06:11:52,296 [WARNING] tulu3:8b | prompt8.jinja | iteration 3 | trial 4 failed: ResponseError: model 'tulu3:8b' not found (status code: 404) (saved failed_tulu3:8b_1790403112295529226.json)
2026-09-26 06:11:52,296 [INFO] tulu3:8b | prompt8.jinja | iteration 3 | trial 5/20
2026-09-26 06:11:52,297 [WARNING] tulu3:8b | prompt8.jinja | iteration 3 | trial 5 failed: ResponseError: model 'tulu3:8b' not found (status code: 404) (saved failed_tulu3:8b_1790403112296683483.json)
2026-09-26 06:11:52,297 [INFO] tulu3:8b | prompt8.jinja | iteration 3 | trial 6/20
2026-09-26 06:11:52,299 [WARNING] tulu3:8b | prompt8.jinja | iteration 3 | trial 6 failed: ResponseError: model 'tulu3:8b' not found (status code: 404) (saved failed_tulu3:8b_1790403112297794109.json)
2026-09-26 06:11:52,299 [INFO] tulu3:8b | prompt8.jinja | iteration 3 | trial 7/20
2026-09-26 06:11:52,300 [WARNING] tulu3:8b | prompt8.jinja | iteration 3 | trial 7 failed: ResponseError: model 'tulu3:8b' not found (status code: 404) (saved failed_tulu3:8b_1790403112299268255.json)
2026-09-26 06:11:52,300 [INFO] tulu3:8b | prompt8.jinja | iteration 3 | trial 8/20
2026-09-26 06:11:52,301 [WARNING] tulu3:8b | prompt8.jinja | iteration 3 | trial 8 failed: ResponseError: model 'tulu3:8b' not found (status code: 404) (saved failed_tulu3:8b_1790403112300399328.json)
2026-09-26 06:11:52,301 [INFO] tulu3:8b | prompt8.jinja | iteration 3 | trial 9/20
2026-09-26 06:11:52,302 [WARNING] tulu3:8b | prompt8.jinja | iteration 3 | trial 9 failed: ResponseError: model 'tulu3:8b' not found (status code: 404) (saved failed_tulu3:8b_1790403112301526914.json)
2026-09-26 06:11:52,302 [INFO] tulu3:8b | prompt8.jinja | iteration 3 | trial 10/20
2026-09-26 06:11:52,303 [WARNING] tulu3:8b | prompt8.jinja | iteration 3 | trial 10 failed: ResponseError: model 'tulu3:8b' not found (status code: 404) (saved failed_tulu3:8b_1790403112302824099.json)
2026-09-26 06:11:52,303 [INFO] tulu3:8b | prompt8.jinja | iteration 3 | trial 11/20
2026-09-26 06:11:52,304 [WARNING] tulu3:8b | prompt8.jinja | iteration 3 | trial 11 failed: ResponseError: model 'tulu3:8b' not found (status code: 404) (saved failed_tulu3:8b_1790403112303943653.json)
2026-09-26 06:11:52,304 [INFO] tulu3:8b | prompt8.jinja | iteration 3 | trial 12/20
2026-09-26 06:11:52,306 [WARNING] tulu3:8b | prompt8.jinja | iteration 3 | trial 12 failed: ResponseError: model 'tulu3:8b' not found (status code: 404) (saved failed_tulu3:8b_1790403112304989526.json)
2026-09-26 06:11:52,306 [INFO] tulu3:8b | prompt8.jinja | iteration 3 | trial 13/20
2026-09-26 06:11:52,307 [WARNING] tulu3:8b | prompt8.jinja | iteration 3 | trial 13 failed: ResponseError: model 'tulu3:8b' not found (status code: 404) (saved failed_tulu3:8b_1790403112306411576.json)
2026-09-26 06:11:52,307 [INFO] tulu3:8b | prompt8.jinja | iteration 3 | trial 14/20
2026-09-26 06:11:52,308 [WARNING] tulu3:8b | prompt8.jinja | iteration 3 | trial 14 failed: ResponseError: model 'tulu3:8b' not found (status code: 404) (saved failed_tulu3:8b_1790403112307531802.json)
2026-09-26 06:11:52,308 [INFO] tulu3:8b | prompt8.jinja | iteration 3 | trial 15/20
2026-09-26 06:11:52,309 [WARNING] tulu3:8b | prompt8.jinja | iteration 3 | trial 15 failed: ResponseError: model 'tulu3:8b' not found (status code: 404) (saved failed_tulu3:8b_1790403112308640859.json)
2026-09-26 06:11:52,309 [INFO] tulu3:8b | prompt8.jinja | iteration 3 | trial 16/20
2026-09-26 06:11:52,310 [WARNING] tulu3:8b | prompt8.jinja | iteration 3 | trial 16 failed: ResponseError: model 'tulu3:8b' not found (status code: 404) (saved failed_tulu3:8b_1790403112309926493.json)
2026-09-26 06:11:52,311 [INFO] tulu3:8b | prompt8.jinja | iteration 3 | trial 17/20
2026-09-26 06:11:52,312 [WARNING] tulu3:8b | prompt8.jinja | iteration 3 | trial 17 failed: ResponseError: model 'tulu3:8b' not found (status code: 404) (saved failed_tulu3:8b_1790403112311045438.json)
2026-09-26 06:11:52,312 [INFO] tulu3:8b | prompt8.jinja | iteration 3 | trial 18/20
2026-09-26 06:11:52,313 [WARNING] tulu3:8b | prompt8.jinja | iteration 3 | trial 18 failed: ResponseError: model 'tulu3:8b' not found (status code: 404) (saved failed_tulu3:8b_1790403112312357424.json)
2026-09-26 06:11:52,313 [INFO] tulu3:8b | prompt8.jinja | iteration 3 | trial 19/20
2026-09-26 06:11:52,314 [WARNING] tulu3:8b | prompt8.jinja | iteration 3 | trial 19 failed: ResponseError: model 'tulu3:8b' not found (status code: 404) (saved failed_tulu3:8b_1790403112313682210.json)
2026-09-26 06:11:52,314 [INFO] tulu3:8b | prompt8.jinja | iteration 3 | trial 20/20
2026-09-26 06:11:52,316 [WARNING] tulu3:8b | prompt8.jinja | iteration 3 | trial 20 failed: ResponseError: model 'tulu3:8b' not found (status code: 404) (saved failed_tulu3:8b_1790403112314818179.json)
2026-09-26 06:11:52,316 [INFO] tulu3:8b | prompt9.jinja | iteration 3 | trial 1/20
2026-09-26 06:11:52,317 [WARNING] tulu3:8b | prompt9.jinja | iteration 3 | trial 1 failed: ResponseError: model 'tulu3:8b' not found (status code: 404) (saved failed_tulu3:8b_1790403112316089733.json)
2026-09-26 06:11:52,317 [INFO] tulu3:8b | prompt9.jinja | iteration 3 | trial 2/20
2026-09-26 06:11:52,318 [WARNING] tulu3:8b | prompt9.jinja | iteration 3 | trial 2 failed: ResponseError: model 'tulu3:8b' not found (status code: 404) (saved failed_tulu3:8b_1790403112317254551.json)
2026-09-26 06:11:52,318 [INFO] tulu3:8b | prompt9.jinja | iteration 3 | trial 3/20
2026-09-26 06:11:52,319 [WARNING] tulu3:8b | prompt9.jinja | iteration 3 | trial 3 failed: ResponseError: model 'tulu3:8b' not found (status code: 404) (saved failed_tulu3:8b_1790403112318552360.json)
2026-09-26 06:11:52,319 [INFO] tulu3:8b | prompt9.jinja | iteration 3 | trial 4/20
2026-09-26 06:11:52,320 [WARNING] tulu3:8b | prompt9.jinja | iteration 3 | trial 4 failed: ResponseError: model 'tulu3:8b' not found (status code: 404) (saved failed_tulu3:8b_1790403112319684282.json)
2026-09-26 06:11:52,320 [INFO] tulu3:8b | prompt9.jinja | iteration 3 | trial 5/20
2026-09-26 06:11:52,321 [WARNING] tulu3:8b | prompt9.jinja | iteration 3 | trial 5 failed: ResponseError: model 'tulu3:8b' not found (status code: 404) (saved failed_tulu3:8b_1790403112320811532.json)
2026-09-26 06:11:52,322 [INFO] tulu3:8b | prompt9.jinja | iteration 3 | trial 6/20
2026-09-26 06:11:52,323 [WARNING] tulu3:8b | prompt9.jinja | iteration 3 | trial 6 failed: ResponseError: model 'tulu3:8b' not found (status code: 404) (saved failed_tulu3:8b_1790403112322026797.json)
2026-09-26 06:11:52,323 [INFO] tulu3:8b | prompt9.jinja | iteration 3 | trial 7/20
2026-09-26 06:11:52,324 [WARNING] tulu3:8b | prompt9.jinja | iteration 3 | trial 7 failed: ResponseError: model 'tulu3:8b' not found (status code: 404) (saved failed_tulu3:8b_1790403112323136543.json)
2026-09-26 06:11:52,324 [INFO] tulu3:8b | prompt9.jinja | iteration 3 | trial 8/20
2026-09-26 06:11:52,325 [WARNING] tulu3:8b | prompt9.jinja | iteration 3 | trial 8 failed: ResponseError: model 'tulu3:8b' not found (status code: 404) (saved failed_tulu3:8b_1790403112324281168.json)
2026-09-26 06:11:52,325 [INFO] tulu3:8b | prompt9.jinja | iteration 3 | trial 9/20
2026-09-26 06:11:52,326 [WARNING] tulu3:8b | prompt9.jinja | iteration 3 | trial 9 failed: ResponseError: model 'tulu3:8b' not found (status code: 404) (saved failed_tulu3:8b_1790403112325567026.json)
2026-09-26 06:11:52,326 [INFO] tulu3:8b | prompt9.jinja | iteration 3 | trial 10/20
2026-09-26 06:11:52,328 [WARNING] tulu3:8b | prompt9.jinja | iteration 3 | trial 10 failed: ResponseError: model 'tulu3:8b' not found (status code: 404) (saved failed_tulu3:8b_1790403112326889684.json)
2026-09-26 06:11:52,328 [INFO] tulu3:8b | prompt9.jinja | iteration 3 | trial 11/20
2026-09-26 06:11:52,329 [WARNING] tulu3:8b | prompt9.jinja | iteration 3 | trial 11 failed: ResponseError: model 'tulu3:8b' not found (status code: 404) (saved failed_tulu3:8b_1790403112328242886.json)
2026-09-26 06:11:52,329 [INFO] tulu3:8b | prompt9.jinja | iteration 3 | trial 12/20
2026-09-26 06:11:52,330 [WARNING] tulu3:8b | prompt9.jinja | iteration 3 | trial 12 failed: ResponseError: model 'tulu3:8b' not found (status code: 404) (saved failed_tulu3:8b_1790403112329444967.json)
2026-09-26 06:11:52,330 [INFO] tulu3:8b | prompt9.jinja | iteration 3 | trial 13/20
2026-09-26 06:11:52,331 [WARNING] tulu3:8b | prompt9.jinja | iteration 3 | trial 13 failed: ResponseError: model 'tulu3:8b' not found (status code: 404) (saved failed_tulu3:8b_1790403112330597545.json)
2026-09-26 06:11:52,331 [INFO] tulu3:8b | prompt9.jinja | iteration 3 | trial 14/20
2026-09-26 06:11:52,333 [WARNING] tulu3:8b | prompt9.jinja | iteration 3 | trial 14 failed: ResponseError: model 'tulu3:8b' not found (status code: 404) (saved failed_tulu3:8b_1790403112331845498.json)
2026-09-26 06:11:52,333 [INFO] tulu3:8b | prompt9.jinja | iteration 3 | trial 15/20
2026-09-26 06:11:52,334 [WARNING] tulu3:8b | prompt9.jinja | iteration 3 | trial 15 failed: ResponseError: model 'tulu3:8b' not found (status code: 404) (saved failed_tulu3:8b_1790403112333127996.json)
2026-09-26 06:11:52,334 [INFO] tulu3:8b | prompt9.jinja | iteration 3 | trial 16/20
2026-09-26 06:11:52,335 [WARNING] tulu3:8b | prompt9.jinja | iteration 3 | trial 16 failed: ResponseError: model 'tulu3:8b' not found (status code: 404) (saved failed_tulu3:8b_1790403112334226798.json)
2026-09-26 06:11:52,335 [INFO] tulu3:8b | prompt9.jinja | iteration 3 | trial 17/20
2026-09-26 06:11:52,336 [WARNING] tulu3:8b | prompt9.jinja | iteration 3 | trial 17 failed: ResponseError: model 'tulu3:8b' not found (status code: 404) (saved failed_tulu3:8b_1790403112335355727.json)
2026-09-26 06:11:52,336 [INFO] tulu3:8b | prompt9.jinja | iteration 3 | trial 18/20
2026-09-26 06:11:52,337 [WARNING] tulu3:8b | prompt9.jinja | iteration 3 | trial 18 failed: ResponseError: model 'tulu3:8b' not found (status code: 404) (saved failed_tulu3:8b_1790403112336633649.json)
2026-09-26 06:11:52,337 [INFO] tulu3:8b | prompt9.jinja | iteration 3 | trial 19/20
2026-09-26 06:11:52,338 [WARNING] tulu3:8b | prompt9.jinja | iteration 3 | trial 19 failed: ResponseError: model 'tulu3:8b' not found (status code: 404) (saved failed_tulu3:8b_1790403112337778066.json)
2026-09-26 06:11:52,339 [INFO] tulu3:8b | prompt9.jinja | iteration 3 | trial 20/20
2026-09-26 06:11:52,340 [WARNING] tulu3:8b | prompt9.jinja | iteration 3 | trial 20 failed: ResponseError: model 'tulu3:8b' not found (status code: 404) (saved failed_tulu3:8b_1790403112339029124.json)
2026-09-26 06:11:52,340 [INFO] tulu3:8b | security-incremental-1.jinja | iteration 3 | trial 1/20
2026-09-26 06:11:52,341 [WARNING] tulu3:8b | security-incremental-1.jinja | iteration 3 | trial 1 failed: ResponseError: model 'tulu3:8b' not found (status code: 404) (saved failed_tulu3:8b_1790403112340529334.json)
2026-09-26 06:11:52,341 [INFO] tulu3:8b | security-incremental-1.jinja | iteration 3 | trial 2/20
2026-09-26 06:11:52,342 [WARNING] tulu3:8b | security-incremental-1.jinja | iteration 3 | trial 2 failed: ResponseError: model 'tulu3:8b' not found (status code: 404) (saved failed_tulu3:8b_1790403112341703448.json)
2026-09-26 06:11:52,342 [INFO] tulu3:8b | security-incremental-1.jinja | iteration 3 | trial 3/20
2026-09-26 06:11:52,344 [WARNING] tulu3:8b | security-incremental-1.jinja | iteration 3 | trial 3 failed: ResponseError: model 'tulu3:8b' not found (status code: 404) (saved failed_tulu3:8b_1790403112342964361.json)
2026-09-26 06:11:52,344 [INFO] tulu3:8b | security-incremental-1.jinja | iteration 3 | trial 4/20
2026-09-26 06:11:52,345 [WARNING] tulu3:8b | security-incremental-1.jinja | iteration 3 | trial 4 failed: ResponseError: model 'tulu3:8b' not found (status code: 404) (saved failed_tulu3:8b_1790403112344248955.json)
2026-09-26 06:11:52,345 [INFO] tulu3:8b | security-incremental-1.jinja | iteration 3 | trial 5/20
2026-09-26 06:11:52,346 [WARNING] tulu3:8b | security-incremental-1.jinja | iteration 3 | trial 5 failed: ResponseError: model 'tulu3:8b' not found (status code: 404) (saved failed_tulu3:8b_1790403112345355565.json)
2026-09-26 06:11:52,346 [INFO] tulu3:8b | security-incremental-1.jinja | iteration 3 | trial 6/20
2026-09-26 06:11:52,348 [WARNING] tulu3:8b | security-incremental-1.jinja | iteration 3 | trial 6 failed: ResponseError: model 'tulu3:8b' not found (status code: 404) (saved failed_tulu3:8b_1790403112346463374.json)
2026-09-26 06:11:52,348 [INFO] tulu3:8b | security-incremental-1.jinja | iteration 3 | trial 7/20
2026-09-26 06:11:52,349 [WARNING] tulu3:8b | security-incremental-1.jinja | iteration 3 | trial 7 failed: ResponseError: model 'tulu3:8b' not found (status code: 404) (saved failed_tulu3:8b_1790403112348642433.json)
2026-09-26 06:11:52,349 [INFO] tulu3:8b | security-incremental-1.jinja | iteration 3 | trial 8/20
2026-09-26 06:11:52,351 [WARNING] tulu3:8b | security-incremental-1.jinja | iteration 3 | trial 8 failed: ResponseError: model 'tulu3:8b' not found (status code: 404) (saved failed_tulu3:8b_1790403112349795203.json)
2026-09-26 06:11:52,351 [INFO] tulu3:8b | security-incremental-1.jinja | iteration 3 | trial 9/20
2026-09-26 06:11:52,352 [WARNING] tulu3:8b | security-incremental-1.jinja | iteration 3 | trial 9 failed: ResponseError: model 'tulu3:8b' not found (status code: 404) (saved failed_tulu3:8b_1790403112351158660.json)
2026-09-26 06:11:52,352 [INFO] tulu3:8b | security-incremental-1.jinja | iteration 3 | trial 10/20
2026-09-26 06:11:52,353 [WARNING] tulu3:8b | security-incremental-1.jinja | iteration 3 | trial 10 failed: ResponseError: model 'tulu3:8b' not found (status code: 404) (saved failed_tulu3:8b_1790403112352543734.json)
2026-09-26 06:11:52,353 [INFO] tulu3:8b | security-incremental-1.jinja | iteration 3 | trial 11/20
2026-09-26 06:11:52,354 [WARNING] tulu3:8b | security-incremental-1.jinja | iteration 3 | trial 11 failed: ResponseError: model 'tulu3:8b' not found (status code: 404) (saved failed_tulu3:8b_1790403112353671224.json)
2026-09-26 06:11:52,354 [INFO] tulu3:8b | security-incremental-1.jinja | iteration 3 | trial 12/20
2026-09-26 06:11:52,356 [WARNING] tulu3:8b | security-incremental-1.jinja | iteration 3 | trial 12 failed: ResponseError: model 'tulu3:8b' not found (status code: 404) (saved failed_tulu3:8b_1790403112354968569.json)
2026-09-26 06:11:52,356 [INFO] tulu3:8b | security-incremental-1.jinja | iteration 3 | trial 13/20
2026-09-26 06:11:52,357 [WARNING] tulu3:8b | security-incremental-1.jinja | iteration 3 | trial 13 failed: ResponseError: model 'tulu3:8b' not found (status code: 404) (saved failed_tulu3:8b_1790403112356392155.json)
2026-09-26 06:11:52,357 [INFO] tulu3:8b | security-incremental-1.jinja | iteration 3 | trial 14/20
2026-09-26 06:11:52,358 [WARNING] tulu3:8b | security-incremental-1.jinja | iteration 3 | trial 14 failed: ResponseError: model 'tulu3:8b' not found (status code: 404) (saved failed_tulu3:8b_1790403112357526749.json)
2026-09-26 06:11:52,358 [INFO] tulu3:8b | security-incremental-1.jinja | iteration 3 | trial 15/20
2026-09-26 06:11:52,360 [WARNING] tulu3:8b | security-incremental-1.jinja | iteration 3 | trial 15 failed: ResponseError: model 'tulu3:8b' not found (status code: 404) (saved failed_tulu3:8b_1790403112358821407.json)
2026-09-26 06:11:52,360 [INFO] tulu3:8b | security-incremental-1.jinja | iteration 3 | trial 16/20
2026-09-26 06:11:52,361 [WARNING] tulu3:8b | security-incremental-1.jinja | iteration 3 | trial 16 failed: ResponseError: model 'tulu3:8b' not found (status code: 404) (saved failed_tulu3:8b_1790403112360072368.json)
2026-09-26 06:11:52,361 [INFO] tulu3:8b | security-incremental-1.jinja | iteration 3 | trial 17/20
2026-09-26 06:11:52,362 [WARNING] tulu3:8b | security-incremental-1.jinja | iteration 3 | trial 17 failed: ResponseError: model 'tulu3:8b' not found (status code: 404) (saved failed_tulu3:8b_1790403112361209106.json)
2026-09-26 06:11:52,362 [INFO] tulu3:8b | security-incremental-1.jinja | iteration 3 | trial 18/20
2026-09-26 06:11:52,363 [WARNING] tulu3:8b | security-incremental-1.jinja | iteration 3 | trial 18 failed: ResponseError: model 'tulu3:8b' not found (status code: 404) (saved failed_tulu3:8b_1790403112362503380.json)
2026-09-26 06:11:52,363 [INFO] tulu3:8b | security-incremental-1.jinja | iteration 3 | trial 19/20
2026-09-26 06:11:52,364 [WARNING] tulu3:8b | security-incremental-1.jinja | iteration 3 | trial 19 failed: ResponseError: model 'tulu3:8b' not found (status code: 404) (saved failed_tulu3:8b_1790403112363763349.json)
2026-09-26 06:11:52,364 [INFO] tulu3:8b | security-incremental-1.jinja | iteration 3 | trial 20/20
2026-09-26 06:11:52,366 [WARNING] tulu3:8b | security-incremental-1.jinja | iteration 3 | trial 20 failed: ResponseError: model 'tulu3:8b' not found (status code: 404) (saved failed_tulu3:8b_1790403112364864807.json)
2026-09-26 06:11:52,366 [INFO] [5/152] glm4:9b (CSV row 5)
2026-09-26 06:11:52,367 [ERROR] Could not load glm4:9b: model 'glm4:9b' not found (status code: 404)
2026-09-26 06:11:52,367 [INFO] [6/152] marco-o1:7b (CSV row 6)
2026-09-26 06:11:52,369 [INFO] Pulling marco-o1:7b (attempt 1/3)
2026-09-26 06:11:53,172 [INFO]   marco-o1:7b: pulling 234ea779a388 0%
2026-09-26 06:11:57,192 [INFO]   marco-o1:7b: pulling 234ea779a388 10%
2026-09-26 06:12:01,152 [INFO]   marco-o1:7b: pulling 234ea779a388 20%
2026-09-26 06:12:05,172 [INFO]   marco-o1:7b: pulling 234ea779a388 30%
2026-09-26 06:12:09,192 [INFO]   marco-o1:7b: pulling 234ea779a388 40%
2026-09-26 06:12:13,152 [INFO]   marco-o1:7b: pulling 234ea779a388 50%
2026-09-26 06:12:17,172 [INFO]   marco-o1:7b: pulling 234ea779a388 60%
2026-09-26 06:12:21,192 [INFO]   marco-o1:7b: pulling 234ea779a388 70%
2026-09-26 06:12:25,152 [INFO]   marco-o1:7b: pulling 234ea779a388 80%
2026-09-26 06:12:29,172 [INFO]   marco-o1:7b: pulling 234ea779a388 90%
2026-09-26 06:12:33,253 [INFO]   marco-o1:7b: pulling 234ea779a388 100%
2026-09-26 06:12:37,197 [INFO] Pulled marco-o1:7b
2026-09-26 06:12:37,201 [INFO] Pulling qwq:32b (attempt 1/3)
2026-09-26 06:12:38,001 [INFO]   qwq:32b: pulling 7ccc6415b2c7 0%
2026-09-26 06:12:41,523 [INFO] Loaded marco-o1:7b (context length 32768)
2026-09-26 06:12:41,523 [INFO] marco-o1:7b | prompt1.jinja | iteration 1 | trial 1/20
2026-09-26 06:12:51,799 [INFO] marco-o1:7b | prompt1.jinja | iteration 1 | trial 2/20
2026-09-26 06:12:54,921 [INFO]   qwq:32b: pulling 7ccc6415b2c7 10%
2026-09-26 06:12:59,415 [INFO] marco-o1:7b | prompt1.jinja | iteration 1 | trial 3/20
2026-09-26 06:13:07,838 [INFO] marco-o1:7b | prompt1.jinja | iteration 1 | trial 4/20
2026-09-26 06:13:11,901 [INFO]   qwq:32b: pulling 7ccc6415b2c7 20%
2026-09-26 06:13:16,569 [INFO] marco-o1:7b | prompt1.jinja | iteration 1 | trial 5/20
2026-09-26 06:13:24,958 [INFO] marco-o1:7b | prompt1.jinja | iteration 1 | trial 6/20
2026-09-26 06:13:28,883 [INFO]   qwq:32b: pulling 7ccc6415b2c7 30%
2026-09-26 06:13:33,216 [INFO] marco-o1:7b | prompt1.jinja | iteration 1 | trial 7/20
2026-09-26 06:13:45,921 [INFO]   qwq:32b: pulling 7ccc6415b2c7 40%
2026-09-26 06:14:02,901 [INFO]   qwq:32b: pulling 7ccc6415b2c7 50%
2026-09-26 06:14:19,881 [INFO]   qwq:32b: pulling 7ccc6415b2c7 60%
2026-09-26 06:14:27,207 [INFO] marco-o1:7b | prompt1.jinja | iteration 1 | trial 8/20
2026-09-26 06:14:35,312 [INFO] marco-o1:7b | prompt1.jinja | iteration 1 | trial 9/20
2026-09-26 06:14:36,921 [INFO]   qwq:32b: pulling 7ccc6415b2c7 70%
2026-09-26 06:14:43,539 [INFO] marco-o1:7b | prompt1.jinja | iteration 1 | trial 10/20
2026-09-26 06:14:53,498 [INFO] marco-o1:7b | prompt1.jinja | iteration 1 | trial 11/20
2026-09-26 06:14:53,961 [INFO]   qwq:32b: pulling 7ccc6415b2c7 80%
2026-09-26 06:14:59,898 [INFO] marco-o1:7b | prompt1.jinja | iteration 1 | trial 12/20
2026-09-26 06:15:08,565 [INFO] marco-o1:7b | prompt1.jinja | iteration 1 | trial 13/20
2026-09-26 06:15:10,941 [INFO]   qwq:32b: pulling 7ccc6415b2c7 90%
2026-09-26 06:15:18,032 [INFO] marco-o1:7b | prompt1.jinja | iteration 1 | trial 14/20
2026-09-26 06:15:27,267 [INFO] marco-o1:7b | prompt1.jinja | iteration 1 | trial 15/20
2026-09-26 06:15:49,799 [INFO] Pulled qwq:32b
2026-09-26 06:25:27,282 [WARNING] marco-o1:7b | prompt1.jinja | iteration 1 | trial 15 failed: Timed out after 600s (saved failed_marco-o1:7b_1790403327267977469.json)
2026-09-26 06:25:27,282 [INFO] marco-o1:7b | prompt1.jinja | iteration 1 | trial 16/20
2026-09-26 06:35:27,306 [WARNING] marco-o1:7b | prompt1.jinja | iteration 1 | trial 16 failed: Timed out after 600s (saved failed_marco-o1:7b_1790403927282658339.json)
2026-09-26 06:35:27,308 [INFO] marco-o1:7b | prompt1.jinja | iteration 1 | trial 17/20
2026-09-26 06:45:27,360 [WARNING] marco-o1:7b | prompt1.jinja | iteration 1 | trial 17 failed: Timed out after 600s (saved failed_marco-o1:7b_1790404527308638151.json)
2026-09-26 06:45:27,361 [INFO] marco-o1:7b | prompt1.jinja | iteration 1 | trial 18/20
2026-09-26 06:45:58,771 [INFO] marco-o1:7b | prompt1.jinja | iteration 1 | trial 19/20
2026-09-26 06:46:38,445 [INFO] marco-o1:7b | prompt1.jinja | iteration 1 | trial 20/20
2026-09-26 06:47:16,777 [INFO] marco-o1:7b | prompt10.jinja | iteration 1 | trial 1/20
2026-09-26 06:57:16,794 [WARNING] marco-o1:7b | prompt10.jinja | iteration 1 | trial 1 failed: Timed out after 600s (saved failed_marco-o1:7b_1790405236777680414.json)
2026-09-26 06:57:16,794 [INFO] marco-o1:7b | prompt10.jinja | iteration 1 | trial 2/20
2026-09-26 06:59:24,995 [INFO] marco-o1:7b | prompt10.jinja | iteration 1 | trial 3/20
2026-09-26 07:00:51,057 [INFO] marco-o1:7b | prompt10.jinja | iteration 1 | trial 4/20
2026-09-26 07:10:51,063 [WARNING] marco-o1:7b | prompt10.jinja | iteration 1 | trial 4 failed: Timed out after 600s (saved failed_marco-o1:7b_1790406051057748568.json)
2026-09-26 07:10:51,063 [INFO] marco-o1:7b | prompt10.jinja | iteration 1 | trial 5/20
2026-09-26 07:20:51,073 [WARNING] marco-o1:7b | prompt10.jinja | iteration 1 | trial 5 failed: Timed out after 600s (saved failed_marco-o1:7b_1790406651063473832.json)
2026-09-26 07:20:51,074 [INFO] marco-o1:7b | prompt10.jinja | iteration 1 | trial 6/20
2026-09-26 07:30:51,093 [WARNING] marco-o1:7b | prompt10.jinja | iteration 1 | trial 6 failed: Timed out after 600s (saved failed_marco-o1:7b_1790407251074252009.json)
2026-09-26 07:30:51,093 [INFO] marco-o1:7b | prompt10.jinja | iteration 1 | trial 7/20
2026-09-26 07:40:51,101 [WARNING] marco-o1:7b | prompt10.jinja | iteration 1 | trial 7 failed: Timed out after 600s (saved failed_marco-o1:7b_1790407851093487155.json)
2026-09-26 07:40:51,102 [INFO] marco-o1:7b | prompt10.jinja | iteration 1 | trial 8/20
2026-09-26 07:50:51,105 [WARNING] marco-o1:7b | prompt10.jinja | iteration 1 | trial 8 failed: Timed out after 600s (saved failed_marco-o1:7b_1790408451102166420.json)
2026-09-26 07:50:51,106 [INFO] marco-o1:7b | prompt10.jinja | iteration 1 | trial 9/20
2026-09-26 08:00:51,138 [WARNING] marco-o1:7b | prompt10.jinja | iteration 1 | trial 9 failed: Timed out after 600s (saved failed_marco-o1:7b_1790409051106394530.json)
2026-09-26 08:00:51,139 [INFO] marco-o1:7b | prompt10.jinja | iteration 1 | trial 10/20
2026-09-26 08:10:51,142 [WARNING] marco-o1:7b | prompt10.jinja | iteration 1 | trial 10 failed: Timed out after 600s (saved failed_marco-o1:7b_1790409651139395406.json)
2026-09-26 08:10:51,142 [INFO] marco-o1:7b | prompt10.jinja | iteration 1 | trial 11/20
2026-09-26 08:20:51,167 [WARNING] marco-o1:7b | prompt10.jinja | iteration 1 | trial 11 failed: Timed out after 600s (saved failed_marco-o1:7b_1790410251142429588.json)
2026-09-26 08:20:51,167 [INFO] marco-o1:7b | prompt10.jinja | iteration 1 | trial 12/20
2026-09-26 08:30:51,184 [WARNING] marco-o1:7b | prompt10.jinja | iteration 1 | trial 12 failed: Timed out after 600s (saved failed_marco-o1:7b_1790410851168016786.json)
2026-09-26 08:30:51,185 [INFO] marco-o1:7b | prompt10.jinja | iteration 1 | trial 13/20
2026-09-26 08:40:51,200 [WARNING] marco-o1:7b | prompt10.jinja | iteration 1 | trial 13 failed: Timed out after 600s (saved failed_marco-o1:7b_1790411451185794288.json)
2026-09-26 08:40:51,201 [INFO] marco-o1:7b | prompt10.jinja | iteration 1 | trial 14/20
2026-09-26 08:50:51,216 [WARNING] marco-o1:7b | prompt10.jinja | iteration 1 | trial 14 failed: Timed out after 600s (saved failed_marco-o1:7b_1790412051201363770.json)
2026-09-26 08:50:51,217 [INFO] marco-o1:7b | prompt10.jinja | iteration 1 | trial 15/20
2026-09-26 09:00:51,232 [WARNING] marco-o1:7b | prompt10.jinja | iteration 1 | trial 15 failed: Timed out after 600s (saved failed_marco-o1:7b_1790412651217361245.json)
2026-09-26 09:00:51,232 [INFO] marco-o1:7b | prompt10.jinja | iteration 1 | trial 16/20
2026-09-26 09:10:51,257 [WARNING] marco-o1:7b | prompt10.jinja | iteration 1 | trial 16 failed: Timed out after 600s (saved failed_marco-o1:7b_1790413251232532125.json)
2026-09-26 09:10:51,258 [INFO] marco-o1:7b | prompt10.jinja | iteration 1 | trial 17/20
2026-09-26 09:20:51,287 [WARNING] marco-o1:7b | prompt10.jinja | iteration 1 | trial 17 failed: Timed out after 600s (saved failed_marco-o1:7b_1790413851258194355.json)
2026-09-26 09:20:51,288 [INFO] marco-o1:7b | prompt10.jinja | iteration 1 | trial 18/20
2026-09-26 09:30:51,317 [WARNING] marco-o1:7b | prompt10.jinja | iteration 1 | trial 18 failed: Timed out after 600s (saved failed_marco-o1:7b_1790414451288527418.json)
2026-09-26 09:30:51,318 [INFO] marco-o1:7b | prompt10.jinja | iteration 1 | trial 19/20
2026-09-26 09:40:51,322 [WARNING] marco-o1:7b | prompt10.jinja | iteration 1 | trial 19 failed: Timed out after 600s (saved failed_marco-o1:7b_1790415051318146685.json)
2026-09-26 09:40:51,322 [INFO] marco-o1:7b | prompt10.jinja | iteration 1 | trial 20/20
2026-09-26 09:50:51,339 [WARNING] marco-o1:7b | prompt10.jinja | iteration 1 | trial 20 failed: Timed out after 600s (saved failed_marco-o1:7b_1790415651322938199.json)
2026-09-26 09:50:51,340 [INFO] marco-o1:7b | prompt11.jinja | iteration 1 | trial 1/20
2026-09-26 10:00:51,344 [WARNING] marco-o1:7b | prompt11.jinja | iteration 1 | trial 1 failed: Timed out after 600s (saved failed_marco-o1:7b_1790416251340737182.json)
2026-09-26 10:00:51,344 [INFO] marco-o1:7b | prompt11.jinja | iteration 1 | trial 2/20
2026-09-26 10:10:51,362 [WARNING] marco-o1:7b | prompt11.jinja | iteration 1 | trial 2 failed: Timed out after 600s (saved failed_marco-o1:7b_1790416851344779341.json)
2026-09-26 10:10:51,363 [INFO] marco-o1:7b | prompt11.jinja | iteration 1 | trial 3/20
2026-09-26 10:20:51,375 [WARNING] marco-o1:7b | prompt11.jinja | iteration 1 | trial 3 failed: Timed out after 600s (saved failed_marco-o1:7b_1790417451363464096.json)
2026-09-26 10:20:51,375 [INFO] marco-o1:7b | prompt11.jinja | iteration 1 | trial 4/20
2026-09-26 10:30:51,395 [WARNING] marco-o1:7b | prompt11.jinja | iteration 1 | trial 4 failed: Timed out after 600s (saved failed_marco-o1:7b_1790418051375762154.json)
2026-09-26 10:30:51,395 [INFO] marco-o1:7b | prompt11.jinja | iteration 1 | trial 5/20
2026-09-26 10:40:51,402 [WARNING] marco-o1:7b | prompt11.jinja | iteration 1 | trial 5 failed: Timed out after 600s (saved failed_marco-o1:7b_1790418651395939580.json)
2026-09-26 10:40:51,402 [INFO] marco-o1:7b | prompt11.jinja | iteration 1 | trial 6/20
2026-09-26 10:50:51,413 [WARNING] marco-o1:7b | prompt11.jinja | iteration 1 | trial 6 failed: Timed out after 600s (saved failed_marco-o1:7b_1790419251402530807.json)
2026-09-26 10:50:51,414 [INFO] marco-o1:7b | prompt11.jinja | iteration 1 | trial 7/20
2026-09-26 11:00:51,420 [WARNING] marco-o1:7b | prompt11.jinja | iteration 1 | trial 7 failed: Timed out after 600s (saved failed_marco-o1:7b_1790419851414222284.json)
2026-09-26 11:00:51,421 [INFO] marco-o1:7b | prompt11.jinja | iteration 1 | trial 8/20
2026-09-26 11:10:51,442 [WARNING] marco-o1:7b | prompt11.jinja | iteration 1 | trial 8 failed: Timed out after 600s (saved failed_marco-o1:7b_1790420451421103122.json)
2026-09-26 11:10:51,442 [INFO] marco-o1:7b | prompt11.jinja | iteration 1 | trial 9/20
2026-09-26 11:20:51,469 [WARNING] marco-o1:7b | prompt11.jinja | iteration 1 | trial 9 failed: Timed out after 600s (saved failed_marco-o1:7b_1790421051442750802.json)
2026-09-26 11:20:51,469 [INFO] marco-o1:7b | prompt11.jinja | iteration 1 | trial 10/20
2026-09-26 11:30:51,490 [WARNING] marco-o1:7b | prompt11.jinja | iteration 1 | trial 10 failed: Timed out after 600s (saved failed_marco-o1:7b_1790421651469951719.json)
2026-09-26 11:30:51,491 [INFO] marco-o1:7b | prompt11.jinja | iteration 1 | trial 11/20
2026-09-26 11:33:21,161 [INFO] marco-o1:7b | prompt11.jinja | iteration 1 | trial 12/20
2026-09-26 11:43:21,165 [WARNING] marco-o1:7b | prompt11.jinja | iteration 1 | trial 12 failed: Timed out after 600s (saved failed_marco-o1:7b_1790422401161408666.json)
2026-09-26 11:43:21,166 [INFO] marco-o1:7b | prompt11.jinja | iteration 1 | trial 13/20
2026-09-26 11:43:35,621 [INFO] marco-o1:7b | prompt11.jinja | iteration 1 | trial 14/20
2026-09-26 11:43:55,471 [INFO] marco-o1:7b | prompt11.jinja | iteration 1 | trial 15/20
2026-09-26 11:45:20,497 [INFO] marco-o1:7b | prompt11.jinja | iteration 1 | trial 16/20
2026-09-26 11:45:40,765 [INFO] marco-o1:7b | prompt11.jinja | iteration 1 | trial 17/20
2026-09-26 11:55:40,770 [WARNING] marco-o1:7b | prompt11.jinja | iteration 1 | trial 17 failed: Timed out after 600s (saved failed_marco-o1:7b_1790423140765402101.json)
2026-09-26 11:55:40,771 [INFO] marco-o1:7b | prompt11.jinja | iteration 1 | trial 18/20
2026-09-26 11:56:12,909 [INFO] marco-o1:7b | prompt11.jinja | iteration 1 | trial 19/20
2026-09-26 12:06:12,915 [WARNING] marco-o1:7b | prompt11.jinja | iteration 1 | trial 19 failed: Timed out after 600s (saved failed_marco-o1:7b_1790423772909498411.json)
2026-09-26 12:06:12,915 [INFO] marco-o1:7b | prompt11.jinja | iteration 1 | trial 20/20
2026-09-26 12:06:28,846 [INFO] marco-o1:7b | prompt2.jinja | iteration 1 | trial 1/20
2026-09-26 12:16:28,861 [WARNING] marco-o1:7b | prompt2.jinja | iteration 1 | trial 1 failed: Timed out after 600s (saved failed_marco-o1:7b_1790424388846420208.json)
2026-09-26 12:16:28,861 [INFO] marco-o1:7b | prompt2.jinja | iteration 1 | trial 2/20
2026-09-26 12:16:36,537 [INFO] marco-o1:7b | prompt2.jinja | iteration 1 | trial 3/20
2026-09-26 12:16:42,869 [INFO] marco-o1:7b | prompt2.jinja | iteration 1 | trial 4/20
2026-09-26 12:16:49,959 [INFO] marco-o1:7b | prompt2.jinja | iteration 1 | trial 5/20
2026-09-26 12:16:56,083 [INFO] marco-o1:7b | prompt2.jinja | iteration 1 | trial 6/20
2026-09-26 12:18:26,361 [INFO] marco-o1:7b | prompt2.jinja | iteration 1 | trial 7/20
2026-09-26 12:18:33,730 [INFO] marco-o1:7b | prompt2.jinja | iteration 1 | trial 8/20
2026-09-26 12:18:59,612 [INFO] marco-o1:7b | prompt2.jinja | iteration 1 | trial 9/20
2026-09-26 12:19:47,348 [INFO] marco-o1:7b | prompt2.jinja | iteration 1 | trial 10/20
2026-09-26 12:20:07,946 [INFO] marco-o1:7b | prompt2.jinja | iteration 1 | trial 11/20
2026-09-26 12:20:44,171 [INFO] marco-o1:7b | prompt2.jinja | iteration 1 | trial 12/20
2026-09-26 12:20:51,548 [INFO] marco-o1:7b | prompt2.jinja | iteration 1 | trial 13/20
2026-09-26 12:21:14,564 [INFO] marco-o1:7b | prompt2.jinja | iteration 1 | trial 14/20
2026-09-26 12:22:49,913 [INFO] marco-o1:7b | prompt2.jinja | iteration 1 | trial 15/20
2026-09-26 12:24:22,126 [INFO] marco-o1:7b | prompt2.jinja | iteration 1 | trial 16/20
2026-09-26 12:24:30,121 [INFO] marco-o1:7b | prompt2.jinja | iteration 1 | trial 17/20
2026-09-26 12:34:30,142 [WARNING] marco-o1:7b | prompt2.jinja | iteration 1 | trial 17 failed: Timed out after 600s (saved failed_marco-o1:7b_1790425470121634766.json)
2026-09-26 12:34:30,143 [INFO] marco-o1:7b | prompt2.jinja | iteration 1 | trial 18/20
2026-09-26 12:34:39,136 [INFO] marco-o1:7b | prompt2.jinja | iteration 1 | trial 19/20
2026-09-26 12:35:08,318 [INFO] marco-o1:7b | prompt2.jinja | iteration 1 | trial 20/20
2026-09-26 12:45:08,329 [WARNING] marco-o1:7b | prompt2.jinja | iteration 1 | trial 20 failed: Timed out after 600s (saved failed_marco-o1:7b_1790426108318357832.json)
2026-09-26 12:45:08,329 [INFO] marco-o1:7b | prompt3.jinja | iteration 1 | trial 1/20
2026-09-26 12:55:08,339 [WARNING] marco-o1:7b | prompt3.jinja | iteration 1 | trial 1 failed: Timed out after 600s (saved failed_marco-o1:7b_1790426708330036797.json)
2026-09-26 12:55:08,340 [INFO] marco-o1:7b | prompt3.jinja | iteration 1 | trial 2/20
2026-09-26 13:05:08,358 [WARNING] marco-o1:7b | prompt3.jinja | iteration 1 | trial 2 failed: Timed out after 600s (saved failed_marco-o1:7b_1790427308340958606.json)
2026-09-26 13:05:08,359 [INFO] marco-o1:7b | prompt3.jinja | iteration 1 | trial 3/20
2026-09-26 13:15:08,378 [WARNING] marco-o1:7b | prompt3.jinja | iteration 1 | trial 3 failed: Timed out after 600s (saved failed_marco-o1:7b_1790427908359295730.json)
2026-09-26 13:15:08,379 [INFO] marco-o1:7b | prompt3.jinja | iteration 1 | trial 4/20
2026-09-26 13:25:08,382 [WARNING] marco-o1:7b | prompt3.jinja | iteration 1 | trial 4 failed: Timed out after 600s (saved failed_marco-o1:7b_1790428508379295299.json)
2026-09-26 13:25:08,382 [INFO] marco-o1:7b | prompt3.jinja | iteration 1 | trial 5/20
2026-09-26 13:26:26,644 [INFO] marco-o1:7b | prompt3.jinja | iteration 1 | trial 6/20
2026-09-26 13:27:22,895 [INFO] marco-o1:7b | prompt3.jinja | iteration 1 | trial 7/20
2026-09-26 13:27:35,878 [INFO] marco-o1:7b | prompt3.jinja | iteration 1 | trial 8/20
2026-09-26 13:27:58,622 [INFO] marco-o1:7b | prompt3.jinja | iteration 1 | trial 9/20
2026-09-26 13:37:58,629 [WARNING] marco-o1:7b | prompt3.jinja | iteration 1 | trial 9 failed: Timed out after 600s (saved failed_marco-o1:7b_1790429278622131570.json)
2026-09-26 13:37:58,630 [INFO] marco-o1:7b | prompt3.jinja | iteration 1 | trial 10/20
2026-09-26 13:38:17,276 [INFO] marco-o1:7b | prompt3.jinja | iteration 1 | trial 11/20
2026-09-26 13:48:17,296 [WARNING] marco-o1:7b | prompt3.jinja | iteration 1 | trial 11 failed: Timed out after 600s (saved failed_marco-o1:7b_1790429897276199702.json)
2026-09-26 13:48:17,296 [INFO] marco-o1:7b | prompt3.jinja | iteration 1 | trial 12/20
2026-09-26 13:58:17,302 [WARNING] marco-o1:7b | prompt3.jinja | iteration 1 | trial 12 failed: Timed out after 600s (saved failed_marco-o1:7b_1790430497296499961.json)
2026-09-26 13:58:17,302 [INFO] marco-o1:7b | prompt3.jinja | iteration 1 | trial 13/20
2026-09-26 14:08:17,327 [WARNING] marco-o1:7b | prompt3.jinja | iteration 1 | trial 13 failed: Timed out after 600s (saved failed_marco-o1:7b_1790431097303039085.json)
2026-09-26 14:08:17,328 [INFO] marco-o1:7b | prompt3.jinja | iteration 1 | trial 14/20
2026-09-26 14:10:39,754 [INFO] marco-o1:7b | prompt3.jinja | iteration 1 | trial 15/20
2026-09-26 14:12:04,816 [WARNING] marco-o1:7b | prompt3.jinja | iteration 1 | trial 15: detector flagged repetition but the answer was valid
2026-09-26 14:12:04,817 [INFO] marco-o1:7b | prompt3.jinja | iteration 1 | trial 16/20
2026-09-26 14:22:04,835 [WARNING] marco-o1:7b | prompt3.jinja | iteration 1 | trial 16 failed: Timed out after 600s (saved failed_marco-o1:7b_1790431924817195750.json)
2026-09-26 14:22:04,836 [INFO] marco-o1:7b | prompt3.jinja | iteration 1 | trial 17/20
2026-09-26 14:32:04,853 [WARNING] marco-o1:7b | prompt3.jinja | iteration 1 | trial 17 failed: Timed out after 600s (saved failed_marco-o1:7b_1790432524836534689.json)
2026-09-26 14:32:04,854 [INFO] marco-o1:7b | prompt3.jinja | iteration 1 | trial 18/20
2026-09-26 14:42:04,858 [WARNING] marco-o1:7b | prompt3.jinja | iteration 1 | trial 18 failed: Timed out after 600s (saved failed_marco-o1:7b_1790433124854267912.json)
2026-09-26 14:42:04,859 [INFO] marco-o1:7b | prompt3.jinja | iteration 1 | trial 19/20
2026-09-26 14:52:04,881 [WARNING] marco-o1:7b | prompt3.jinja | iteration 1 | trial 19 failed: Timed out after 600s (saved failed_marco-o1:7b_1790433724859361296.json)
2026-09-26 14:52:04,882 [INFO] marco-o1:7b | prompt3.jinja | iteration 1 | trial 20/20
2026-09-26 15:02:04,900 [WARNING] marco-o1:7b | prompt3.jinja | iteration 1 | trial 20 failed: Timed out after 600s (saved failed_marco-o1:7b_1790434324882357905.json)
2026-09-26 15:02:04,901 [INFO] marco-o1:7b | prompt4.jinja | iteration 1 | trial 1/20
2026-09-26 15:12:04,916 [WARNING] marco-o1:7b | prompt4.jinja | iteration 1 | trial 1 failed: Timed out after 600s (saved failed_marco-o1:7b_1790434924901581369.json)
2026-09-26 15:12:04,917 [INFO] marco-o1:7b | prompt4.jinja | iteration 1 | trial 2/20
2026-09-26 15:22:04,937 [WARNING] marco-o1:7b | prompt4.jinja | iteration 1 | trial 2 failed: Timed out after 600s (saved failed_marco-o1:7b_1790435524917246687.json)
2026-09-26 15:22:04,938 [INFO] marco-o1:7b | prompt4.jinja | iteration 1 | trial 3/20
2026-09-26 15:32:04,953 [WARNING] marco-o1:7b | prompt4.jinja | iteration 1 | trial 3 failed: Timed out after 600s (saved failed_marco-o1:7b_1790436124938170468.json)
2026-09-26 15:32:04,953 [INFO] marco-o1:7b | prompt4.jinja | iteration 1 | trial 4/20
2026-09-26 15:33:46,493 [INFO] marco-o1:7b | prompt4.jinja | iteration 1 | trial 5/20
2026-09-26 15:34:10,301 [INFO] marco-o1:7b | prompt4.jinja | iteration 1 | trial 6/20
2026-09-26 15:44:10,315 [WARNING] marco-o1:7b | prompt4.jinja | iteration 1 | trial 6 failed: Timed out after 600s (saved failed_marco-o1:7b_1790436850301330021.json)
2026-09-26 15:44:10,315 [INFO] marco-o1:7b | prompt4.jinja | iteration 1 | trial 7/20
2026-09-26 15:54:10,335 [WARNING] marco-o1:7b | prompt4.jinja | iteration 1 | trial 7 failed: Timed out after 600s (saved failed_marco-o1:7b_1790437450316048452.json)
2026-09-26 15:54:10,336 [INFO] marco-o1:7b | prompt4.jinja | iteration 1 | trial 8/20
2026-09-26 15:54:29,823 [INFO] marco-o1:7b | prompt4.jinja | iteration 1 | trial 9/20
2026-09-26 15:54:45,224 [INFO] marco-o1:7b | prompt4.jinja | iteration 1 | trial 10/20
2026-09-26 16:04:45,239 [WARNING] marco-o1:7b | prompt4.jinja | iteration 1 | trial 10 failed: Timed out after 600s (saved failed_marco-o1:7b_1790438085224366513.json)
2026-09-26 16:04:45,240 [INFO] marco-o1:7b | prompt4.jinja | iteration 1 | trial 11/20
2026-09-26 16:06:57,533 [INFO] marco-o1:7b | prompt4.jinja | iteration 1 | trial 12/20
2026-09-26 16:16:57,543 [WARNING] marco-o1:7b | prompt4.jinja | iteration 1 | trial 12 failed: Timed out after 600s (saved failed_marco-o1:7b_1790438817533245475.json)
2026-09-26 16:16:57,543 [INFO] marco-o1:7b | prompt4.jinja | iteration 1 | trial 13/20
2026-09-26 16:26:57,563 [WARNING] marco-o1:7b | prompt4.jinja | iteration 1 | trial 13 failed: Timed out after 600s (saved failed_marco-o1:7b_1790439417544049282.json)
2026-09-26 16:26:57,563 [INFO] marco-o1:7b | prompt4.jinja | iteration 1 | trial 14/20
2026-09-26 16:28:21,440 [INFO] marco-o1:7b | prompt4.jinja | iteration 1 | trial 15/20
2026-09-26 16:38:21,458 [WARNING] marco-o1:7b | prompt4.jinja | iteration 1 | trial 15 failed: Timed out after 600s (saved failed_marco-o1:7b_1790440101440388228.json)
2026-09-26 16:38:21,458 [INFO] marco-o1:7b | prompt4.jinja | iteration 1 | trial 16/20
2026-09-26 16:47:45,322 [WARNING] marco-o1:7b | prompt4.jinja | iteration 1 | trial 16 failed: ResponseError: prediction aborted, token repeat limit reached (status code: -1) (saved failed_marco-o1:7b_1790440701458715571.json)
2026-09-26 16:47:45,323 [INFO] marco-o1:7b | prompt4.jinja | iteration 1 | trial 17/20
2026-09-26 16:52:48,001 [WARNING] marco-o1:7b | prompt4.jinja | iteration 1 | trial 17 failed: ResponseError: prediction aborted, token repeat limit reached (status code: -1) (saved failed_marco-o1:7b_1790441265323226388.json)
2026-09-26 16:52:48,001 [INFO] marco-o1:7b | prompt4.jinja | iteration 1 | trial 18/20
2026-09-26 16:53:06,227 [INFO] marco-o1:7b | prompt4.jinja | iteration 1 | trial 19/20
2026-09-26 17:03:06,232 [WARNING] marco-o1:7b | prompt4.jinja | iteration 1 | trial 19 failed: Timed out after 600s (saved failed_marco-o1:7b_1790441586227170996.json)
2026-09-26 17:03:06,232 [INFO] marco-o1:7b | prompt4.jinja | iteration 1 | trial 20/20
2026-09-26 17:05:15,156 [INFO] marco-o1:7b | prompt5.jinja | iteration 1 | trial 1/20
2026-09-26 17:06:34,660 [INFO] marco-o1:7b | prompt5.jinja | iteration 1 | trial 2/20
2026-09-26 17:06:59,814 [INFO] marco-o1:7b | prompt5.jinja | iteration 1 | trial 3/20
2026-09-26 17:16:59,839 [WARNING] marco-o1:7b | prompt5.jinja | iteration 1 | trial 3 failed: Timed out after 600s (saved failed_marco-o1:7b_1790442419814405133.json)
2026-09-26 17:16:59,840 [INFO] marco-o1:7b | prompt5.jinja | iteration 1 | trial 4/20
2026-09-26 17:17:13,616 [INFO] marco-o1:7b | prompt5.jinja | iteration 1 | trial 5/20
2026-09-26 17:17:28,568 [INFO] marco-o1:7b | prompt5.jinja | iteration 1 | trial 6/20
2026-09-26 17:17:49,029 [INFO] marco-o1:7b | prompt5.jinja | iteration 1 | trial 7/20
2026-09-26 17:27:49,045 [WARNING] marco-o1:7b | prompt5.jinja | iteration 1 | trial 7 failed: Timed out after 600s (saved failed_marco-o1:7b_1790443069029837023.json)
2026-09-26 17:27:49,046 [INFO] marco-o1:7b | prompt5.jinja | iteration 1 | trial 8/20
2026-09-26 17:28:12,009 [INFO] marco-o1:7b | prompt5.jinja | iteration 1 | trial 9/20
2026-09-26 17:28:37,879 [INFO] marco-o1:7b | prompt5.jinja | iteration 1 | trial 10/20
2026-09-26 17:29:05,310 [INFO] marco-o1:7b | prompt5.jinja | iteration 1 | trial 11/20
2026-09-26 17:29:28,831 [INFO] marco-o1:7b | prompt5.jinja | iteration 1 | trial 12/20
2026-09-26 17:29:44,827 [INFO] marco-o1:7b | prompt5.jinja | iteration 1 | trial 13/20
2026-09-26 17:39:44,854 [WARNING] marco-o1:7b | prompt5.jinja | iteration 1 | trial 13 failed: Timed out after 600s (saved failed_marco-o1:7b_1790443784827432961.json)
2026-09-26 17:39:44,855 [INFO] marco-o1:7b | prompt5.jinja | iteration 1 | trial 14/20
2026-09-26 17:49:44,872 [WARNING] marco-o1:7b | prompt5.jinja | iteration 1 | trial 14 failed: Timed out after 600s (saved failed_marco-o1:7b_1790444384855277642.json)
2026-09-26 17:49:44,872 [INFO] marco-o1:7b | prompt5.jinja | iteration 1 | trial 15/20
2026-09-26 17:50:28,923 [INFO] marco-o1:7b | prompt5.jinja | iteration 1 | trial 16/20
2026-09-26 18:00:28,939 [WARNING] marco-o1:7b | prompt5.jinja | iteration 1 | trial 16 failed: Timed out after 600s (saved failed_marco-o1:7b_1790445028923467632.json)
2026-09-26 18:00:28,940 [INFO] marco-o1:7b | prompt5.jinja | iteration 1 | trial 17/20
2026-09-26 18:00:47,622 [INFO] marco-o1:7b | prompt5.jinja | iteration 1 | trial 18/20
2026-09-26 18:01:28,365 [INFO] marco-o1:7b | prompt5.jinja | iteration 1 | trial 19/20
2026-09-26 18:01:53,289 [INFO] marco-o1:7b | prompt5.jinja | iteration 1 | trial 20/20
2026-09-26 18:02:15,072 [INFO] marco-o1:7b | prompt6.jinja | iteration 1 | trial 1/20
2026-09-26 18:12:15,089 [WARNING] marco-o1:7b | prompt6.jinja | iteration 1 | trial 1 failed: Timed out after 600s (saved failed_marco-o1:7b_1790445735072182897.json)
2026-09-26 18:12:15,089 [INFO] marco-o1:7b | prompt6.jinja | iteration 1 | trial 2/20
2026-09-26 18:12:42,046 [INFO] marco-o1:7b | prompt6.jinja | iteration 1 | trial 3/20
2026-09-26 18:22:42,064 [WARNING] marco-o1:7b | prompt6.jinja | iteration 1 | trial 3 failed: Timed out after 600s (saved failed_marco-o1:7b_1790446362046459399.json)
2026-09-26 18:22:42,065 [INFO] marco-o1:7b | prompt6.jinja | iteration 1 | trial 4/20
2026-09-26 18:22:50,690 [INFO] marco-o1:7b | prompt6.jinja | iteration 1 | trial 5/20
2026-09-26 18:32:50,715 [WARNING] marco-o1:7b | prompt6.jinja | iteration 1 | trial 5 failed: Timed out after 600s (saved failed_marco-o1:7b_1790446970690083169.json)
2026-09-26 18:32:50,715 [INFO] marco-o1:7b | prompt6.jinja | iteration 1 | trial 6/20
2026-09-26 18:42:50,743 [WARNING] marco-o1:7b | prompt6.jinja | iteration 1 | trial 6 failed: Timed out after 600s (saved failed_marco-o1:7b_1790447570715990007.json)
2026-09-26 18:42:50,743 [INFO] marco-o1:7b | prompt6.jinja | iteration 1 | trial 7/20
2026-09-26 18:43:04,992 [INFO] marco-o1:7b | prompt6.jinja | iteration 1 | trial 8/20
2026-09-26 18:43:17,405 [INFO] marco-o1:7b | prompt6.jinja | iteration 1 | trial 9/20
2026-09-26 18:43:25,460 [INFO] marco-o1:7b | prompt6.jinja | iteration 1 | trial 10/20
2026-09-26 18:53:25,483 [WARNING] marco-o1:7b | prompt6.jinja | iteration 1 | trial 10 failed: Timed out after 600s (saved failed_marco-o1:7b_1790448205460768050.json)
2026-09-26 18:53:25,484 [INFO] marco-o1:7b | prompt6.jinja | iteration 1 | trial 11/20
2026-09-26 19:03:25,493 [WARNING] marco-o1:7b | prompt6.jinja | iteration 1 | trial 11 failed: Timed out after 600s (saved failed_marco-o1:7b_1790448805484168594.json)
2026-09-26 19:03:25,494 [INFO] marco-o1:7b | prompt6.jinja | iteration 1 | trial 12/20
2026-09-26 19:13:25,525 [WARNING] marco-o1:7b | prompt6.jinja | iteration 1 | trial 12 failed: Timed out after 600s (saved failed_marco-o1:7b_1790449405494866534.json)
2026-09-26 19:13:25,525 [INFO] marco-o1:7b | prompt6.jinja | iteration 1 | trial 13/20
2026-09-26 19:15:25,108 [INFO] marco-o1:7b | prompt6.jinja | iteration 1 | trial 14/20
2026-09-26 19:25:25,126 [WARNING] marco-o1:7b | prompt6.jinja | iteration 1 | trial 14 failed: Timed out after 600s (saved failed_marco-o1:7b_1790450125108869863.json)
2026-09-26 19:25:25,127 [INFO] marco-o1:7b | prompt6.jinja | iteration 1 | trial 15/20
2026-09-26 19:35:25,130 [WARNING] marco-o1:7b | prompt6.jinja | iteration 1 | trial 15 failed: Timed out after 600s (saved failed_marco-o1:7b_1790450725127063863.json)
2026-09-26 19:35:25,130 [INFO] marco-o1:7b | prompt6.jinja | iteration 1 | trial 16/20
2026-09-26 19:45:25,158 [WARNING] marco-o1:7b | prompt6.jinja | iteration 1 | trial 16 failed: Timed out after 600s (saved failed_marco-o1:7b_1790451325130551545.json)
2026-09-26 19:45:25,158 [INFO] marco-o1:7b | prompt6.jinja | iteration 1 | trial 17/20
2026-09-26 19:45:36,825 [INFO] marco-o1:7b | prompt6.jinja | iteration 1 | trial 18/20
2026-09-26 19:46:07,574 [INFO] marco-o1:7b | prompt6.jinja | iteration 1 | trial 19/20
2026-09-26 19:46:14,946 [INFO] marco-o1:7b | prompt6.jinja | iteration 1 | trial 20/20
2026-09-26 19:56:14,959 [WARNING] marco-o1:7b | prompt6.jinja | iteration 1 | trial 20 failed: Timed out after 600s (saved failed_marco-o1:7b_1790451974946110095.json)
2026-09-26 19:56:14,960 [INFO] marco-o1:7b | prompt7.jinja | iteration 1 | trial 1/20
2026-09-26 20:06:14,987 [WARNING] marco-o1:7b | prompt7.jinja | iteration 1 | trial 1 failed: Timed out after 600s (saved failed_marco-o1:7b_1790452574960666237.json)
2026-09-26 20:06:14,988 [INFO] marco-o1:7b | prompt7.jinja | iteration 1 | trial 2/20
2026-09-26 20:16:15,014 [WARNING] marco-o1:7b | prompt7.jinja | iteration 1 | trial 2 failed: Timed out after 600s (saved failed_marco-o1:7b_1790453174988981939.json)
2026-09-26 20:16:15,015 [INFO] marco-o1:7b | prompt7.jinja | iteration 1 | trial 3/20
2026-09-26 20:17:40,535 [INFO] marco-o1:7b | prompt7.jinja | iteration 1 | trial 4/20
2026-09-26 20:27:40,550 [WARNING] marco-o1:7b | prompt7.jinja | iteration 1 | trial 4 failed: Timed out after 600s (saved failed_marco-o1:7b_1790453860535126096.json)
2026-09-26 20:27:40,551 [INFO] marco-o1:7b | prompt7.jinja | iteration 1 | trial 5/20
2026-09-26 20:37:40,576 [WARNING] marco-o1:7b | prompt7.jinja | iteration 1 | trial 5 failed: Timed out after 600s (saved failed_marco-o1:7b_1790454460551185487.json)
2026-09-26 20:37:40,576 [INFO] marco-o1:7b | prompt7.jinja | iteration 1 | trial 6/20
2026-09-26 20:47:40,594 [WARNING] marco-o1:7b | prompt7.jinja | iteration 1 | trial 6 failed: Timed out after 600s (saved failed_marco-o1:7b_1790455060577093121.json)
2026-09-26 20:47:40,595 [INFO] marco-o1:7b | prompt7.jinja | iteration 1 | trial 7/20
2026-09-26 20:57:40,600 [WARNING] marco-o1:7b | prompt7.jinja | iteration 1 | trial 7 failed: Timed out after 600s (saved failed_marco-o1:7b_1790455660595141786.json)
2026-09-26 20:57:40,601 [INFO] marco-o1:7b | prompt7.jinja | iteration 1 | trial 8/20
2026-09-26 20:58:00,109 [INFO] marco-o1:7b | prompt7.jinja | iteration 1 | trial 9/20
2026-09-26 20:58:10,658 [INFO] marco-o1:7b | prompt7.jinja | iteration 1 | trial 10/20
2026-09-26 20:58:34,919 [INFO] marco-o1:7b | prompt7.jinja | iteration 1 | trial 11/20
2026-09-26 21:08:34,940 [WARNING] marco-o1:7b | prompt7.jinja | iteration 1 | trial 11 failed: Timed out after 600s (saved failed_marco-o1:7b_1790456314919774632.json)
2026-09-26 21:08:34,940 [INFO] marco-o1:7b | prompt7.jinja | iteration 1 | trial 12/20
2026-09-26 21:18:34,960 [WARNING] marco-o1:7b | prompt7.jinja | iteration 1 | trial 12 failed: Timed out after 600s (saved failed_marco-o1:7b_1790456914940918262.json)
2026-09-26 21:18:34,961 [INFO] marco-o1:7b | prompt7.jinja | iteration 1 | trial 13/20
2026-09-26 21:19:27,102 [INFO] marco-o1:7b | prompt7.jinja | iteration 1 | trial 14/20
2026-09-26 21:19:42,227 [INFO] marco-o1:7b | prompt7.jinja | iteration 1 | trial 15/20
2026-09-26 21:20:18,568 [INFO] marco-o1:7b | prompt7.jinja | iteration 1 | trial 16/20
2026-09-26 21:30:18,597 [WARNING] marco-o1:7b | prompt7.jinja | iteration 1 | trial 16 failed: Timed out after 600s (saved failed_marco-o1:7b_1790457618568402487.json)
2026-09-26 21:30:18,597 [INFO] marco-o1:7b | prompt7.jinja | iteration 1 | trial 17/20
2026-09-26 21:40:18,610 [WARNING] marco-o1:7b | prompt7.jinja | iteration 1 | trial 17 failed: Timed out after 600s (saved failed_marco-o1:7b_1790458218597452500.json)
2026-09-26 21:40:18,610 [INFO] marco-o1:7b | prompt7.jinja | iteration 1 | trial 18/20
2026-09-26 21:50:18,620 [WARNING] marco-o1:7b | prompt7.jinja | iteration 1 | trial 18 failed: Timed out after 600s (saved failed_marco-o1:7b_1790458818610521778.json)
2026-09-26 21:50:18,621 [INFO] marco-o1:7b | prompt7.jinja | iteration 1 | trial 19/20
2026-09-26 21:50:47,198 [INFO] marco-o1:7b | prompt7.jinja | iteration 1 | trial 20/20
2026-09-26 21:51:13,072 [INFO] marco-o1:7b | prompt8.jinja | iteration 1 | trial 1/20
2026-09-26 21:51:23,094 [INFO] marco-o1:7b | prompt8.jinja | iteration 1 | trial 2/20
2026-09-26 22:01:23,109 [WARNING] marco-o1:7b | prompt8.jinja | iteration 1 | trial 2 failed: Timed out after 600s (saved failed_marco-o1:7b_1790459483095039201.json)
2026-09-26 22:01:23,109 [INFO] marco-o1:7b | prompt8.jinja | iteration 1 | trial 3/20
2026-09-26 22:11:23,129 [WARNING] marco-o1:7b | prompt8.jinja | iteration 1 | trial 3 failed: Timed out after 600s (saved failed_marco-o1:7b_1790460083109634203.json)
2026-09-26 22:11:23,130 [INFO] marco-o1:7b | prompt8.jinja | iteration 1 | trial 4/20
2026-09-26 22:11:35,260 [INFO] marco-o1:7b | prompt8.jinja | iteration 1 | trial 5/20
2026-09-26 22:11:48,564 [INFO] marco-o1:7b | prompt8.jinja | iteration 1 | trial 6/20
2026-09-26 22:21:48,571 [WARNING] marco-o1:7b | prompt8.jinja | iteration 1 | trial 6 failed: Timed out after 600s (saved failed_marco-o1:7b_1790460708564063610.json)
2026-09-26 22:21:48,571 [INFO] marco-o1:7b | prompt8.jinja | iteration 1 | trial 7/20
2026-09-26 22:22:00,770 [INFO] marco-o1:7b | prompt8.jinja | iteration 1 | trial 8/20
2026-09-26 22:22:13,554 [INFO] marco-o1:7b | prompt8.jinja | iteration 1 | trial 9/20
2026-09-26 22:22:26,854 [INFO] marco-o1:7b | prompt8.jinja | iteration 1 | trial 10/20
2026-09-26 22:32:26,862 [WARNING] marco-o1:7b | prompt8.jinja | iteration 1 | trial 10 failed: Timed out after 600s (saved failed_marco-o1:7b_1790461346854834297.json)
2026-09-26 22:32:26,863 [INFO] marco-o1:7b | prompt8.jinja | iteration 1 | trial 11/20
2026-09-26 22:32:38,545 [INFO] marco-o1:7b | prompt8.jinja | iteration 1 | trial 12/20
2026-09-26 22:32:51,149 [INFO] marco-o1:7b | prompt8.jinja | iteration 1 | trial 13/20
2026-09-26 22:42:51,163 [WARNING] marco-o1:7b | prompt8.jinja | iteration 1 | trial 13 failed: Timed out after 600s (saved failed_marco-o1:7b_1790461971149458837.json)
2026-09-26 22:42:51,163 [INFO] marco-o1:7b | prompt8.jinja | iteration 1 | trial 14/20
2026-09-26 22:52:51,192 [WARNING] marco-o1:7b | prompt8.jinja | iteration 1 | trial 14 failed: Timed out after 600s (saved failed_marco-o1:7b_1790462571163844486.json)
2026-09-26 22:52:51,193 [INFO] marco-o1:7b | prompt8.jinja | iteration 1 | trial 15/20
2026-09-26 22:53:03,521 [INFO] marco-o1:7b | prompt8.jinja | iteration 1 | trial 16/20
2026-09-26 23:03:03,535 [WARNING] marco-o1:7b | prompt8.jinja | iteration 1 | trial 16 failed: Timed out after 600s (saved failed_marco-o1:7b_1790463183521259553.json)
2026-09-26 23:03:03,536 [INFO] marco-o1:7b | prompt8.jinja | iteration 1 | trial 17/20
2026-09-26 23:03:16,477 [INFO] marco-o1:7b | prompt8.jinja | iteration 1 | trial 18/20
2026-09-26 23:03:31,230 [INFO] marco-o1:7b | prompt8.jinja | iteration 1 | trial 19/20
2026-09-26 23:03:42,338 [INFO] marco-o1:7b | prompt8.jinja | iteration 1 | trial 20/20
2026-09-26 23:03:57,061 [INFO] marco-o1:7b | prompt9.jinja | iteration 1 | trial 1/20
2026-09-26 23:13:57,080 [WARNING] marco-o1:7b | prompt9.jinja | iteration 1 | trial 1 failed: Timed out after 600s (saved failed_marco-o1:7b_1790463837061372314.json)
2026-09-26 23:13:57,080 [INFO] marco-o1:7b | prompt9.jinja | iteration 1 | trial 2/20
2026-09-26 23:23:57,108 [WARNING] marco-o1:7b | prompt9.jinja | iteration 1 | trial 2 failed: Timed out after 600s (saved failed_marco-o1:7b_1790464437080808005.json)
2026-09-26 23:23:57,108 [INFO] marco-o1:7b | prompt9.jinja | iteration 1 | trial 3/20
2026-09-26 23:24:06,532 [INFO] marco-o1:7b | prompt9.jinja | iteration 1 | trial 4/20
2026-09-26 23:34:06,537 [WARNING] marco-o1:7b | prompt9.jinja | iteration 1 | trial 4 failed: Timed out after 600s (saved failed_marco-o1:7b_1790465046532586946.json)
2026-09-26 23:34:06,538 [INFO] marco-o1:7b | prompt9.jinja | iteration 1 | trial 5/20
2026-09-26 23:44:06,547 [WARNING] marco-o1:7b | prompt9.jinja | iteration 1 | trial 5 failed: Timed out after 600s (saved failed_marco-o1:7b_1790465646538194062.json)
2026-09-26 23:44:06,548 [INFO] marco-o1:7b | prompt9.jinja | iteration 1 | trial 6/20
2026-09-26 23:54:06,550 [WARNING] marco-o1:7b | prompt9.jinja | iteration 1 | trial 6 failed: Timed out after 600s (saved failed_marco-o1:7b_1790466246548477411.json)
2026-09-26 23:54:06,550 [INFO] marco-o1:7b | prompt9.jinja | iteration 1 | trial 7/20
2026-09-27 00:04:06,606 [WARNING] marco-o1:7b | prompt9.jinja | iteration 1 | trial 7 failed: Timed out after 600s (saved failed_marco-o1:7b_1790466846550743248.json)
2026-09-27 00:04:06,607 [INFO] marco-o1:7b | prompt9.jinja | iteration 1 | trial 8/20
2026-09-27 00:04:37,710 [INFO] marco-o1:7b | prompt9.jinja | iteration 1 | trial 9/20
2026-09-27 00:07:44,757 [INFO] marco-o1:7b | prompt9.jinja | iteration 1 | trial 10/20
2026-09-27 00:17:44,767 [WARNING] marco-o1:7b | prompt9.jinja | iteration 1 | trial 10 failed: Timed out after 600s (saved failed_marco-o1:7b_1790467664757795064.json)
2026-09-27 00:17:44,768 [INFO] marco-o1:7b | prompt9.jinja | iteration 1 | trial 11/20
2026-09-27 00:19:27,201 [INFO] marco-o1:7b | prompt9.jinja | iteration 1 | trial 12/20
2026-09-27 00:29:27,222 [WARNING] marco-o1:7b | prompt9.jinja | iteration 1 | trial 12 failed: Timed out after 600s (saved failed_marco-o1:7b_1790468367201781421.json)
2026-09-27 00:29:27,223 [INFO] marco-o1:7b | prompt9.jinja | iteration 1 | trial 13/20
2026-09-27 00:39:27,240 [WARNING] marco-o1:7b | prompt9.jinja | iteration 1 | trial 13 failed: Timed out after 600s (saved failed_marco-o1:7b_1790468967223144218.json)
2026-09-27 00:39:27,242 [INFO] marco-o1:7b | prompt9.jinja | iteration 1 | trial 14/20
2026-09-27 00:39:37,908 [INFO] marco-o1:7b | prompt9.jinja | iteration 1 | trial 15/20
2026-09-27 00:49:37,924 [WARNING] marco-o1:7b | prompt9.jinja | iteration 1 | trial 15 failed: Timed out after 600s (saved failed_marco-o1:7b_1790469577908780300.json)
2026-09-27 00:49:37,925 [INFO] marco-o1:7b | prompt9.jinja | iteration 1 | trial 16/20
2026-09-27 00:59:37,931 [WARNING] marco-o1:7b | prompt9.jinja | iteration 1 | trial 16 failed: Timed out after 600s (saved failed_marco-o1:7b_1790470177926034571.json)
2026-09-27 00:59:37,931 [INFO] marco-o1:7b | prompt9.jinja | iteration 1 | trial 17/20
2026-09-27 01:09:37,947 [WARNING] marco-o1:7b | prompt9.jinja | iteration 1 | trial 17 failed: Timed out after 600s (saved failed_marco-o1:7b_1790470777931850978.json)
2026-09-27 01:09:37,947 [INFO] marco-o1:7b | prompt9.jinja | iteration 1 | trial 18/20
2026-09-27 01:19:37,958 [WARNING] marco-o1:7b | prompt9.jinja | iteration 1 | trial 18 failed: Timed out after 600s (saved failed_marco-o1:7b_1790471377948098197.json)
2026-09-27 01:19:37,959 [INFO] marco-o1:7b | prompt9.jinja | iteration 1 | trial 19/20
2026-09-27 01:29:38,027 [WARNING] marco-o1:7b | prompt9.jinja | iteration 1 | trial 19 failed: Timed out after 600s (saved failed_marco-o1:7b_1790471977959154979.json)
2026-09-27 01:29:38,028 [INFO] marco-o1:7b | prompt9.jinja | iteration 1 | trial 20/20
2026-09-27 01:39:38,045 [WARNING] marco-o1:7b | prompt9.jinja | iteration 1 | trial 20 failed: Timed out after 600s (saved failed_marco-o1:7b_1790472578028707359.json)
2026-09-27 01:39:38,046 [INFO] marco-o1:7b | security-incremental-1.jinja | iteration 1 | trial 1/20
2026-09-27 01:49:38,057 [WARNING] marco-o1:7b | security-incremental-1.jinja | iteration 1 | trial 1 failed: Timed out after 600s (saved failed_marco-o1:7b_1790473178046220293.json)
2026-09-27 01:49:38,057 [INFO] marco-o1:7b | security-incremental-1.jinja | iteration 1 | trial 2/20
2026-09-27 01:49:48,412 [INFO] marco-o1:7b | security-incremental-1.jinja | iteration 1 | trial 3/20
2026-09-27 01:59:48,422 [WARNING] marco-o1:7b | security-incremental-1.jinja | iteration 1 | trial 3 failed: Timed out after 600s (saved failed_marco-o1:7b_1790473788412385860.json)
2026-09-27 01:59:48,423 [INFO] marco-o1:7b | security-incremental-1.jinja | iteration 1 | trial 4/20
2026-09-27 02:09:48,436 [WARNING] marco-o1:7b | security-incremental-1.jinja | iteration 1 | trial 4 failed: Timed out after 600s (saved failed_marco-o1:7b_1790474388423206285.json)
2026-09-27 02:09:48,437 [INFO] marco-o1:7b | security-incremental-1.jinja | iteration 1 | trial 5/20
2026-09-27 02:09:58,723 [INFO] marco-o1:7b | security-incremental-1.jinja | iteration 1 | trial 6/20
2026-09-27 02:19:58,752 [WARNING] marco-o1:7b | security-incremental-1.jinja | iteration 1 | trial 6 failed: Timed out after 600s (saved failed_marco-o1:7b_1790474998723274369.json)
2026-09-27 02:19:58,752 [INFO] marco-o1:7b | security-incremental-1.jinja | iteration 1 | trial 7/20
2026-09-27 02:20:15,781 [INFO] marco-o1:7b | security-incremental-1.jinja | iteration 1 | trial 8/20
2026-09-27 02:20:34,879 [INFO] marco-o1:7b | security-incremental-1.jinja | iteration 1 | trial 9/20
2026-09-27 02:20:59,054 [INFO] marco-o1:7b | security-incremental-1.jinja | iteration 1 | trial 10/20
2026-09-27 02:30:59,070 [WARNING] marco-o1:7b | security-incremental-1.jinja | iteration 1 | trial 10 failed: Timed out after 600s (saved failed_marco-o1:7b_1790475659054421763.json)
2026-09-27 02:30:59,070 [INFO] marco-o1:7b | security-incremental-1.jinja | iteration 1 | trial 11/20
2026-09-27 02:31:07,311 [INFO] marco-o1:7b | security-incremental-1.jinja | iteration 1 | trial 12/20
2026-09-27 02:31:34,093 [INFO] marco-o1:7b | security-incremental-1.jinja | iteration 1 | trial 13/20
2026-09-27 02:31:47,935 [INFO] marco-o1:7b | security-incremental-1.jinja | iteration 1 | trial 14/20
2026-09-27 02:31:57,802 [WARNING] marco-o1:7b | security-incremental-1.jinja | iteration 1 | trial 14 failed: ResponseError: prediction aborted, token repeat limit reached (status code: -1) (saved failed_marco-o1:7b_1790476307935491221.json)
2026-09-27 02:31:57,802 [INFO] marco-o1:7b | security-incremental-1.jinja | iteration 1 | trial 15/20
2026-09-27 02:41:57,830 [WARNING] marco-o1:7b | security-incremental-1.jinja | iteration 1 | trial 15 failed: Timed out after 600s (saved failed_marco-o1:7b_1790476317802519837.json)
2026-09-27 02:41:57,831 [INFO] marco-o1:7b | security-incremental-1.jinja | iteration 1 | trial 16/20
2026-09-27 02:51:57,843 [WARNING] marco-o1:7b | security-incremental-1.jinja | iteration 1 | trial 16 failed: Timed out after 600s (saved failed_marco-o1:7b_1790476917831314391.json)
2026-09-27 02:51:57,844 [INFO] marco-o1:7b | security-incremental-1.jinja | iteration 1 | trial 17/20
2026-09-27 02:52:24,697 [INFO] marco-o1:7b | security-incremental-1.jinja | iteration 1 | trial 18/20
2026-09-27 03:02:24,712 [WARNING] marco-o1:7b | security-incremental-1.jinja | iteration 1 | trial 18 failed: Timed out after 600s (saved failed_marco-o1:7b_1790477544697285436.json)
2026-09-27 03:02:24,712 [INFO] marco-o1:7b | security-incremental-1.jinja | iteration 1 | trial 19/20
2026-09-27 03:12:24,731 [WARNING] marco-o1:7b | security-incremental-1.jinja | iteration 1 | trial 19 failed: Timed out after 600s (saved failed_marco-o1:7b_1790478144712923551.json)
2026-09-27 03:12:24,732 [INFO] marco-o1:7b | security-incremental-1.jinja | iteration 1 | trial 20/20
2026-09-27 03:22:24,750 [WARNING] marco-o1:7b | security-incremental-1.jinja | iteration 1 | trial 20 failed: Timed out after 600s (saved failed_marco-o1:7b_1790478744732171782.json)
2026-09-27 03:22:24,750 [INFO] marco-o1:7b | prompt1.jinja | iteration 2 | trial 1/20
2026-09-27 03:32:24,822 [WARNING] marco-o1:7b | prompt1.jinja | iteration 2 | trial 1 failed: Timed out after 600s (saved failed_marco-o1:7b_1790479344750817266.json)
2026-09-27 03:32:24,822 [INFO] marco-o1:7b | prompt1.jinja | iteration 2 | trial 2/20
2026-09-27 03:42:24,856 [WARNING] marco-o1:7b | prompt1.jinja | iteration 2 | trial 2 failed: Timed out after 600s (saved failed_marco-o1:7b_1790479944822946071.json)
2026-09-27 03:42:24,857 [INFO] marco-o1:7b | prompt1.jinja | iteration 2 | trial 3/20
2026-09-27 03:52:16,571 [INFO] marco-o1:7b | prompt1.jinja | iteration 2 | trial 4/20
2026-09-27 03:54:09,951 [INFO] marco-o1:7b | prompt1.jinja | iteration 2 | trial 5/20
2026-09-27 04:04:09,965 [WARNING] marco-o1:7b | prompt1.jinja | iteration 2 | trial 5 failed: Timed out after 600s (saved failed_marco-o1:7b_1790481249951532411.json)
2026-09-27 04:04:09,965 [INFO] marco-o1:7b | prompt1.jinja | iteration 2 | trial 6/20
2026-09-27 04:14:09,977 [WARNING] marco-o1:7b | prompt1.jinja | iteration 2 | trial 6 failed: Timed out after 600s (saved failed_marco-o1:7b_1790481849965530253.json)
2026-09-27 04:14:09,977 [INFO] marco-o1:7b | prompt1.jinja | iteration 2 | trial 7/20
2026-09-27 04:24:09,991 [WARNING] marco-o1:7b | prompt1.jinja | iteration 2 | trial 7 failed: Timed out after 600s (saved failed_marco-o1:7b_1790482449977700772.json)
2026-09-27 04:24:09,992 [INFO] marco-o1:7b | prompt1.jinja | iteration 2 | trial 8/20
2026-09-27 04:34:10,002 [WARNING] marco-o1:7b | prompt1.jinja | iteration 2 | trial 8 failed: Timed out after 600s (saved failed_marco-o1:7b_1790483049992261490.json)
2026-09-27 04:34:10,003 [INFO] marco-o1:7b | prompt1.jinja | iteration 2 | trial 9/20
2026-09-27 04:44:10,022 [WARNING] marco-o1:7b | prompt1.jinja | iteration 2 | trial 9 failed: Timed out after 600s (saved failed_marco-o1:7b_1790483650003165823.json)
2026-09-27 04:44:10,022 [INFO] marco-o1:7b | prompt1.jinja | iteration 2 | trial 10/20
2026-09-27 04:44:25,076 [INFO] marco-o1:7b | prompt1.jinja | iteration 2 | trial 11/20
2026-09-27 04:44:41,947 [INFO] marco-o1:7b | prompt1.jinja | iteration 2 | trial 12/20
2026-09-27 04:54:41,958 [WARNING] marco-o1:7b | prompt1.jinja | iteration 2 | trial 12 failed: Timed out after 600s (saved failed_marco-o1:7b_1790484281947409447.json)
2026-09-27 04:54:41,958 [INFO] marco-o1:7b | prompt1.jinja | iteration 2 | trial 13/20
2026-09-27 04:56:52,465 [INFO] marco-o1:7b | prompt1.jinja | iteration 2 | trial 14/20
2026-09-27 05:06:52,487 [WARNING] marco-o1:7b | prompt1.jinja | iteration 2 | trial 14 failed: Timed out after 600s (saved failed_marco-o1:7b_1790485012465362106.json)
2026-09-27 05:06:52,487 [INFO] marco-o1:7b | prompt1.jinja | iteration 2 | trial 15/20
2026-09-27 05:16:52,511 [WARNING] marco-o1:7b | prompt1.jinja | iteration 2 | trial 15 failed: Timed out after 600s (saved failed_marco-o1:7b_1790485612487988031.json)
2026-09-27 05:16:52,512 [INFO] marco-o1:7b | prompt1.jinja | iteration 2 | trial 16/20
2026-09-27 05:17:04,121 [INFO] marco-o1:7b | prompt1.jinja | iteration 2 | trial 17/20
2026-09-27 05:17:20,933 [INFO] marco-o1:7b | prompt1.jinja | iteration 2 | trial 18/20
2026-09-27 05:19:16,165 [INFO] marco-o1:7b | prompt1.jinja | iteration 2 | trial 19/20
2026-09-27 05:29:16,182 [WARNING] marco-o1:7b | prompt1.jinja | iteration 2 | trial 19 failed: Timed out after 600s (saved failed_marco-o1:7b_1790486356165139324.json)
2026-09-27 05:29:16,182 [INFO] marco-o1:7b | prompt1.jinja | iteration 2 | trial 20/20
2026-09-27 05:39:16,187 [WARNING] marco-o1:7b | prompt1.jinja | iteration 2 | trial 20 failed: Timed out after 600s (saved failed_marco-o1:7b_1790486956183080856.json)
2026-09-27 05:39:16,189 [INFO] marco-o1:7b | prompt10.jinja | iteration 2 | trial 1/20
2026-09-27 05:49:16,197 [WARNING] marco-o1:7b | prompt10.jinja | iteration 2 | trial 1 failed: Timed out after 600s (saved failed_marco-o1:7b_1790487556189263854.json)
2026-09-27 05:49:16,198 [INFO] marco-o1:7b | prompt10.jinja | iteration 2 | trial 2/20
2026-09-27 05:59:16,218 [WARNING] marco-o1:7b | prompt10.jinja | iteration 2 | trial 2 failed: Timed out after 600s (saved failed_marco-o1:7b_1790488156198733945.json)
2026-09-27 05:59:16,218 [INFO] marco-o1:7b | prompt10.jinja | iteration 2 | trial 3/20
2026-09-27 06:09:16,236 [WARNING] marco-o1:7b | prompt10.jinja | iteration 2 | trial 3 failed: Timed out after 600s (saved failed_marco-o1:7b_1790488756218659386.json)
2026-09-27 06:09:16,237 [INFO] marco-o1:7b | prompt10.jinja | iteration 2 | trial 4/20
2026-09-27 06:11:24,987 [INFO] marco-o1:7b | prompt10.jinja | iteration 2 | trial 5/20
2026-09-27 06:11:38,688 [INFO] marco-o1:7b | prompt10.jinja | iteration 2 | trial 6/20
2026-09-27 06:11:49,453 [INFO] marco-o1:7b | prompt10.jinja | iteration 2 | trial 7/20
2026-09-27 06:21:49,472 [WARNING] marco-o1:7b | prompt10.jinja | iteration 2 | trial 7 failed: Timed out after 600s (saved failed_marco-o1:7b_1790489509453399936.json)
2026-09-27 06:21:49,472 [INFO] marco-o1:7b | prompt10.jinja | iteration 2 | trial 8/20
2026-09-27 06:31:49,490 [WARNING] marco-o1:7b | prompt10.jinja | iteration 2 | trial 8 failed: Timed out after 600s (saved failed_marco-o1:7b_1790490109473014584.json)
2026-09-27 06:31:49,491 [INFO] marco-o1:7b | prompt10.jinja | iteration 2 | trial 9/20
2026-09-27 06:41:49,512 [WARNING] marco-o1:7b | prompt10.jinja | iteration 2 | trial 9 failed: Timed out after 600s (saved failed_marco-o1:7b_1790490709491280278.json)
2026-09-27 06:41:49,512 [INFO] marco-o1:7b | prompt10.jinja | iteration 2 | trial 10/20
2026-09-27 06:51:49,530 [WARNING] marco-o1:7b | prompt10.jinja | iteration 2 | trial 10 failed: Timed out after 600s (saved failed_marco-o1:7b_1790491309512957251.json)
2026-09-27 06:51:49,530 [INFO] marco-o1:7b | prompt10.jinja | iteration 2 | trial 11/20
2026-09-27 06:52:16,860 [INFO] marco-o1:7b | prompt10.jinja | iteration 2 | trial 12/20
2026-09-27 06:52:26,427 [INFO] marco-o1:7b | prompt10.jinja | iteration 2 | trial 13/20
2026-09-27 06:52:31,407 [INFO] marco-o1:7b | prompt10.jinja | iteration 2 | trial 14/20
2026-09-27 06:52:39,129 [INFO] marco-o1:7b | prompt10.jinja | iteration 2 | trial 15/20
2026-09-27 07:02:39,141 [WARNING] marco-o1:7b | prompt10.jinja | iteration 2 | trial 15 failed: Timed out after 600s (saved failed_marco-o1:7b_1790491959129263048.json)
2026-09-27 07:02:39,141 [INFO] marco-o1:7b | prompt10.jinja | iteration 2 | trial 16/20
2026-09-27 07:12:39,160 [WARNING] marco-o1:7b | prompt10.jinja | iteration 2 | trial 16 failed: Timed out after 600s (saved failed_marco-o1:7b_1790492559142110945.json)
2026-09-27 07:12:39,160 [INFO] marco-o1:7b | prompt10.jinja | iteration 2 | trial 17/20
2026-09-27 07:12:47,498 [INFO] marco-o1:7b | prompt10.jinja | iteration 2 | trial 18/20
2026-09-27 07:12:52,549 [INFO] marco-o1:7b | prompt10.jinja | iteration 2 | trial 19/20
2026-09-27 07:22:52,556 [WARNING] marco-o1:7b | prompt10.jinja | iteration 2 | trial 19 failed: Timed out after 600s (saved failed_marco-o1:7b_1790493172549951480.json)
2026-09-27 07:22:52,557 [INFO] marco-o1:7b | prompt10.jinja | iteration 2 | trial 20/20
2026-09-27 07:32:52,565 [WARNING] marco-o1:7b | prompt10.jinja | iteration 2 | trial 20 failed: Timed out after 600s (saved failed_marco-o1:7b_1790493772557415095.json)
2026-09-27 07:32:52,566 [INFO] marco-o1:7b | prompt11.jinja | iteration 2 | trial 1/20
2026-09-27 07:33:00,538 [INFO] marco-o1:7b | prompt11.jinja | iteration 2 | trial 2/20
2026-09-27 07:33:06,229 [INFO] marco-o1:7b | prompt11.jinja | iteration 2 | trial 3/20
2026-09-27 07:33:13,844 [INFO] marco-o1:7b | prompt11.jinja | iteration 2 | trial 4/20
2026-09-27 07:33:21,534 [INFO] marco-o1:7b | prompt11.jinja | iteration 2 | trial 5/20
2026-09-27 07:33:30,353 [INFO] marco-o1:7b | prompt11.jinja | iteration 2 | trial 6/20
2026-09-27 07:33:45,057 [INFO] marco-o1:7b | prompt11.jinja | iteration 2 | trial 7/20
2026-09-27 07:33:52,865 [INFO] marco-o1:7b | prompt11.jinja | iteration 2 | trial 8/20
2026-09-27 07:33:59,836 [INFO] marco-o1:7b | prompt11.jinja | iteration 2 | trial 9/20
2026-09-27 07:34:07,958 [INFO] marco-o1:7b | prompt11.jinja | iteration 2 | trial 10/20
2026-09-27 07:44:07,967 [WARNING] marco-o1:7b | prompt11.jinja | iteration 2 | trial 10 failed: Timed out after 600s (saved failed_marco-o1:7b_1790494447958372062.json)
2026-09-27 07:44:07,968 [INFO] marco-o1:7b | prompt11.jinja | iteration 2 | trial 11/20
2026-09-27 07:44:15,924 [INFO] marco-o1:7b | prompt11.jinja | iteration 2 | trial 12/20
2026-09-27 07:54:15,952 [WARNING] marco-o1:7b | prompt11.jinja | iteration 2 | trial 12 failed: Timed out after 600s (saved failed_marco-o1:7b_1790495055924876333.json)
2026-09-27 07:54:15,952 [INFO] marco-o1:7b | prompt11.jinja | iteration 2 | trial 13/20
2026-09-27 08:04:15,959 [WARNING] marco-o1:7b | prompt11.jinja | iteration 2 | trial 13 failed: Timed out after 600s (saved failed_marco-o1:7b_1790495655952893983.json)
2026-09-27 08:04:15,959 [INFO] marco-o1:7b | prompt11.jinja | iteration 2 | trial 14/20
2026-09-27 08:14:15,974 [WARNING] marco-o1:7b | prompt11.jinja | iteration 2 | trial 14 failed: Timed out after 600s (saved failed_marco-o1:7b_1790496255959992053.json)
2026-09-27 08:14:15,975 [INFO] marco-o1:7b | prompt11.jinja | iteration 2 | trial 15/20
2026-09-27 08:14:25,407 [INFO] marco-o1:7b | prompt11.jinja | iteration 2 | trial 16/20
2026-09-27 08:24:25,414 [WARNING] marco-o1:7b | prompt11.jinja | iteration 2 | trial 16 failed: Timed out after 600s (saved failed_marco-o1:7b_1790496865407059351.json)
2026-09-27 08:24:25,414 [INFO] marco-o1:7b | prompt11.jinja | iteration 2 | trial 17/20
2026-09-27 08:34:25,432 [WARNING] marco-o1:7b | prompt11.jinja | iteration 2 | trial 17 failed: Timed out after 600s (saved failed_marco-o1:7b_1790497465414897481.json)
2026-09-27 08:34:25,433 [INFO] marco-o1:7b | prompt11.jinja | iteration 2 | trial 18/20
2026-09-27 08:44:25,450 [WARNING] marco-o1:7b | prompt11.jinja | iteration 2 | trial 18 failed: Timed out after 600s (saved failed_marco-o1:7b_1790498065433249862.json)
2026-09-27 08:44:25,451 [INFO] marco-o1:7b | prompt11.jinja | iteration 2 | trial 19/20
2026-09-27 08:44:33,168 [INFO] marco-o1:7b | prompt11.jinja | iteration 2 | trial 20/20
2026-09-27 08:44:42,451 [INFO] marco-o1:7b | prompt2.jinja | iteration 2 | trial 1/20
2026-09-27 08:44:58,016 [INFO] marco-o1:7b | prompt2.jinja | iteration 2 | trial 2/20
2026-09-27 08:45:05,327 [INFO] marco-o1:7b | prompt2.jinja | iteration 2 | trial 3/20
2026-09-27 08:47:27,939 [INFO] marco-o1:7b | prompt2.jinja | iteration 2 | trial 4/20
2026-09-27 08:52:09,142 [INFO] marco-o1:7b | prompt2.jinja | iteration 2 | trial 5/20
2026-09-27 09:02:09,165 [WARNING] marco-o1:7b | prompt2.jinja | iteration 2 | trial 5 failed: Timed out after 600s (saved failed_marco-o1:7b_1790499129142340753.json)
2026-09-27 09:02:09,166 [INFO] marco-o1:7b | prompt2.jinja | iteration 2 | trial 6/20
2026-09-27 09:12:09,169 [WARNING] marco-o1:7b | prompt2.jinja | iteration 2 | trial 6 failed: Timed out after 600s (saved failed_marco-o1:7b_1790499729166246386.json)
2026-09-27 09:12:09,170 [INFO] marco-o1:7b | prompt2.jinja | iteration 2 | trial 7/20
2026-09-27 09:22:09,183 [WARNING] marco-o1:7b | prompt2.jinja | iteration 2 | trial 7 failed: Timed out after 600s (saved failed_marco-o1:7b_1790500329170322661.json)
2026-09-27 09:22:09,184 [INFO] marco-o1:7b | prompt2.jinja | iteration 2 | trial 8/20
2026-09-27 09:32:09,207 [WARNING] marco-o1:7b | prompt2.jinja | iteration 2 | trial 8 failed: Timed out after 600s (saved failed_marco-o1:7b_1790500929184582629.json)
2026-09-27 09:32:09,207 [INFO] marco-o1:7b | prompt2.jinja | iteration 2 | trial 9/20
2026-09-27 09:42:09,234 [WARNING] marco-o1:7b | prompt2.jinja | iteration 2 | trial 9 failed: Timed out after 600s (saved failed_marco-o1:7b_1790501529207589759.json)
2026-09-27 09:42:09,235 [INFO] marco-o1:7b | prompt2.jinja | iteration 2 | trial 10/20
2026-09-27 09:52:09,258 [WARNING] marco-o1:7b | prompt2.jinja | iteration 2 | trial 10 failed: Timed out after 600s (saved failed_marco-o1:7b_1790502129235607114.json)
2026-09-27 09:52:09,258 [INFO] marco-o1:7b | prompt2.jinja | iteration 2 | trial 11/20
2026-09-27 10:02:09,272 [WARNING] marco-o1:7b | prompt2.jinja | iteration 2 | trial 11 failed: Timed out after 600s (saved failed_marco-o1:7b_1790502729258852434.json)
2026-09-27 10:02:09,273 [INFO] marco-o1:7b | prompt2.jinja | iteration 2 | trial 12/20
2026-09-27 10:12:09,283 [WARNING] marco-o1:7b | prompt2.jinja | iteration 2 | trial 12 failed: Timed out after 600s (saved failed_marco-o1:7b_1790503329273337234.json)
2026-09-27 10:12:09,283 [INFO] marco-o1:7b | prompt2.jinja | iteration 2 | trial 13/20
2026-09-27 10:22:09,295 [WARNING] marco-o1:7b | prompt2.jinja | iteration 2 | trial 13 failed: Timed out after 600s (saved failed_marco-o1:7b_1790503929283922044.json)
2026-09-27 10:22:09,296 [INFO] marco-o1:7b | prompt2.jinja | iteration 2 | trial 14/20
2026-09-27 10:32:09,300 [WARNING] marco-o1:7b | prompt2.jinja | iteration 2 | trial 14 failed: Timed out after 600s (saved failed_marco-o1:7b_1790504529296536078.json)
2026-09-27 10:32:09,300 [INFO] marco-o1:7b | prompt2.jinja | iteration 2 | trial 15/20
2026-09-27 10:42:09,308 [WARNING] marco-o1:7b | prompt2.jinja | iteration 2 | trial 15 failed: Timed out after 600s (saved failed_marco-o1:7b_1790505129301043857.json)
2026-09-27 10:42:09,309 [INFO] marco-o1:7b | prompt2.jinja | iteration 2 | trial 16/20
2026-09-27 10:52:09,319 [WARNING] marco-o1:7b | prompt2.jinja | iteration 2 | trial 16 failed: Timed out after 600s (saved failed_marco-o1:7b_1790505729309314603.json)
2026-09-27 10:52:09,319 [INFO] marco-o1:7b | prompt2.jinja | iteration 2 | trial 17/20
2026-09-27 10:53:31,077 [INFO] marco-o1:7b | prompt2.jinja | iteration 2 | trial 18/20
2026-09-27 11:03:31,079 [WARNING] marco-o1:7b | prompt2.jinja | iteration 2 | trial 18 failed: Timed out after 600s (saved failed_marco-o1:7b_1790506411077193488.json)
2026-09-27 11:03:31,080 [INFO] marco-o1:7b | prompt2.jinja | iteration 2 | trial 19/20
2026-09-27 11:05:24,952 [INFO] marco-o1:7b | prompt2.jinja | iteration 2 | trial 20/20
2026-09-27 11:15:24,978 [WARNING] marco-o1:7b | prompt2.jinja | iteration 2 | trial 20 failed: Timed out after 600s (saved failed_marco-o1:7b_1790507124952413881.json)
2026-09-27 11:15:24,978 [INFO] marco-o1:7b | prompt3.jinja | iteration 2 | trial 1/20
2026-09-27 11:25:24,999 [WARNING] marco-o1:7b | prompt3.jinja | iteration 2 | trial 1 failed: Timed out after 600s (saved failed_marco-o1:7b_1790507724978939182.json)
2026-09-27 11:25:24,999 [INFO] marco-o1:7b | prompt3.jinja | iteration 2 | trial 2/20
2026-09-27 11:35:25,013 [WARNING] marco-o1:7b | prompt3.jinja | iteration 2 | trial 2 failed: Timed out after 600s (saved failed_marco-o1:7b_1790508324999699651.json)
2026-09-27 11:35:25,014 [INFO] marco-o1:7b | prompt3.jinja | iteration 2 | trial 3/20
2026-09-27 11:35:50,600 [INFO] marco-o1:7b | prompt3.jinja | iteration 2 | trial 4/20
2026-09-27 11:45:50,604 [WARNING] marco-o1:7b | prompt3.jinja | iteration 2 | trial 4 failed: Timed out after 600s (saved failed_marco-o1:7b_1790508950600658461.json)
2026-09-27 11:45:50,605 [INFO] marco-o1:7b | prompt3.jinja | iteration 2 | trial 5/20
2026-09-27 11:55:50,610 [WARNING] marco-o1:7b | prompt3.jinja | iteration 2 | trial 5 failed: Timed out after 600s (saved failed_marco-o1:7b_1790509550605101224.json)
2026-09-27 11:55:50,611 [INFO] marco-o1:7b | prompt3.jinja | iteration 2 | trial 6/20
2026-09-27 11:55:56,438 [INFO] marco-o1:7b | prompt3.jinja | iteration 2 | trial 7/20
2026-09-27 12:05:56,452 [WARNING] marco-o1:7b | prompt3.jinja | iteration 2 | trial 7 failed: Timed out after 600s (saved failed_marco-o1:7b_1790510156438303275.json)
2026-09-27 12:05:56,452 [INFO] marco-o1:7b | prompt3.jinja | iteration 2 | trial 8/20
2026-09-27 12:15:56,457 [WARNING] marco-o1:7b | prompt3.jinja | iteration 2 | trial 8 failed: Timed out after 600s (saved failed_marco-o1:7b_1790510756452805047.json)
2026-09-27 12:15:56,457 [INFO] marco-o1:7b | prompt3.jinja | iteration 2 | trial 9/20
2026-09-27 12:25:56,482 [WARNING] marco-o1:7b | prompt3.jinja | iteration 2 | trial 9 failed: Timed out after 600s (saved failed_marco-o1:7b_1790511356457631294.json)
2026-09-27 12:25:56,483 [INFO] marco-o1:7b | prompt3.jinja | iteration 2 | trial 10/20
2026-09-27 12:26:20,287 [INFO] marco-o1:7b | prompt3.jinja | iteration 2 | trial 11/20
2026-09-27 12:36:20,300 [WARNING] marco-o1:7b | prompt3.jinja | iteration 2 | trial 11 failed: Timed out after 600s (saved failed_marco-o1:7b_1790511980287836897.json)
2026-09-27 12:36:20,300 [INFO] marco-o1:7b | prompt3.jinja | iteration 2 | trial 12/20
2026-09-27 12:36:29,776 [INFO] marco-o1:7b | prompt3.jinja | iteration 2 | trial 13/20
2026-09-27 12:36:39,189 [INFO] marco-o1:7b | prompt3.jinja | iteration 2 | trial 14/20
2026-09-27 12:36:48,410 [INFO] marco-o1:7b | prompt3.jinja | iteration 2 | trial 15/20
2026-09-27 12:38:12,614 [INFO] marco-o1:7b | prompt3.jinja | iteration 2 | trial 16/20
2026-09-27 12:48:12,637 [WARNING] marco-o1:7b | prompt3.jinja | iteration 2 | trial 16 failed: Timed out after 600s (saved failed_marco-o1:7b_1790512692614165971.json)
2026-09-27 12:48:12,638 [INFO] marco-o1:7b | prompt3.jinja | iteration 2 | trial 17/20
2026-09-27 12:48:27,092 [INFO] marco-o1:7b | prompt3.jinja | iteration 2 | trial 18/20
2026-09-27 12:58:27,097 [WARNING] marco-o1:7b | prompt3.jinja | iteration 2 | trial 18 failed: Timed out after 600s (saved failed_marco-o1:7b_1790513307092373194.json)
2026-09-27 12:58:27,098 [INFO] marco-o1:7b | prompt3.jinja | iteration 2 | trial 19/20
2026-09-27 13:08:27,125 [WARNING] marco-o1:7b | prompt3.jinja | iteration 2 | trial 19 failed: Timed out after 600s (saved failed_marco-o1:7b_1790513907098391439.json)
2026-09-27 13:08:27,126 [INFO] marco-o1:7b | prompt3.jinja | iteration 2 | trial 20/20
2026-09-27 13:08:45,353 [INFO] marco-o1:7b | prompt4.jinja | iteration 2 | trial 1/20
2026-09-27 13:18:45,375 [WARNING] marco-o1:7b | prompt4.jinja | iteration 2 | trial 1 failed: Timed out after 600s (saved failed_marco-o1:7b_1790514525353544881.json)
2026-09-27 13:18:45,376 [INFO] marco-o1:7b | prompt4.jinja | iteration 2 | trial 2/20
2026-09-27 13:19:05,433 [INFO] marco-o1:7b | prompt4.jinja | iteration 2 | trial 3/20
2026-09-27 13:29:05,447 [WARNING] marco-o1:7b | prompt4.jinja | iteration 2 | trial 3 failed: Timed out after 600s (saved failed_marco-o1:7b_1790515145433801818.json)
2026-09-27 13:29:05,448 [INFO] marco-o1:7b | prompt4.jinja | iteration 2 | trial 4/20
2026-09-27 13:29:12,958 [INFO] marco-o1:7b | prompt4.jinja | iteration 2 | trial 5/20
2026-09-27 13:39:12,962 [WARNING] marco-o1:7b | prompt4.jinja | iteration 2 | trial 5 failed: Timed out after 600s (saved failed_marco-o1:7b_1790515752958840306.json)
2026-09-27 13:39:12,963 [INFO] marco-o1:7b | prompt4.jinja | iteration 2 | trial 6/20
2026-09-27 13:49:12,975 [WARNING] marco-o1:7b | prompt4.jinja | iteration 2 | trial 6 failed: Timed out after 600s (saved failed_marco-o1:7b_1790516352963415031.json)
2026-09-27 13:49:12,976 [INFO] marco-o1:7b | prompt4.jinja | iteration 2 | trial 7/20
2026-09-27 13:59:12,999 [WARNING] marco-o1:7b | prompt4.jinja | iteration 2 | trial 7 failed: Timed out after 600s (saved failed_marco-o1:7b_1790516952977126642.json)
2026-09-27 13:59:12,999 [INFO] marco-o1:7b | prompt4.jinja | iteration 2 | trial 8/20
2026-09-27 14:00:56,712 [INFO] marco-o1:7b | prompt4.jinja | iteration 2 | trial 9/20
2026-09-27 14:10:56,739 [WARNING] marco-o1:7b | prompt4.jinja | iteration 2 | trial 9 failed: Timed out after 600s (saved failed_marco-o1:7b_1790517656712553002.json)
2026-09-27 14:10:56,740 [INFO] marco-o1:7b | prompt4.jinja | iteration 2 | trial 10/20
2026-09-27 14:11:04,440 [INFO] marco-o1:7b | prompt4.jinja | iteration 2 | trial 11/20
2026-09-27 14:21:04,452 [WARNING] marco-o1:7b | prompt4.jinja | iteration 2 | trial 11 failed: Timed out after 600s (saved failed_marco-o1:7b_1790518264440459172.json)
2026-09-27 14:21:04,452 [INFO] marco-o1:7b | prompt4.jinja | iteration 2 | trial 12/20
2026-09-27 14:21:18,344 [INFO] marco-o1:7b | prompt4.jinja | iteration 2 | trial 13/20
2026-09-27 14:21:30,146 [INFO] marco-o1:7b | prompt4.jinja | iteration 2 | trial 14/20
2026-09-27 14:21:37,557 [INFO] marco-o1:7b | prompt4.jinja | iteration 2 | trial 15/20
2026-09-27 14:21:45,487 [INFO] marco-o1:7b | prompt4.jinja | iteration 2 | trial 16/20
2026-09-27 14:22:11,928 [INFO] marco-o1:7b | prompt4.jinja | iteration 2 | trial 17/20
2026-09-27 14:22:21,721 [INFO] marco-o1:7b | prompt4.jinja | iteration 2 | trial 18/20
2026-09-27 14:22:26,885 [INFO] marco-o1:7b | prompt4.jinja | iteration 2 | trial 19/20
2026-09-27 14:22:35,159 [INFO] marco-o1:7b | prompt4.jinja | iteration 2 | trial 20/20
2026-09-27 14:32:35,163 [WARNING] marco-o1:7b | prompt4.jinja | iteration 2 | trial 20 failed: Timed out after 600s (saved failed_marco-o1:7b_1790518955160060540.json)
2026-09-27 14:32:35,164 [INFO] marco-o1:7b | prompt5.jinja | iteration 2 | trial 1/20
2026-09-27 14:42:35,174 [WARNING] marco-o1:7b | prompt5.jinja | iteration 2 | trial 1 failed: Timed out after 600s (saved failed_marco-o1:7b_1790519555164209334.json)
2026-09-27 14:42:35,175 [INFO] marco-o1:7b | prompt5.jinja | iteration 2 | trial 2/20
2026-09-27 14:52:35,179 [WARNING] marco-o1:7b | prompt5.jinja | iteration 2 | trial 2 failed: Timed out after 600s (saved failed_marco-o1:7b_1790520155175132963.json)
2026-09-27 14:52:35,180 [INFO] marco-o1:7b | prompt5.jinja | iteration 2 | trial 3/20
2026-09-27 14:59:03,413 [INFO] marco-o1:7b | prompt5.jinja | iteration 2 | trial 4/20
2026-09-27 14:59:34,699 [INFO] marco-o1:7b | prompt5.jinja | iteration 2 | trial 5/20
2026-09-27 15:09:34,722 [WARNING] marco-o1:7b | prompt5.jinja | iteration 2 | trial 5 failed: Timed out after 600s (saved failed_marco-o1:7b_1790521174699312565.json)
2026-09-27 15:09:34,723 [INFO] marco-o1:7b | prompt5.jinja | iteration 2 | trial 6/20
2026-09-27 15:19:34,740 [WARNING] marco-o1:7b | prompt5.jinja | iteration 2 | trial 6 failed: Timed out after 600s (saved failed_marco-o1:7b_1790521774723990998.json)
2026-09-27 15:19:34,741 [INFO] marco-o1:7b | prompt5.jinja | iteration 2 | trial 7/20
2026-09-27 15:29:34,747 [WARNING] marco-o1:7b | prompt5.jinja | iteration 2 | trial 7 failed: Timed out after 600s (saved failed_marco-o1:7b_1790522374742158859.json)
2026-09-27 15:29:34,747 [INFO] marco-o1:7b | prompt5.jinja | iteration 2 | trial 8/20
2026-09-27 15:39:34,761 [WARNING] marco-o1:7b | prompt5.jinja | iteration 2 | trial 8 failed: Timed out after 600s (saved failed_marco-o1:7b_1790522974747737071.json)
2026-09-27 15:39:34,763 [INFO] marco-o1:7b | prompt5.jinja | iteration 2 | trial 9/20
2026-09-27 15:49:34,776 [WARNING] marco-o1:7b | prompt5.jinja | iteration 2 | trial 9 failed: Timed out after 600s (saved failed_marco-o1:7b_1790523574763860055.json)
2026-09-27 15:49:34,777 [INFO] marco-o1:7b | prompt5.jinja | iteration 2 | trial 10/20
2026-09-27 15:59:34,797 [WARNING] marco-o1:7b | prompt5.jinja | iteration 2 | trial 10 failed: Timed out after 600s (saved failed_marco-o1:7b_1790524174777922055.json)
2026-09-27 15:59:34,798 [INFO] marco-o1:7b | prompt5.jinja | iteration 2 | trial 11/20
